opportunity_id,account_id,account_name,segment,industry,account_region,rep_id,rep_name,lead_source,stage,amount,created_date,close_date,fiscal_quarter,is_won,is_closed,sales_cycle_days,won_amount,lost_amount,open_pipeline_amount
O00001,A0255,Account 0255,SMB,Energy,East,R012,Devon Costa,Event,Closed Won,3700.0,2025-02-09,2025-03-27,2025-Q1,true,true,46,3700.0,0.0,0.0
O00002,A0179,Account 0179,SMB,Education,East,R002,Jordan Patel,Inbound,Closed Lost,11300.0,2025-02-18,2025-04-01,2025-Q2,false,true,42,0.0,11300.0,0.0
O00003,A0105,Account 0105,Mid-Market,Healthcare,Central,R004,Cameron Cohen,Inbound,Closed Lost,21800.0,2024-05-04,2024-06-19,2024-Q2,false,true,46,0.0,21800.0,0.0
O00004,A0203,Account 0203,SMB,Education,West,R015,Rowan Andersen,Outbound,Closed Lost,12500.0,2025-01-16,2025-03-14,2025-Q1,false,true,57,0.0,12500.0,0.0
O00005,A0266,Account 0266,SMB,Technology,East,R005,Morgan Okafor,Event,Closed Lost,6000.0,2024-01-23,2024-02-10,2024-Q1,false,true,18,0.0,6000.0,0.0
O00006,A0095,Account 0095,SMB,Education,Central,R012,Devon Costa,Referral,Closed Won,17100.0,2024-05-05,2024-05-21,2024-Q2,true,true,16,17100.0,0.0,0.0
O00007,A0444,Account 0444,SMB,Healthcare,East,R015,Rowan Andersen,Outbound,Closed Lost,8700.0,2025-05-23,2025-06-07,2025-Q2,false,true,15,0.0,8700.0,0.0
O00008,A0192,Account 0192,Mid-Market,Logistics,East,R007,Casey Rossi,Outbound,Closed Won,72800.0,2024-10-13,2025-01-23,2025-Q1,true,true,102,72800.0,0.0,0.0
O00009,A0252,Account 0252,SMB,Manufacturing,East,R024,Wren Park,Inbound,Closed Lost,9200.0,2024-10-29,2024-12-13,2024-Q4,false,true,45,0.0,9200.0,0.0
O00010,A0287,Account 0287,Mid-Market,Education,West,R013,Hayden Novak,Outbound,Closed Lost,30400.0,2024-05-20,2024-08-26,2024-Q3,false,true,98,0.0,30400.0,0.0
O00011,A0557,Account 0557,Enterprise,Retail,East,R017,Parker Schmidt,Outbound,Closed Lost,233500.0,2025-01-26,2025-07-26,2025-Q3,false,true,181,0.0,233500.0,0.0
O00012,A0580,Account 0580,Enterprise,Education,Central,R020,Elliot Mori,Inbound,Closed Lost,137500.0,2025-02-01,2025-07-10,2025-Q3,false,true,159,0.0,137500.0,0.0
O00013,A0288,Account 0288,Enterprise,Energy,East,R017,Parker Schmidt,Inbound,Closed Lost,194400.0,2025-04-28,2025-12-09,2025-Q4,false,true,225,0.0,194400.0,0.0
O00014,A0164,Account 0164,Mid-Market,Manufacturing,Central,R003,Riley Garcia,Referral,Closed Lost,34500.0,2024-09-10,2024-11-24,2024-Q4,false,true,75,0.0,34500.0,0.0
O00015,A0058,Account 0058,SMB,Healthcare,Central,R009,Drew Mbeki,Event,Closed Lost,8300.0,2025-08-12,2025-09-19,2025-Q3,false,true,38,0.0,8300.0,0.0
O00016,A0181,Account 0181,SMB,Logistics,East,R009,Drew Mbeki,Referral,Closed Lost,15100.0,2025-08-29,2025-10-02,2025-Q4,false,true,34,0.0,15100.0,0.0
O00017,A0029,Account 0029,SMB,Manufacturing,Central,R012,Devon Costa,Event,Closed Lost,5100.0,2025-08-04,2025-09-23,2025-Q3,false,true,50,0.0,5100.0,0.0
O00018,A0505,Account 0505,SMB,Education,West,R021,Marlowe Silva,Inbound,Closed Won,10400.0,2024-11-12,2024-12-07,2024-Q4,true,true,25,10400.0,0.0,0.0
O00019,A0225,Account 0225,Enterprise,Logistics,East,R017,Parker Schmidt,Partner,Prospecting,80200.0,2025-06-23,,2025-Q2,false,false,,0.0,0.0,80200.0
O00020,A0332,Account 0332,Enterprise,Retail,Central,R017,Parker Schmidt,Event,Closed Lost,267700.0,2024-01-23,2024-05-29,2024-Q2,false,true,127,0.0,267700.0,0.0
O00021,A0539,Account 0539,Enterprise,Healthcare,West,R020,Elliot Mori,Outbound,Closed Lost,305500.0,2024-03-15,2024-09-16,2024-Q3,false,true,185,0.0,305500.0,0.0
O00022,A0345,Account 0345,Enterprise,Education,West,R020,Elliot Mori,Outbound,Closed Lost,392300.0,2024-11-26,2025-03-30,2025-Q1,false,true,124,0.0,392300.0,0.0
O00023,A0499,Account 0499,Mid-Market,Manufacturing,East,R023,Tatum Adeyemi,Event,Closed Lost,61800.0,2024-11-20,2025-01-26,2025-Q1,false,true,67,0.0,61800.0,0.0
O00024,A0366,Account 0366,Mid-Market,Energy,East,R006,Taylor Larsson,Inbound,Closed Lost,68500.0,2025-11-12,2026-03-12,2026-Q1,false,true,120,0.0,68500.0,0.0
O00025,A0182,Account 0182,Enterprise,Technology,West,R017,Parker Schmidt,Inbound,Closed Lost,352200.0,2025-08-09,2026-02-15,2026-Q1,false,true,190,0.0,352200.0,0.0
O00026,A0326,Account 0326,Mid-Market,Education,Central,R019,Blake Fischer,Inbound,Closed Lost,24500.0,2024-08-14,2024-12-09,2024-Q4,false,true,117,0.0,24500.0,0.0
O00027,A0080,Account 0080,SMB,Energy,East,R009,Drew Mbeki,Inbound,Closed Lost,5500.0,2024-12-21,2025-01-24,2025-Q1,false,true,34,0.0,5500.0,0.0
O00028,A0344,Account 0344,Enterprise,Logistics,West,R020,Elliot Mori,Outbound,Closed Lost,147100.0,2024-01-12,2024-06-17,2024-Q2,false,true,157,0.0,147100.0,0.0
O00029,A0111,Account 0111,Mid-Market,Education,West,R001,Avery Nguyen,Inbound,Closed Lost,45200.0,2024-02-19,2024-05-23,2024-Q2,false,true,94,0.0,45200.0,0.0
O00030,A0424,Account 0424,SMB,Education,East,R018,Sawyer Walsh,Outbound,Closed Won,11200.0,2025-01-22,2025-02-27,2025-Q1,true,true,36,11200.0,0.0,0.0
O00031,A0592,Account 0592,SMB,Financial Services,East,R024,Wren Park,Inbound,Closed Lost,9800.0,2024-08-18,2024-09-11,2024-Q3,false,true,24,0.0,9800.0,0.0
O00032,A0021,Account 0021,SMB,Energy,West,R012,Devon Costa,Outbound,Closed Won,4100.0,2024-09-24,2024-10-14,2024-Q4,true,true,20,4100.0,0.0,0.0
O00033,A0077,Account 0077,Mid-Market,Healthcare,West,R016,Logan Reyes,Outbound,Closed Lost,54800.0,2024-04-05,2024-07-02,2024-Q3,false,true,88,0.0,54800.0,0.0
O00034,A0032,Account 0032,SMB,Retail,Central,R015,Rowan Andersen,Inbound,Closed Lost,12100.0,2025-10-31,2025-11-24,2025-Q4,false,true,24,0.0,12100.0,0.0
O00035,A0340,Account 0340,SMB,Energy,Central,R009,Drew Mbeki,Partner,Closed Lost,13500.0,2024-07-13,2024-08-22,2024-Q3,false,true,40,0.0,13500.0,0.0
O00036,A0272,Account 0272,Enterprise,Energy,West,R020,Elliot Mori,Outbound,Closed Lost,110700.0,2024-10-31,2025-03-30,2025-Q1,false,true,150,0.0,110700.0,0.0
O00037,A0503,Account 0503,SMB,Retail,West,R008,Quinn Kim,Event,Closed Won,3100.0,2024-02-25,2024-04-02,2024-Q2,true,true,37,3100.0,0.0,0.0
O00038,A0492,Account 0492,SMB,Education,Central,R009,Drew Mbeki,Referral,Closed Lost,6100.0,2024-04-09,2024-04-24,2024-Q2,false,true,15,0.0,6100.0,0.0
O00039,A0485,Account 0485,SMB,Retail,Central,R005,Morgan Okafor,Inbound,Closed Lost,10100.0,2024-11-11,2024-12-20,2024-Q4,false,true,39,0.0,10100.0,0.0
O00040,A0558,Account 0558,Mid-Market,Technology,East,R013,Hayden Novak,Outbound,Closed Lost,72900.0,2024-07-08,2024-10-08,2024-Q4,false,true,92,0.0,72900.0,0.0
O00041,A0270,Account 0270,Enterprise,Financial Services,East,R020,Elliot Mori,Inbound,Closed Lost,152400.0,2025-04-21,2025-09-25,2025-Q3,false,true,157,0.0,152400.0,0.0
O00042,A0100,Account 0100,Mid-Market,Retail,Central,R003,Riley Garcia,Inbound,Closed Lost,68100.0,2025-11-15,2026-02-12,2026-Q1,false,true,89,0.0,68100.0,0.0
O00043,A0063,Account 0063,SMB,Education,Central,R015,Rowan Andersen,Referral,Closed Lost,17500.0,2025-06-19,2025-07-29,2025-Q3,false,true,40,0.0,17500.0,0.0
O00044,A0587,Account 0587,SMB,Logistics,West,R009,Drew Mbeki,Partner,Closed Lost,4200.0,2025-05-02,2025-06-04,2025-Q2,false,true,33,0.0,4200.0,0.0
O00045,A0515,Account 0515,Enterprise,Energy,West,R017,Parker Schmidt,Referral,Closed Lost,135300.0,2024-05-03,2024-11-23,2024-Q4,false,true,204,0.0,135300.0,0.0
O00046,A0198,Account 0198,Enterprise,Financial Services,West,R017,Parker Schmidt,Inbound,Closed Lost,105100.0,2024-02-13,2024-08-29,2024-Q3,false,true,198,0.0,105100.0,0.0
O00047,A0152,Account 0152,SMB,Energy,West,R022,Shay Volkov,Inbound,Closed Lost,16700.0,2024-09-21,2024-10-25,2024-Q4,false,true,34,0.0,16700.0,0.0
O00048,A0398,Account 0398,SMB,Education,Central,R021,Marlowe Silva,Outbound,Closed Won,7900.0,2025-02-10,2025-03-31,2025-Q1,true,true,49,7900.0,0.0,0.0
O00049,A0013,Account 0013,SMB,Manufacturing,East,R022,Shay Volkov,Inbound,Closed Won,14700.0,2025-08-24,2025-10-10,2025-Q4,true,true,47,14700.0,0.0,0.0
O00050,A0581,Account 0581,SMB,Healthcare,West,R022,Shay Volkov,Inbound,Closed Lost,16900.0,2025-08-19,2025-09-08,2025-Q3,false,true,20,0.0,16900.0,0.0
O00051,A0293,Account 0293,Mid-Market,Retail,East,R016,Logan Reyes,Outbound,Closed Lost,34400.0,2024-12-18,2025-03-25,2025-Q1,false,true,97,0.0,34400.0,0.0
O00052,A0485,Account 0485,SMB,Retail,Central,R002,Jordan Patel,Partner,Closed Lost,9000.0,2024-06-25,2024-07-26,2024-Q3,false,true,31,0.0,9000.0,0.0
O00053,A0412,Account 0412,Enterprise,Logistics,East,R017,Parker Schmidt,Outbound,Closed Won,301000.0,2025-02-09,2025-08-02,2025-Q3,true,true,174,301000.0,0.0,0.0
O00054,A0276,Account 0276,Mid-Market,Healthcare,Central,R010,Reese Dubois,Inbound,Closed Lost,68700.0,2024-01-21,2024-04-18,2024-Q2,false,true,88,0.0,68700.0,0.0
O00055,A0504,Account 0504,Mid-Market,Financial Services,East,R023,Tatum Adeyemi,Outbound,Closed Lost,26300.0,2024-04-10,2024-06-23,2024-Q2,false,true,74,0.0,26300.0,0.0
O00056,A0329,Account 0329,Enterprise,Financial Services,Central,R020,Elliot Mori,Event,Closed Lost,140100.0,2025-03-02,2025-06-22,2025-Q2,false,true,112,0.0,140100.0,0.0
O00057,A0497,Account 0497,SMB,Energy,East,R021,Marlowe Silva,Inbound,Closed Won,10700.0,2025-01-17,2025-02-03,2025-Q1,true,true,17,10700.0,0.0,0.0
O00058,A0519,Account 0519,SMB,Manufacturing,Central,R015,Rowan Andersen,Inbound,Closed Won,16200.0,2024-05-18,2024-07-04,2024-Q3,true,true,47,16200.0,0.0,0.0
O00059,A0206,Account 0206,Mid-Market,Retail,West,R001,Avery Nguyen,Partner,Closed Lost,46300.0,2024-09-12,2024-10-31,2024-Q4,false,true,49,0.0,46300.0,0.0
O00060,A0281,Account 0281,SMB,Technology,West,R012,Devon Costa,Partner,Closed Lost,9000.0,2025-04-20,2025-06-05,2025-Q2,false,true,46,0.0,9000.0,0.0
O00061,A0248,Account 0248,Mid-Market,Financial Services,Central,R010,Reese Dubois,Outbound,Closed Lost,29000.0,2025-05-15,2025-08-25,2025-Q3,false,true,102,0.0,29000.0,0.0
O00062,A0359,Account 0359,SMB,Technology,Central,R012,Devon Costa,Inbound,Closed Lost,14200.0,2024-06-16,2024-07-16,2024-Q3,false,true,30,0.0,14200.0,0.0
O00063,A0396,Account 0396,Enterprise,Technology,East,R017,Parker Schmidt,Inbound,Closed Lost,329500.0,2024-06-15,2025-02-06,2025-Q1,false,true,236,0.0,329500.0,0.0
O00064,A0231,Account 0231,Enterprise,Education,West,R017,Parker Schmidt,Referral,Closed Lost,244200.0,2024-10-02,2025-04-14,2025-Q2,false,true,194,0.0,244200.0,0.0
O00065,A0010,Account 0010,SMB,Healthcare,East,R018,Sawyer Walsh,Inbound,Closed Lost,5600.0,2024-05-15,2024-07-09,2024-Q3,false,true,55,0.0,5600.0,0.0
O00066,A0313,Account 0313,SMB,Manufacturing,West,R024,Wren Park,Outbound,Closed Lost,16400.0,2024-10-08,2024-11-18,2024-Q4,false,true,41,0.0,16400.0,0.0
O00067,A0224,Account 0224,Mid-Market,Education,East,R014,Emerson Ibrahim,Inbound,Closed Lost,69100.0,2024-11-05,2025-02-24,2025-Q1,false,true,111,0.0,69100.0,0.0
O00068,A0524,Account 0524,Enterprise,Financial Services,Central,R020,Elliot Mori,Partner,Negotiation,175500.0,2025-07-28,,2025-Q3,false,false,,0.0,0.0,175500.0
O00069,A0284,Account 0284,Mid-Market,Financial Services,West,R007,Casey Rossi,Event,Prospecting,29700.0,2025-11-02,,2025-Q4,false,false,,0.0,0.0,29700.0
O00070,A0414,Account 0414,SMB,Logistics,West,R024,Wren Park,Outbound,Closed Won,5100.0,2024-11-23,2025-01-19,2025-Q1,true,true,57,5100.0,0.0,0.0
O00071,A0303,Account 0303,SMB,Energy,Central,R011,Sky Haddad,Partner,Closed Won,8800.0,2025-03-04,2025-04-12,2025-Q2,true,true,39,8800.0,0.0,0.0
O00072,A0586,Account 0586,Enterprise,Retail,East,R017,Parker Schmidt,Outbound,Closed Lost,299600.0,2024-12-17,2025-05-12,2025-Q2,false,true,146,0.0,299600.0,0.0
O00073,A0368,Account 0368,SMB,Education,West,R021,Marlowe Silva,Inbound,Closed Lost,15600.0,2024-11-03,2024-11-27,2024-Q4,false,true,24,0.0,15600.0,0.0
O00074,A0100,Account 0100,Mid-Market,Retail,Central,R014,Emerson Ibrahim,Referral,Closed Lost,63000.0,2024-05-11,2024-07-28,2024-Q3,false,true,78,0.0,63000.0,0.0
O00075,A0344,Account 0344,Enterprise,Logistics,West,R017,Parker Schmidt,Outbound,Closed Lost,151500.0,2024-08-15,2025-02-11,2025-Q1,false,true,180,0.0,151500.0,0.0
O00076,A0340,Account 0340,SMB,Energy,Central,R012,Devon Costa,Outbound,Closed Lost,7400.0,2024-09-23,2024-11-13,2024-Q4,false,true,51,0.0,7400.0,0.0
O00077,A0598,Account 0598,SMB,Education,West,R022,Shay Volkov,Inbound,Closed Won,10100.0,2025-09-27,2025-10-15,2025-Q4,true,true,18,10100.0,0.0,0.0
O00078,A0391,Account 0391,Mid-Market,Manufacturing,West,R016,Logan Reyes,Inbound,Closed Lost,21400.0,2024-11-01,2025-02-06,2025-Q1,false,true,97,0.0,21400.0,0.0
O00079,A0206,Account 0206,Mid-Market,Retail,West,R010,Reese Dubois,Inbound,Closed Lost,73400.0,2025-02-23,2025-06-20,2025-Q2,false,true,117,0.0,73400.0,0.0
O00080,A0185,Account 0185,SMB,Technology,East,R005,Morgan Okafor,Partner,Closed Won,12500.0,2025-05-14,2025-06-18,2025-Q2,true,true,35,12500.0,0.0,0.0
O00081,A0005,Account 0005,Enterprise,Energy,West,R020,Elliot Mori,Event,Closed Won,323600.0,2024-10-07,2025-02-27,2025-Q1,true,true,143,323600.0,0.0,0.0
O00082,A0502,Account 0502,SMB,Retail,Central,R005,Morgan Okafor,Outbound,Closed Lost,9500.0,2024-05-12,2024-07-04,2024-Q3,false,true,53,0.0,9500.0,0.0
O00083,A0489,Account 0489,SMB,Logistics,East,R015,Rowan Andersen,Referral,Closed Lost,11000.0,2024-01-05,2024-01-21,2024-Q1,false,true,16,0.0,11000.0,0.0
O00084,A0330,Account 0330,SMB,Manufacturing,West,R021,Marlowe Silva,Inbound,Closed Lost,13200.0,2024-07-14,2024-07-29,2024-Q3,false,true,15,0.0,13200.0,0.0
O00085,A0353,Account 0353,Mid-Market,Financial Services,West,R007,Casey Rossi,Inbound,Closed Lost,41800.0,2024-05-12,2024-07-09,2024-Q3,false,true,58,0.0,41800.0,0.0
O00086,A0047,Account 0047,SMB,Retail,East,R011,Sky Haddad,Inbound,Closed Lost,13900.0,2024-10-24,2024-12-06,2024-Q4,false,true,43,0.0,13900.0,0.0
O00087,A0138,Account 0138,Mid-Market,Technology,Central,R010,Reese Dubois,Referral,Closed Won,64500.0,2025-05-16,2025-08-14,2025-Q3,true,true,90,64500.0,0.0,0.0
O00088,A0414,Account 0414,SMB,Logistics,West,R002,Jordan Patel,Partner,Closed Won,13900.0,2024-08-21,2024-09-18,2024-Q3,true,true,28,13900.0,0.0,0.0
O00089,A0517,Account 0517,Mid-Market,Energy,Central,R004,Cameron Cohen,Outbound,Closed Lost,62100.0,2024-05-06,2024-08-05,2024-Q3,false,true,91,0.0,62100.0,0.0
O00090,A0262,Account 0262,SMB,Retail,East,R021,Marlowe Silva,Inbound,Closed Won,11900.0,2025-09-30,2025-10-17,2025-Q4,true,true,17,11900.0,0.0,0.0
O00091,A0021,Account 0021,SMB,Energy,West,R002,Jordan Patel,Inbound,Closed Won,9700.0,2024-04-28,2024-06-07,2024-Q2,true,true,40,9700.0,0.0,0.0
O00092,A0157,Account 0157,SMB,Retail,East,R009,Drew Mbeki,Partner,Closed Lost,7500.0,2025-10-07,2025-10-21,2025-Q4,false,true,14,0.0,7500.0,0.0
O00093,A0277,Account 0277,SMB,Energy,East,R022,Shay Volkov,Inbound,Closed Lost,5100.0,2025-09-12,2025-11-09,2025-Q4,false,true,58,0.0,5100.0,0.0
O00094,A0121,Account 0121,SMB,Technology,West,R011,Sky Haddad,Event,Closed Lost,10500.0,2024-04-26,2024-05-16,2024-Q2,false,true,20,0.0,10500.0,0.0
O00095,A0536,Account 0536,Mid-Market,Financial Services,East,R006,Taylor Larsson,Outbound,Closed Won,36300.0,2025-01-01,2025-04-08,2025-Q2,true,true,97,36300.0,0.0,0.0
O00096,A0213,Account 0213,SMB,Technology,Central,R018,Sawyer Walsh,Referral,Closed Lost,3000.0,2024-12-04,2025-01-02,2025-Q1,false,true,29,0.0,3000.0,0.0
O00097,A0588,Account 0588,Mid-Market,Healthcare,Central,R023,Tatum Adeyemi,Inbound,Closed Lost,76900.0,2025-05-20,2025-07-23,2025-Q3,false,true,64,0.0,76900.0,0.0
O00098,A0104,Account 0104,SMB,Technology,East,R011,Sky Haddad,Inbound,Closed Lost,9900.0,2025-10-21,2025-11-18,2025-Q4,false,true,28,0.0,9900.0,0.0
O00099,A0052,Account 0052,SMB,Education,East,R005,Morgan Okafor,Partner,Closed Lost,15800.0,2024-06-27,2024-07-13,2024-Q3,false,true,16,0.0,15800.0,0.0
O00100,A0437,Account 0437,Enterprise,Energy,West,R017,Parker Schmidt,Partner,Closed Won,83100.0,2024-04-07,2024-07-17,2024-Q3,true,true,101,83100.0,0.0,0.0
O00101,A0337,Account 0337,SMB,Healthcare,Central,R012,Devon Costa,Outbound,Closed Lost,7000.0,2025-03-24,2025-05-16,2025-Q2,false,true,53,0.0,7000.0,0.0
O00102,A0351,Account 0351,Mid-Market,Retail,Central,R004,Cameron Cohen,Event,Closed Lost,42800.0,2024-04-26,2024-07-31,2024-Q3,false,true,96,0.0,42800.0,0.0
O00103,A0490,Account 0490,Mid-Market,Financial Services,West,R013,Hayden Novak,Inbound,Negotiation,25000.0,2025-10-26,,2025-Q4,false,false,,0.0,0.0,25000.0
O00104,A0427,Account 0427,SMB,Energy,West,R022,Shay Volkov,Outbound,Closed Won,13200.0,2025-05-09,2025-06-28,2025-Q2,true,true,50,13200.0,0.0,0.0
O00105,A0368,Account 0368,SMB,Education,West,R022,Shay Volkov,Event,Closed Lost,16200.0,2024-01-30,2024-03-27,2024-Q1,false,true,57,0.0,16200.0,0.0
O00106,A0495,Account 0495,SMB,Financial Services,West,R018,Sawyer Walsh,Partner,Closed Won,9600.0,2024-04-25,2024-06-04,2024-Q2,true,true,40,9600.0,0.0,0.0
O00107,A0013,Account 0013,SMB,Manufacturing,East,R024,Wren Park,Referral,Closed Won,13900.0,2025-06-21,2025-08-10,2025-Q3,true,true,50,13900.0,0.0,0.0
O00108,A0347,Account 0347,SMB,Retail,West,R021,Marlowe Silva,Partner,Closed Won,13500.0,2025-06-19,2025-08-16,2025-Q3,true,true,58,13500.0,0.0,0.0
O00109,A0255,Account 0255,SMB,Energy,East,R018,Sawyer Walsh,Event,Closed Lost,13100.0,2024-12-20,2025-02-14,2025-Q1,false,true,56,0.0,13100.0,0.0
O00110,A0572,Account 0572,SMB,Education,West,R022,Shay Volkov,Event,Closed Won,12700.0,2024-02-25,2024-03-10,2024-Q1,true,true,14,12700.0,0.0,0.0
O00111,A0508,Account 0508,Mid-Market,Manufacturing,East,R004,Cameron Cohen,Inbound,Closed Lost,37900.0,2024-03-17,2024-07-02,2024-Q3,false,true,107,0.0,37900.0,0.0
O00112,A0520,Account 0520,SMB,Financial Services,East,R009,Drew Mbeki,Inbound,Closed Lost,8700.0,2025-07-17,2025-09-10,2025-Q3,false,true,55,0.0,8700.0,0.0
O00113,A0455,Account 0455,Mid-Market,Manufacturing,West,R019,Blake Fischer,Inbound,Closed Lost,71100.0,2025-04-03,2025-05-29,2025-Q2,false,true,56,0.0,71100.0,0.0
O00114,A0510,Account 0510,SMB,Financial Services,West,R024,Wren Park,Outbound,Closed Won,9100.0,2024-01-19,2024-02-08,2024-Q1,true,true,20,9100.0,0.0,0.0
O00115,A0094,Account 0094,Enterprise,Manufacturing,West,R020,Elliot Mori,Outbound,Closed Lost,146200.0,2025-06-04,2026-01-23,2026-Q1,false,true,233,0.0,146200.0,0.0
O00116,A0056,Account 0056,Enterprise,Healthcare,West,R017,Parker Schmidt,Outbound,Closed Lost,259200.0,2025-04-10,2025-10-01,2025-Q4,false,true,174,0.0,259200.0,0.0
O00117,A0373,Account 0373,SMB,Logistics,Central,R018,Sawyer Walsh,Outbound,Closed Won,14400.0,2024-04-26,2024-05-16,2024-Q2,true,true,20,14400.0,0.0,0.0
O00118,A0299,Account 0299,SMB,Education,East,R021,Marlowe Silva,Inbound,Closed Won,13500.0,2025-06-18,2025-07-25,2025-Q3,true,true,37,13500.0,0.0,0.0
O00119,A0144,Account 0144,Enterprise,Manufacturing,East,R020,Elliot Mori,Referral,Closed Won,275500.0,2024-04-19,2024-09-21,2024-Q3,true,true,155,275500.0,0.0,0.0
O00120,A0403,Account 0403,SMB,Retail,East,R009,Drew Mbeki,Outbound,Closed Won,13800.0,2025-04-13,2025-05-09,2025-Q2,true,true,26,13800.0,0.0,0.0
O00121,A0127,Account 0127,SMB,Healthcare,West,R018,Sawyer Walsh,Referral,Closed Lost,11800.0,2025-04-13,2025-06-08,2025-Q2,false,true,56,0.0,11800.0,0.0
O00122,A0005,Account 0005,Enterprise,Energy,West,R017,Parker Schmidt,Referral,Closed Lost,348400.0,2025-07-20,2026-02-05,2026-Q1,false,true,200,0.0,348400.0,0.0
O00123,A0182,Account 0182,Enterprise,Technology,West,R017,Parker Schmidt,Event,Closed Lost,204000.0,2024-05-11,2024-09-04,2024-Q3,false,true,116,0.0,204000.0,0.0
O00124,A0517,Account 0517,Mid-Market,Energy,Central,R013,Hayden Novak,Referral,Closed Lost,35000.0,2025-03-04,2025-05-19,2025-Q2,false,true,76,0.0,35000.0,0.0
O00125,A0464,Account 0464,Enterprise,Education,West,R017,Parker Schmidt,Outbound,Closed Lost,272800.0,2024-05-21,2024-12-02,2024-Q4,false,true,195,0.0,272800.0,0.0
O00126,A0561,Account 0561,Enterprise,Logistics,Central,R020,Elliot Mori,Inbound,Closed Lost,144300.0,2025-07-20,2025-12-12,2025-Q4,false,true,145,0.0,144300.0,0.0
O00127,A0354,Account 0354,Mid-Market,Education,East,R023,Tatum Adeyemi,Inbound,Closed Lost,49200.0,2024-05-15,2024-07-21,2024-Q3,false,true,67,0.0,49200.0,0.0
O00128,A0119,Account 0119,SMB,Retail,Central,R012,Devon Costa,Partner,Closed Lost,11700.0,2025-07-29,2025-09-11,2025-Q3,false,true,44,0.0,11700.0,0.0
O00129,A0547,Account 0547,Mid-Market,Logistics,East,R007,Casey Rossi,Inbound,Closed Won,50400.0,2025-03-08,2025-04-23,2025-Q2,true,true,46,50400.0,0.0,0.0
O00130,A0058,Account 0058,SMB,Healthcare,Central,R009,Drew Mbeki,Inbound,Closed Lost,17800.0,2024-09-30,2024-10-24,2024-Q4,false,true,24,0.0,17800.0,0.0
O00131,A0064,Account 0064,SMB,Retail,Central,R011,Sky Haddad,Inbound,Closed Lost,3500.0,2024-07-27,2024-09-13,2024-Q3,false,true,48,0.0,3500.0,0.0
O00132,A0576,Account 0576,Enterprise,Financial Services,West,R017,Parker Schmidt,Partner,Closed Lost,204400.0,2025-10-24,2026-06-14,2026-Q2,false,true,233,0.0,204400.0,0.0
O00133,A0049,Account 0049,SMB,Logistics,Central,R015,Rowan Andersen,Inbound,Closed Lost,17400.0,2025-01-31,2025-03-12,2025-Q1,false,true,40,0.0,17400.0,0.0
O00134,A0566,Account 0566,SMB,Retail,West,R002,Jordan Patel,Event,Closed Lost,6000.0,2024-01-14,2024-02-13,2024-Q1,false,true,30,0.0,6000.0,0.0
O00135,A0454,Account 0454,SMB,Logistics,Central,R009,Drew Mbeki,Outbound,Closed Lost,13600.0,2025-10-10,2025-12-08,2025-Q4,false,true,59,0.0,13600.0,0.0
O00136,A0202,Account 0202,SMB,Retail,Central,R009,Drew Mbeki,Inbound,Closed Lost,5700.0,2024-10-28,2024-12-09,2024-Q4,false,true,42,0.0,5700.0,0.0
O00137,A0178,Account 0178,Enterprise,Energy,Central,R017,Parker Schmidt,Inbound,Closed Lost,217100.0,2025-01-21,2025-05-01,2025-Q2,false,true,100,0.0,217100.0,0.0
O00138,A0599,Account 0599,SMB,Financial Services,West,R011,Sky Haddad,Inbound,Closed Lost,10000.0,2024-01-06,2024-02-10,2024-Q1,false,true,35,0.0,10000.0,0.0
O00139,A0331,Account 0331,Mid-Market,Manufacturing,Central,R019,Blake Fischer,Outbound,Closed Lost,48400.0,2024-02-22,2024-05-15,2024-Q2,false,true,83,0.0,48400.0,0.0
O00140,A0326,Account 0326,Mid-Market,Education,Central,R016,Logan Reyes,Inbound,Closed Lost,50300.0,2024-08-13,2024-10-20,2024-Q4,false,true,68,0.0,50300.0,0.0
O00141,A0557,Account 0557,Enterprise,Retail,East,R020,Elliot Mori,Inbound,Closed Lost,150800.0,2024-04-04,2024-09-30,2024-Q3,false,true,179,0.0,150800.0,0.0
O00142,A0370,Account 0370,SMB,Technology,West,R011,Sky Haddad,Event,Closed Lost,11000.0,2024-08-11,2024-10-03,2024-Q4,false,true,53,0.0,11000.0,0.0
O00143,A0010,Account 0010,SMB,Healthcare,East,R005,Morgan Okafor,Partner,Closed Lost,9700.0,2025-11-15,2025-12-21,2025-Q4,false,true,36,0.0,9700.0,0.0
O00144,A0041,Account 0041,SMB,Education,West,R024,Wren Park,Outbound,Closed Lost,16700.0,2024-11-24,2025-01-01,2025-Q1,false,true,38,0.0,16700.0,0.0
O00145,A0554,Account 0554,Mid-Market,Logistics,Central,R007,Casey Rossi,Event,Closed Lost,69000.0,2024-01-26,2024-05-16,2024-Q2,false,true,111,0.0,69000.0,0.0
O00146,A0457,Account 0457,SMB,Energy,Central,R018,Sawyer Walsh,Outbound,Closed Won,16500.0,2024-02-14,2024-03-17,2024-Q1,true,true,32,16500.0,0.0,0.0
O00147,A0099,Account 0099,Mid-Market,Retail,West,R004,Cameron Cohen,Partner,Closed Won,18500.0,2025-07-04,2025-10-25,2025-Q4,true,true,113,18500.0,0.0,0.0
O00148,A0219,Account 0219,Mid-Market,Retail,Central,R023,Tatum Adeyemi,Event,Closed Lost,30700.0,2025-03-10,2025-05-07,2025-Q2,false,true,58,0.0,30700.0,0.0
O00149,A0446,Account 0446,SMB,Manufacturing,West,R024,Wren Park,Inbound,Closed Lost,5300.0,2024-03-14,2024-05-10,2024-Q2,false,true,57,0.0,5300.0,0.0
O00150,A0090,Account 0090,Mid-Market,Retail,Central,R003,Riley Garcia,Outbound,Closed Lost,67200.0,2024-02-25,2024-05-02,2024-Q2,false,true,67,0.0,67200.0,0.0
O00151,A0234,Account 0234,SMB,Education,West,R011,Sky Haddad,Inbound,Closed Lost,9800.0,2025-02-21,2025-03-31,2025-Q1,false,true,38,0.0,9800.0,0.0
O00152,A0399,Account 0399,Mid-Market,Retail,West,R023,Tatum Adeyemi,Inbound,Closed Lost,18400.0,2024-05-01,2024-08-22,2024-Q3,false,true,113,0.0,18400.0,0.0
O00153,A0600,Account 0600,SMB,Healthcare,West,R002,Jordan Patel,Event,Closed Won,16900.0,2024-03-15,2024-04-20,2024-Q2,true,true,36,16900.0,0.0,0.0
O00154,A0309,Account 0309,SMB,Technology,Central,R022,Shay Volkov,Outbound,Closed Lost,14500.0,2024-03-29,2024-04-30,2024-Q2,false,true,32,0.0,14500.0,0.0
O00155,A0032,Account 0032,SMB,Retail,Central,R018,Sawyer Walsh,Event,Closed Lost,6300.0,2024-06-09,2024-07-27,2024-Q3,false,true,48,0.0,6300.0,0.0
O00156,A0559,Account 0559,SMB,Financial Services,West,R011,Sky Haddad,Referral,Closed Lost,7500.0,2025-10-11,2025-11-03,2025-Q4,false,true,23,0.0,7500.0,0.0
O00157,A0383,Account 0383,Enterprise,Healthcare,Central,R017,Parker Schmidt,Outbound,Closed Won,125200.0,2025-07-20,2026-03-09,2026-Q1,true,true,232,125200.0,0.0,0.0
O00158,A0561,Account 0561,Enterprise,Logistics,Central,R017,Parker Schmidt,Outbound,Closed Lost,319500.0,2024-11-08,2025-03-31,2025-Q1,false,true,143,0.0,319500.0,0.0
O00159,A0423,Account 0423,Enterprise,Manufacturing,East,R017,Parker Schmidt,Inbound,Closed Lost,150700.0,2024-06-13,2024-10-28,2024-Q4,false,true,137,0.0,150700.0,0.0
O00160,A0186,Account 0186,Mid-Market,Manufacturing,East,R023,Tatum Adeyemi,Referral,Closed Lost,70800.0,2025-08-03,2025-09-23,2025-Q3,false,true,51,0.0,70800.0,0.0
O00161,A0473,Account 0473,SMB,Financial Services,East,R024,Wren Park,Inbound,Closed Won,7400.0,2025-07-16,2025-08-03,2025-Q3,true,true,18,7400.0,0.0,0.0
O00162,A0595,Account 0595,Enterprise,Logistics,East,R020,Elliot Mori,Inbound,Closed Lost,121000.0,2024-12-04,2025-06-03,2025-Q2,false,true,181,0.0,121000.0,0.0
O00163,A0072,Account 0072,SMB,Energy,East,R009,Drew Mbeki,Inbound,Closed Lost,9800.0,2024-11-21,2025-01-05,2025-Q1,false,true,45,0.0,9800.0,0.0
O00164,A0599,Account 0599,SMB,Financial Services,West,R008,Quinn Kim,Outbound,Closed Won,8500.0,2025-08-02,2025-09-21,2025-Q3,true,true,50,8500.0,0.0,0.0
O00165,A0005,Account 0005,Enterprise,Energy,West,R020,Elliot Mori,Inbound,Closed Lost,307900.0,2024-09-09,2025-02-02,2025-Q1,false,true,146,0.0,307900.0,0.0
O00166,A0369,Account 0369,SMB,Technology,East,R008,Quinn Kim,Outbound,Proposal,8000.0,2025-11-26,,2025-Q4,false,false,,0.0,0.0,8000.0
O00167,A0112,Account 0112,SMB,Retail,Central,R008,Quinn Kim,Event,Closed Won,4200.0,2025-10-23,2025-12-14,2025-Q4,true,true,52,4200.0,0.0,0.0
O00168,A0552,Account 0552,Mid-Market,Manufacturing,Central,R006,Taylor Larsson,Event,Closed Lost,63100.0,2024-09-26,2024-11-19,2024-Q4,false,true,54,0.0,63100.0,0.0
O00169,A0032,Account 0032,SMB,Retail,Central,R022,Shay Volkov,Inbound,Closed Won,14500.0,2025-08-15,2025-09-23,2025-Q3,true,true,39,14500.0,0.0,0.0
O00170,A0267,Account 0267,SMB,Manufacturing,Central,R021,Marlowe Silva,Outbound,Closed Won,12800.0,2025-07-06,2025-08-19,2025-Q3,true,true,44,12800.0,0.0,0.0
O00171,A0298,Account 0298,SMB,Financial Services,East,R008,Quinn Kim,Outbound,Closed Lost,10700.0,2025-04-20,2025-06-05,2025-Q2,false,true,46,0.0,10700.0,0.0
O00172,A0245,Account 0245,Mid-Market,Logistics,Central,R019,Blake Fischer,Outbound,Qualification,64900.0,2025-12-01,,2025-Q4,false,false,,0.0,0.0,64900.0
O00173,A0150,Account 0150,SMB,Education,East,R018,Sawyer Walsh,Inbound,Closed Lost,6300.0,2025-01-02,2025-01-18,2025-Q1,false,true,16,0.0,6300.0,0.0
O00174,A0379,Account 0379,SMB,Manufacturing,West,R009,Drew Mbeki,Outbound,Closed Lost,6100.0,2024-02-13,2024-04-09,2024-Q2,false,true,56,0.0,6100.0,0.0
O00175,A0481,Account 0481,SMB,Education,West,R018,Sawyer Walsh,Partner,Closed Lost,17700.0,2024-02-17,2024-03-04,2024-Q1,false,true,16,0.0,17700.0,0.0
O00176,A0534,Account 0534,Mid-Market,Education,Central,R023,Tatum Adeyemi,Outbound,Closed Lost,53900.0,2024-10-07,2024-12-24,2024-Q4,false,true,78,0.0,53900.0,0.0
O00177,A0388,Account 0388,SMB,Manufacturing,West,R012,Devon Costa,Inbound,Closed Won,16500.0,2025-08-24,2025-10-18,2025-Q4,true,true,55,16500.0,0.0,0.0
O00178,A0229,Account 0229,Mid-Market,Healthcare,East,R016,Logan Reyes,Event,Closed Lost,68700.0,2025-02-19,2025-05-20,2025-Q2,false,true,90,0.0,68700.0,0.0
O00179,A0007,Account 0007,SMB,Retail,West,R021,Marlowe Silva,Partner,Closed Won,5500.0,2024-05-22,2024-07-03,2024-Q3,true,true,42,5500.0,0.0,0.0
O00180,A0217,Account 0217,SMB,Education,Central,R008,Quinn Kim,Inbound,Closed Lost,8400.0,2024-07-10,2024-08-03,2024-Q3,false,true,24,0.0,8400.0,0.0
O00181,A0236,Account 0236,SMB,Financial Services,Central,R015,Rowan Andersen,Outbound,Closed Lost,4700.0,2024-12-04,2025-02-02,2025-Q1,false,true,60,0.0,4700.0,0.0
O00182,A0166,Account 0166,Enterprise,Healthcare,East,R020,Elliot Mori,Inbound,Closed Lost,93800.0,2024-01-23,2024-06-23,2024-Q2,false,true,152,0.0,93800.0,0.0
O00183,A0525,Account 0525,SMB,Education,East,R002,Jordan Patel,Inbound,Closed Won,3800.0,2025-08-09,2025-09-01,2025-Q3,true,true,23,3800.0,0.0,0.0
O00184,A0416,Account 0416,SMB,Healthcare,West,R022,Shay Volkov,Partner,Closed Lost,3300.0,2025-07-31,2025-09-23,2025-Q3,false,true,54,0.0,3300.0,0.0
O00185,A0291,Account 0291,SMB,Retail,Central,R005,Morgan Okafor,Outbound,Closed Lost,12100.0,2024-08-09,2024-09-20,2024-Q3,false,true,42,0.0,12100.0,0.0
O00186,A0225,Account 0225,Enterprise,Logistics,East,R020,Elliot Mori,Inbound,Proposal,334300.0,2025-09-07,,2025-Q3,false,false,,0.0,0.0,334300.0
O00187,A0351,Account 0351,Mid-Market,Retail,Central,R014,Emerson Ibrahim,Outbound,Prospecting,22300.0,2025-09-02,,2025-Q3,false,false,,0.0,0.0,22300.0
O00188,A0517,Account 0517,Mid-Market,Energy,Central,R023,Tatum Adeyemi,Referral,Closed Won,55500.0,2025-03-05,2025-05-08,2025-Q2,true,true,64,55500.0,0.0,0.0
O00189,A0040,Account 0040,SMB,Technology,Central,R021,Marlowe Silva,Referral,Closed Lost,4400.0,2025-05-30,2025-06-20,2025-Q2,false,true,21,0.0,4400.0,0.0
O00190,A0553,Account 0553,Enterprise,Financial Services,West,R017,Parker Schmidt,Inbound,Qualification,247100.0,2025-11-25,,2025-Q4,false,false,,0.0,0.0,247100.0
O00191,A0494,Account 0494,Mid-Market,Manufacturing,Central,R013,Hayden Novak,Event,Closed Lost,67900.0,2024-12-24,2025-04-23,2025-Q2,false,true,120,0.0,67900.0,0.0
O00192,A0590,Account 0590,SMB,Healthcare,West,R005,Morgan Okafor,Referral,Closed Lost,6800.0,2025-03-11,2025-04-02,2025-Q2,false,true,22,0.0,6800.0,0.0
O00193,A0086,Account 0086,SMB,Logistics,Central,R011,Sky Haddad,Partner,Closed Won,9100.0,2025-09-04,2025-10-22,2025-Q4,true,true,48,9100.0,0.0,0.0
O00194,A0008,Account 0008,Mid-Market,Financial Services,West,R019,Blake Fischer,Inbound,Closed Lost,50200.0,2025-06-19,2025-08-18,2025-Q3,false,true,60,0.0,50200.0,0.0
O00195,A0324,Account 0324,Enterprise,Manufacturing,Central,R020,Elliot Mori,Inbound,Closed Lost,129500.0,2025-01-05,2025-05-02,2025-Q2,false,true,117,0.0,129500.0,0.0
O00196,A0549,Account 0549,SMB,Technology,West,R015,Rowan Andersen,Outbound,Closed Lost,12200.0,2025-08-01,2025-09-07,2025-Q3,false,true,37,0.0,12200.0,0.0
O00197,A0209,Account 0209,SMB,Healthcare,West,R015,Rowan Andersen,Outbound,Closed Lost,10200.0,2025-07-19,2025-09-06,2025-Q3,false,true,49,0.0,10200.0,0.0
O00198,A0260,Account 0260,SMB,Energy,East,R011,Sky Haddad,Inbound,Closed Lost,14600.0,2025-08-14,2025-09-19,2025-Q3,false,true,36,0.0,14600.0,0.0
O00199,A0122,Account 0122,SMB,Technology,West,R009,Drew Mbeki,Outbound,Closed Won,17200.0,2025-04-02,2025-05-30,2025-Q2,true,true,58,17200.0,0.0,0.0
O00200,A0347,Account 0347,SMB,Retail,West,R021,Marlowe Silva,Outbound,Closed Won,13300.0,2025-09-20,2025-11-17,2025-Q4,true,true,58,13300.0,0.0,0.0
O00201,A0006,Account 0006,Mid-Market,Technology,East,R003,Riley Garcia,Inbound,Closed Lost,75400.0,2024-05-28,2024-09-10,2024-Q3,false,true,105,0.0,75400.0,0.0
O00202,A0228,Account 0228,SMB,Technology,East,R012,Devon Costa,Referral,Closed Lost,3600.0,2024-03-22,2024-05-13,2024-Q2,false,true,52,0.0,3600.0,0.0
O00203,A0534,Account 0534,Mid-Market,Education,Central,R007,Casey Rossi,Partner,Closed Lost,76600.0,2025-09-03,2025-10-25,2025-Q4,false,true,52,0.0,76600.0,0.0
O00204,A0450,Account 0450,Mid-Market,Manufacturing,West,R001,Avery Nguyen,Outbound,Closed Won,35700.0,2024-07-25,2024-11-13,2024-Q4,true,true,111,35700.0,0.0,0.0
O00205,A0529,Account 0529,Enterprise,Financial Services,West,R017,Parker Schmidt,Referral,Closed Lost,295700.0,2025-09-21,2026-02-01,2026-Q1,false,true,133,0.0,295700.0,0.0
O00206,A0089,Account 0089,Enterprise,Technology,Central,R020,Elliot Mori,Inbound,Closed Lost,294300.0,2025-02-13,2025-08-12,2025-Q3,false,true,180,0.0,294300.0,0.0
O00207,A0016,Account 0016,SMB,Education,Central,R005,Morgan Okafor,Referral,Closed Lost,7300.0,2024-04-02,2024-05-21,2024-Q2,false,true,49,0.0,7300.0,0.0
O00208,A0357,Account 0357,Mid-Market,Manufacturing,Central,R010,Reese Dubois,Referral,Closed Won,55600.0,2024-10-10,2024-12-22,2024-Q4,true,true,73,55600.0,0.0,0.0
O00209,A0589,Account 0589,SMB,Technology,West,R002,Jordan Patel,Inbound,Closed Won,9100.0,2024-09-24,2024-10-19,2024-Q4,true,true,25,9100.0,0.0,0.0
O00210,A0302,Account 0302,SMB,Retail,West,R012,Devon Costa,Event,Closed Lost,17400.0,2024-04-29,2024-06-14,2024-Q2,false,true,46,0.0,17400.0,0.0
O00211,A0589,Account 0589,SMB,Technology,West,R011,Sky Haddad,Partner,Closed Lost,11400.0,2025-03-29,2025-05-06,2025-Q2,false,true,38,0.0,11400.0,0.0
O00212,A0470,Account 0470,SMB,Financial Services,West,R024,Wren Park,Inbound,Closed Lost,15900.0,2025-04-16,2025-06-06,2025-Q2,false,true,51,0.0,15900.0,0.0
O00213,A0392,Account 0392,SMB,Logistics,West,R024,Wren Park,Outbound,Closed Lost,13500.0,2024-08-13,2024-10-09,2024-Q4,false,true,57,0.0,13500.0,0.0
O00214,A0362,Account 0362,Mid-Market,Retail,East,R016,Logan Reyes,Inbound,Closed Lost,61500.0,2025-07-02,2025-08-17,2025-Q3,false,true,46,0.0,61500.0,0.0
O00215,A0409,Account 0409,SMB,Manufacturing,East,R024,Wren Park,Inbound,Closed Won,11300.0,2024-12-16,2025-01-03,2025-Q1,true,true,18,11300.0,0.0,0.0
O00216,A0224,Account 0224,Mid-Market,Education,East,R019,Blake Fischer,Referral,Closed Lost,76700.0,2024-10-02,2024-12-09,2024-Q4,false,true,68,0.0,76700.0,0.0
O00217,A0511,Account 0511,SMB,Logistics,East,R009,Drew Mbeki,Inbound,Closed Won,16100.0,2024-08-28,2024-09-26,2024-Q3,true,true,29,16100.0,0.0,0.0
O00218,A0256,Account 0256,Mid-Market,Education,East,R019,Blake Fischer,Inbound,Closed Won,66300.0,2024-12-30,2025-03-04,2025-Q1,true,true,64,66300.0,0.0,0.0
O00219,A0505,Account 0505,SMB,Education,West,R022,Shay Volkov,Outbound,Closed Lost,17400.0,2024-01-07,2024-02-24,2024-Q1,false,true,48,0.0,17400.0,0.0
O00220,A0323,Account 0323,SMB,Technology,Central,R018,Sawyer Walsh,Referral,Closed Lost,10400.0,2025-08-11,2025-09-11,2025-Q3,false,true,31,0.0,10400.0,0.0
O00221,A0287,Account 0287,Mid-Market,Education,West,R013,Hayden Novak,Outbound,Closed Lost,26000.0,2024-08-15,2024-12-11,2024-Q4,false,true,118,0.0,26000.0,0.0
O00222,A0554,Account 0554,Mid-Market,Logistics,Central,R001,Avery Nguyen,Inbound,Closed Lost,42400.0,2025-05-29,2025-08-26,2025-Q3,false,true,89,0.0,42400.0,0.0
O00223,A0124,Account 0124,Mid-Market,Energy,West,R016,Logan Reyes,Inbound,Closed Won,60700.0,2025-04-16,2025-07-10,2025-Q3,true,true,85,60700.0,0.0,0.0
O00224,A0595,Account 0595,Enterprise,Logistics,East,R017,Parker Schmidt,Outbound,Closed Lost,276100.0,2024-11-29,2025-05-30,2025-Q2,false,true,182,0.0,276100.0,0.0
O00225,A0243,Account 0243,SMB,Education,West,R011,Sky Haddad,Outbound,Closed Won,8100.0,2025-04-27,2025-06-19,2025-Q2,true,true,53,8100.0,0.0,0.0
O00226,A0430,Account 0430,Mid-Market,Retail,West,R010,Reese Dubois,Inbound,Closed Won,35300.0,2025-01-08,2025-04-14,2025-Q2,true,true,96,35300.0,0.0,0.0
O00227,A0590,Account 0590,SMB,Healthcare,West,R024,Wren Park,Outbound,Closed Lost,13800.0,2024-08-22,2024-09-11,2024-Q3,false,true,20,0.0,13800.0,0.0
O00228,A0391,Account 0391,Mid-Market,Manufacturing,West,R006,Taylor Larsson,Outbound,Closed Won,47300.0,2024-05-29,2024-08-01,2024-Q3,true,true,64,47300.0,0.0,0.0
O00229,A0138,Account 0138,Mid-Market,Technology,Central,R023,Tatum Adeyemi,Inbound,Closed Lost,62700.0,2025-06-13,2025-10-04,2025-Q4,false,true,113,0.0,62700.0,0.0
O00230,A0576,Account 0576,Enterprise,Financial Services,West,R017,Parker Schmidt,Event,Closed Won,301000.0,2025-02-11,2025-06-06,2025-Q2,true,true,115,301000.0,0.0,0.0
O00231,A0488,Account 0488,Mid-Market,Financial Services,Central,R023,Tatum Adeyemi,Outbound,Closed Won,64200.0,2024-04-08,2024-07-19,2024-Q3,true,true,102,64200.0,0.0,0.0
O00232,A0571,Account 0571,SMB,Energy,Central,R011,Sky Haddad,Partner,Closed Lost,9200.0,2024-12-18,2025-01-02,2025-Q1,false,true,15,0.0,9200.0,0.0
O00233,A0204,Account 0204,Enterprise,Energy,West,R017,Parker Schmidt,Event,Closed Lost,184000.0,2024-10-18,2025-04-16,2025-Q2,false,true,180,0.0,184000.0,0.0
O00234,A0458,Account 0458,Enterprise,Healthcare,West,R017,Parker Schmidt,Event,Closed Lost,228400.0,2025-01-25,2025-07-07,2025-Q3,false,true,163,0.0,228400.0,0.0
O00235,A0346,Account 0346,SMB,Technology,Central,R015,Rowan Andersen,Inbound,Closed Lost,11600.0,2025-10-08,2025-11-30,2025-Q4,false,true,53,0.0,11600.0,0.0
O00236,A0166,Account 0166,Enterprise,Healthcare,East,R020,Elliot Mori,Inbound,Closed Lost,181400.0,2024-08-21,2025-02-07,2025-Q1,false,true,170,0.0,181400.0,0.0
O00237,A0405,Account 0405,SMB,Healthcare,East,R011,Sky Haddad,Outbound,Closed Lost,14200.0,2025-03-31,2025-05-07,2025-Q2,false,true,37,0.0,14200.0,0.0
O00238,A0172,Account 0172,Mid-Market,Financial Services,Central,R004,Cameron Cohen,Referral,Closed Lost,63100.0,2024-01-24,2024-03-25,2024-Q1,false,true,61,0.0,63100.0,0.0
O00239,A0082,Account 0082,SMB,Retail,East,R009,Drew Mbeki,Event,Closed Won,4500.0,2024-06-19,2024-07-28,2024-Q3,true,true,39,4500.0,0.0,0.0
O00240,A0562,Account 0562,Mid-Market,Financial Services,West,R001,Avery Nguyen,Inbound,Closed Lost,50500.0,2024-01-27,2024-05-01,2024-Q2,false,true,95,0.0,50500.0,0.0
O00241,A0160,Account 0160,Mid-Market,Energy,West,R003,Riley Garcia,Inbound,Proposal,37200.0,2025-11-01,,2025-Q4,false,false,,0.0,0.0,37200.0
O00242,A0175,Account 0175,Mid-Market,Manufacturing,West,R001,Avery Nguyen,Outbound,Closed Lost,71300.0,2024-02-05,2024-05-05,2024-Q2,false,true,90,0.0,71300.0,0.0
O00243,A0554,Account 0554,Mid-Market,Logistics,Central,R007,Casey Rossi,Outbound,Closed Lost,26400.0,2025-07-15,2025-10-24,2025-Q4,false,true,101,0.0,26400.0,0.0
O00244,A0468,Account 0468,Mid-Market,Manufacturing,East,R023,Tatum Adeyemi,Referral,Closed Lost,45000.0,2025-10-13,2026-02-07,2026-Q1,false,true,117,0.0,45000.0,0.0
O00245,A0494,Account 0494,Mid-Market,Manufacturing,Central,R016,Logan Reyes,Inbound,Closed Lost,45400.0,2024-08-20,2024-10-15,2024-Q4,false,true,56,0.0,45400.0,0.0
O00246,A0311,Account 0311,Enterprise,Education,East,R017,Parker Schmidt,Outbound,Closed Lost,340900.0,2024-01-01,2024-08-11,2024-Q3,false,true,223,0.0,340900.0,0.0
O00247,A0481,Account 0481,SMB,Education,West,R021,Marlowe Silva,Outbound,Closed Lost,16800.0,2024-01-09,2024-03-07,2024-Q1,false,true,58,0.0,16800.0,0.0
O00248,A0010,Account 0010,SMB,Healthcare,East,R015,Rowan Andersen,Outbound,Closed Won,6500.0,2024-10-26,2024-12-17,2024-Q4,true,true,52,6500.0,0.0,0.0
O00249,A0422,Account 0422,SMB,Technology,Central,R021,Marlowe Silva,Partner,Closed Lost,6700.0,2025-03-23,2025-05-01,2025-Q2,false,true,39,0.0,6700.0,0.0
O00250,A0388,Account 0388,SMB,Manufacturing,West,R009,Drew Mbeki,Event,Closed Won,9300.0,2024-09-26,2024-10-15,2024-Q4,true,true,19,9300.0,0.0,0.0
O00251,A0279,Account 0279,SMB,Energy,Central,R011,Sky Haddad,Event,Closed Lost,15100.0,2025-10-26,2025-12-13,2025-Q4,false,true,48,0.0,15100.0,0.0
O00252,A0187,Account 0187,SMB,Energy,West,R008,Quinn Kim,Inbound,Closed Lost,12600.0,2024-10-23,2024-11-13,2024-Q4,false,true,21,0.0,12600.0,0.0
O00253,A0504,Account 0504,Mid-Market,Financial Services,East,R006,Taylor Larsson,Inbound,Closed Lost,27400.0,2024-11-24,2025-01-10,2025-Q1,false,true,47,0.0,27400.0,0.0
O00254,A0105,Account 0105,Mid-Market,Healthcare,Central,R007,Casey Rossi,Inbound,Closed Lost,62300.0,2024-10-02,2024-12-02,2024-Q4,false,true,61,0.0,62300.0,0.0
O00255,A0155,Account 0155,Mid-Market,Energy,East,R001,Avery Nguyen,Event,Closed Lost,39200.0,2025-05-20,2025-07-31,2025-Q3,false,true,72,0.0,39200.0,0.0
O00256,A0381,Account 0381,SMB,Healthcare,West,R018,Sawyer Walsh,Inbound,Closed Lost,4200.0,2024-02-02,2024-03-08,2024-Q1,false,true,35,0.0,4200.0,0.0
O00257,A0273,Account 0273,SMB,Financial Services,East,R015,Rowan Andersen,Event,Closed Won,10100.0,2024-03-14,2024-05-01,2024-Q2,true,true,48,10100.0,0.0,0.0
O00258,A0391,Account 0391,Mid-Market,Manufacturing,West,R001,Avery Nguyen,Inbound,Closed Lost,41900.0,2024-05-04,2024-07-19,2024-Q3,false,true,76,0.0,41900.0,0.0
O00259,A0035,Account 0035,Enterprise,Healthcare,East,R017,Parker Schmidt,Outbound,Closed Lost,246800.0,2025-04-16,2025-08-08,2025-Q3,false,true,114,0.0,246800.0,0.0
O00260,A0320,Account 0320,SMB,Technology,East,R012,Devon Costa,Outbound,Closed Lost,13900.0,2024-06-11,2024-08-04,2024-Q3,false,true,54,0.0,13900.0,0.0
O00261,A0126,Account 0126,Enterprise,Energy,West,R020,Elliot Mori,Event,Closed Lost,143600.0,2025-05-07,2025-10-20,2025-Q4,false,true,166,0.0,143600.0,0.0
O00262,A0224,Account 0224,Mid-Market,Education,East,R003,Riley Garcia,Inbound,Closed Won,38100.0,2024-08-29,2024-12-07,2024-Q4,true,true,100,38100.0,0.0,0.0
O00263,A0123,Account 0123,SMB,Healthcare,East,R015,Rowan Andersen,Partner,Closed Lost,17500.0,2024-09-05,2024-09-19,2024-Q3,false,true,14,0.0,17500.0,0.0
O00264,A0159,Account 0159,SMB,Healthcare,Central,R012,Devon Costa,Outbound,Closed Won,5400.0,2024-04-01,2024-04-30,2024-Q2,true,true,29,5400.0,0.0,0.0
O00265,A0062,Account 0062,SMB,Technology,West,R002,Jordan Patel,Inbound,Closed Lost,5300.0,2024-12-30,2025-02-23,2025-Q1,false,true,55,0.0,5300.0,0.0
O00266,A0500,Account 0500,Mid-Market,Education,East,R006,Taylor Larsson,Event,Closed Lost,66900.0,2024-11-20,2025-03-16,2025-Q1,false,true,116,0.0,66900.0,0.0
O00267,A0450,Account 0450,Mid-Market,Manufacturing,West,R006,Taylor Larsson,Event,Closed Won,40200.0,2024-01-22,2024-04-24,2024-Q2,true,true,93,40200.0,0.0,0.0
O00268,A0497,Account 0497,SMB,Energy,East,R018,Sawyer Walsh,Outbound,Closed Lost,11100.0,2025-07-26,2025-08-27,2025-Q3,false,true,32,0.0,11100.0,0.0
O00269,A0557,Account 0557,Enterprise,Retail,East,R020,Elliot Mori,Referral,Closed Lost,168100.0,2024-11-27,2025-06-24,2025-Q2,false,true,209,0.0,168100.0,0.0
O00270,A0568,Account 0568,Enterprise,Retail,West,R017,Parker Schmidt,Inbound,Closed Lost,129600.0,2024-03-11,2024-10-22,2024-Q4,false,true,225,0.0,129600.0,0.0
O00271,A0376,Account 0376,Mid-Market,Manufacturing,West,R014,Emerson Ibrahim,Inbound,Closed Won,41500.0,2024-01-01,2024-04-19,2024-Q2,true,true,109,41500.0,0.0,0.0
O00272,A0373,Account 0373,SMB,Logistics,Central,R022,Shay Volkov,Outbound,Closed Lost,13800.0,2024-09-01,2024-10-05,2024-Q4,false,true,34,0.0,13800.0,0.0
O00273,A0397,Account 0397,SMB,Retail,West,R009,Drew Mbeki,Outbound,Closed Lost,10500.0,2025-06-20,2025-08-16,2025-Q3,false,true,57,0.0,10500.0,0.0
O00274,A0331,Account 0331,Mid-Market,Manufacturing,Central,R013,Hayden Novak,Inbound,Proposal,24800.0,2025-10-18,,2025-Q4,false,false,,0.0,0.0,24800.0
O00275,A0033,Account 0033,SMB,Logistics,Central,R009,Drew Mbeki,Partner,Closed Won,5900.0,2024-04-19,2024-06-03,2024-Q2,true,true,45,5900.0,0.0,0.0
O00276,A0398,Account 0398,SMB,Education,Central,R024,Wren Park,Inbound,Closed Lost,12400.0,2025-05-16,2025-07-02,2025-Q3,false,true,47,0.0,12400.0,0.0
O00277,A0227,Account 0227,Mid-Market,Retail,West,R019,Blake Fischer,Outbound,Closed Won,75700.0,2024-03-13,2024-04-28,2024-Q2,true,true,46,75700.0,0.0,0.0
O00278,A0082,Account 0082,SMB,Retail,East,R018,Sawyer Walsh,Event,Closed Lost,8400.0,2025-10-16,2025-11-02,2025-Q4,false,true,17,0.0,8400.0,0.0
O00279,A0378,Account 0378,SMB,Financial Services,Central,R002,Jordan Patel,Event,Closed Lost,10900.0,2025-09-23,2025-10-24,2025-Q4,false,true,31,0.0,10900.0,0.0
O00280,A0080,Account 0080,SMB,Energy,East,R009,Drew Mbeki,Outbound,Closed Won,4500.0,2025-06-15,2025-07-05,2025-Q3,true,true,20,4500.0,0.0,0.0
O00281,A0198,Account 0198,Enterprise,Financial Services,West,R017,Parker Schmidt,Event,Closed Lost,258700.0,2025-08-06,2025-12-19,2025-Q4,false,true,135,0.0,258700.0,0.0
O00282,A0591,Account 0591,SMB,Retail,East,R012,Devon Costa,Outbound,Proposal,13500.0,2025-11-21,,2025-Q4,false,false,,0.0,0.0,13500.0
O00283,A0517,Account 0517,Mid-Market,Energy,Central,R010,Reese Dubois,Referral,Closed Lost,51100.0,2025-11-04,2026-01-08,2026-Q1,false,true,65,0.0,51100.0,0.0
O00284,A0564,Account 0564,Mid-Market,Logistics,Central,R010,Reese Dubois,Partner,Closed Lost,65400.0,2025-01-15,2025-04-22,2025-Q2,false,true,97,0.0,65400.0,0.0
O00285,A0247,Account 0247,Enterprise,Financial Services,Central,R017,Parker Schmidt,Referral,Closed Lost,376400.0,2025-01-19,2025-09-06,2025-Q3,false,true,230,0.0,376400.0,0.0
O00286,A0459,Account 0459,Mid-Market,Logistics,West,R013,Hayden Novak,Outbound,Closed Lost,78900.0,2024-01-01,2024-02-19,2024-Q1,false,true,49,0.0,78900.0,0.0
O00287,A0310,Account 0310,SMB,Energy,Central,R002,Jordan Patel,Event,Closed Won,6200.0,2024-11-03,2024-12-01,2024-Q4,true,true,28,6200.0,0.0,0.0
O00288,A0283,Account 0283,SMB,Manufacturing,Central,R021,Marlowe Silva,Inbound,Closed Lost,11600.0,2025-06-07,2025-07-26,2025-Q3,false,true,49,0.0,11600.0,0.0
O00289,A0472,Account 0472,Mid-Market,Education,Central,R010,Reese Dubois,Inbound,Closed Lost,34400.0,2024-06-08,2024-08-09,2024-Q3,false,true,62,0.0,34400.0,0.0
O00290,A0263,Account 0263,SMB,Manufacturing,Central,R011,Sky Haddad,Partner,Closed Lost,9000.0,2024-04-04,2024-05-24,2024-Q2,false,true,50,0.0,9000.0,0.0
O00291,A0333,Account 0333,SMB,Technology,West,R018,Sawyer Walsh,Outbound,Closed Lost,15400.0,2024-06-26,2024-08-10,2024-Q3,false,true,45,0.0,15400.0,0.0
O00292,A0098,Account 0098,SMB,Healthcare,West,R022,Shay Volkov,Outbound,Closed Lost,3600.0,2025-10-19,2025-11-21,2025-Q4,false,true,33,0.0,3600.0,0.0
O00293,A0058,Account 0058,SMB,Healthcare,Central,R012,Devon Costa,Event,Closed Lost,9200.0,2024-12-22,2025-02-01,2025-Q1,false,true,41,0.0,9200.0,0.0
O00294,A0233,Account 0233,Enterprise,Financial Services,East,R017,Parker Schmidt,Inbound,Qualification,97300.0,2025-10-11,,2025-Q4,false,false,,0.0,0.0,97300.0
O00295,A0227,Account 0227,Mid-Market,Retail,West,R004,Cameron Cohen,Outbound,Closed Lost,78200.0,2024-02-21,2024-05-26,2024-Q2,false,true,95,0.0,78200.0,0.0
O00296,A0093,Account 0093,Enterprise,Healthcare,West,R017,Parker Schmidt,Inbound,Closed Won,331600.0,2025-03-18,2025-08-29,2025-Q3,true,true,164,331600.0,0.0,0.0
O00297,A0488,Account 0488,Mid-Market,Financial Services,Central,R019,Blake Fischer,Outbound,Closed Won,42700.0,2024-02-20,2024-06-14,2024-Q2,true,true,115,42700.0,0.0,0.0
O00298,A0134,Account 0134,SMB,Retail,Central,R008,Quinn Kim,Outbound,Closed Lost,6000.0,2025-05-07,2025-06-25,2025-Q2,false,true,49,0.0,6000.0,0.0
O00299,A0575,Account 0575,SMB,Manufacturing,Central,R022,Shay Volkov,Outbound,Closed Won,6600.0,2025-06-20,2025-07-19,2025-Q3,true,true,29,6600.0,0.0,0.0
O00300,A0590,Account 0590,SMB,Healthcare,West,R005,Morgan Okafor,Inbound,Closed Lost,9200.0,2024-04-25,2024-06-20,2024-Q2,false,true,56,0.0,9200.0,0.0
O00301,A0353,Account 0353,Mid-Market,Financial Services,West,R019,Blake Fischer,Event,Proposal,65700.0,2025-11-02,,2025-Q4,false,false,,0.0,0.0,65700.0
O00302,A0150,Account 0150,SMB,Education,East,R018,Sawyer Walsh,Partner,Closed Lost,6000.0,2024-02-15,2024-03-14,2024-Q1,false,true,28,0.0,6000.0,0.0
O00303,A0088,Account 0088,Enterprise,Healthcare,East,R017,Parker Schmidt,Event,Closed Lost,383700.0,2024-02-25,2024-07-26,2024-Q3,false,true,152,0.0,383700.0,0.0
O00304,A0295,Account 0295,Mid-Market,Financial Services,East,R001,Avery Nguyen,Inbound,Closed Lost,36900.0,2024-12-17,2025-02-14,2025-Q1,false,true,59,0.0,36900.0,0.0
O00305,A0551,Account 0551,Mid-Market,Manufacturing,Central,R006,Taylor Larsson,Outbound,Closed Won,50400.0,2024-07-27,2024-11-18,2024-Q4,true,true,114,50400.0,0.0,0.0
O00306,A0145,Account 0145,Enterprise,Energy,Central,R017,Parker Schmidt,Inbound,Closed Lost,369900.0,2025-01-20,2025-09-16,2025-Q3,false,true,239,0.0,369900.0,0.0
O00307,A0062,Account 0062,SMB,Technology,West,R011,Sky Haddad,Partner,Closed Won,12300.0,2024-07-24,2024-09-20,2024-Q3,true,true,58,12300.0,0.0,0.0
O00308,A0009,Account 0009,SMB,Financial Services,Central,R005,Morgan Okafor,Partner,Closed Lost,7100.0,2025-02-01,2025-03-29,2025-Q1,false,true,56,0.0,7100.0,0.0
O00309,A0111,Account 0111,Mid-Market,Education,West,R001,Avery Nguyen,Referral,Closed Lost,32300.0,2024-10-26,2025-01-28,2025-Q1,false,true,94,0.0,32300.0,0.0
O00310,A0102,Account 0102,SMB,Technology,East,R012,Devon Costa,Outbound,Closed Won,11000.0,2025-05-11,2025-07-02,2025-Q3,true,true,52,11000.0,0.0,0.0
O00311,A0469,Account 0469,SMB,Healthcare,Central,R021,Marlowe Silva,Inbound,Closed Lost,6700.0,2024-01-23,2024-02-08,2024-Q1,false,true,16,0.0,6700.0,0.0
O00312,A0403,Account 0403,SMB,Retail,East,R008,Quinn Kim,Inbound,Closed Lost,13300.0,2024-01-19,2024-02-24,2024-Q1,false,true,36,0.0,13300.0,0.0
O00313,A0514,Account 0514,SMB,Education,Central,R011,Sky Haddad,Referral,Closed Lost,6900.0,2024-03-04,2024-04-27,2024-Q2,false,true,54,0.0,6900.0,0.0
O00314,A0031,Account 0031,Mid-Market,Healthcare,West,R016,Logan Reyes,Partner,Closed Lost,27400.0,2024-10-13,2024-12-25,2024-Q4,false,true,73,0.0,27400.0,0.0
O00315,A0090,Account 0090,Mid-Market,Retail,Central,R013,Hayden Novak,Outbound,Closed Lost,43900.0,2025-06-17,2025-08-30,2025-Q3,false,true,74,0.0,43900.0,0.0
O00316,A0320,Account 0320,SMB,Technology,East,R022,Shay Volkov,Inbound,Closed Won,11100.0,2024-12-03,2025-01-14,2025-Q1,true,true,42,11100.0,0.0,0.0
O00317,A0555,Account 0555,SMB,Financial Services,West,R024,Wren Park,Outbound,Closed Lost,7600.0,2024-07-26,2024-08-17,2024-Q3,false,true,22,0.0,7600.0,0.0
O00318,A0139,Account 0139,SMB,Logistics,Central,R015,Rowan Andersen,Inbound,Closed Lost,17000.0,2024-05-28,2024-07-22,2024-Q3,false,true,55,0.0,17000.0,0.0
O00319,A0571,Account 0571,SMB,Energy,Central,R021,Marlowe Silva,Partner,Closed Lost,7800.0,2024-05-01,2024-05-26,2024-Q2,false,true,25,0.0,7800.0,0.0
O00320,A0327,Account 0327,Enterprise,Financial Services,Central,R020,Elliot Mori,Event,Closed Lost,221800.0,2025-02-25,2025-08-11,2025-Q3,false,true,167,0.0,221800.0,0.0
O00321,A0281,Account 0281,SMB,Technology,West,R008,Quinn Kim,Referral,Closed Won,5000.0,2024-07-11,2024-07-31,2024-Q3,true,true,20,5000.0,0.0,0.0
O00322,A0274,Account 0274,SMB,Education,East,R022,Shay Volkov,Partner,Closed Won,6500.0,2025-08-03,2025-09-25,2025-Q3,true,true,53,6500.0,0.0,0.0
O00323,A0368,Account 0368,SMB,Education,West,R005,Morgan Okafor,Partner,Closed Lost,10500.0,2025-05-03,2025-05-25,2025-Q2,false,true,22,0.0,10500.0,0.0
O00324,A0383,Account 0383,Enterprise,Healthcare,Central,R017,Parker Schmidt,Inbound,Closed Won,231600.0,2025-01-31,2025-09-03,2025-Q3,true,true,215,231600.0,0.0,0.0
O00325,A0419,Account 0419,SMB,Healthcare,West,R002,Jordan Patel,Inbound,Closed Lost,6300.0,2024-10-03,2024-11-12,2024-Q4,false,true,40,0.0,6300.0,0.0
O00326,A0210,Account 0210,Mid-Market,Healthcare,West,R003,Riley Garcia,Inbound,Closed Lost,71800.0,2024-06-30,2024-10-09,2024-Q4,false,true,101,0.0,71800.0,0.0
O00327,A0469,Account 0469,SMB,Healthcare,Central,R009,Drew Mbeki,Event,Closed Lost,14600.0,2025-03-13,2025-04-21,2025-Q2,false,true,39,0.0,14600.0,0.0
O00328,A0321,Account 0321,SMB,Financial Services,Central,R015,Rowan Andersen,Event,Closed Lost,11900.0,2025-09-18,2025-11-07,2025-Q4,false,true,50,0.0,11900.0,0.0
O00329,A0040,Account 0040,SMB,Technology,Central,R021,Marlowe Silva,Event,Closed Lost,9900.0,2024-04-21,2024-06-02,2024-Q2,false,true,42,0.0,9900.0,0.0
O00330,A0252,Account 0252,SMB,Manufacturing,East,R021,Marlowe Silva,Outbound,Closed Won,17800.0,2025-07-04,2025-08-12,2025-Q3,true,true,39,17800.0,0.0,0.0
O00331,A0051,Account 0051,Mid-Market,Healthcare,West,R006,Taylor Larsson,Event,Closed Lost,42700.0,2024-10-25,2025-02-03,2025-Q1,false,true,101,0.0,42700.0,0.0
O00332,A0473,Account 0473,SMB,Financial Services,East,R008,Quinn Kim,Outbound,Closed Won,12200.0,2025-03-08,2025-04-09,2025-Q2,true,true,32,12200.0,0.0,0.0
O00333,A0146,Account 0146,Mid-Market,Manufacturing,Central,R014,Emerson Ibrahim,Event,Qualification,23600.0,2025-10-23,,2025-Q4,false,false,,0.0,0.0,23600.0
O00334,A0560,Account 0560,SMB,Healthcare,Central,R008,Quinn Kim,Outbound,Closed Won,7900.0,2025-02-06,2025-03-18,2025-Q1,true,true,40,7900.0,0.0,0.0
O00335,A0207,Account 0207,SMB,Retail,Central,R018,Sawyer Walsh,Partner,Closed Lost,7900.0,2024-04-02,2024-05-02,2024-Q2,false,true,30,0.0,7900.0,0.0
O00336,A0168,Account 0168,Mid-Market,Financial Services,Central,R003,Riley Garcia,Inbound,Closed Lost,61800.0,2024-04-03,2024-06-01,2024-Q2,false,true,59,0.0,61800.0,0.0
O00337,A0394,Account 0394,SMB,Education,East,R021,Marlowe Silva,Event,Closed Lost,8700.0,2025-09-18,2025-10-12,2025-Q4,false,true,24,0.0,8700.0,0.0
O00338,A0344,Account 0344,Enterprise,Logistics,West,R017,Parker Schmidt,Outbound,Closed Lost,137200.0,2024-06-15,2024-10-20,2024-Q4,false,true,127,0.0,137200.0,0.0
O00339,A0317,Account 0317,Mid-Market,Education,Central,R014,Emerson Ibrahim,Inbound,Closed Won,25300.0,2024-10-22,2024-12-29,2024-Q4,true,true,68,25300.0,0.0,0.0
O00340,A0260,Account 0260,SMB,Energy,East,R002,Jordan Patel,Inbound,Closed Lost,15800.0,2025-04-14,2025-05-29,2025-Q2,false,true,45,0.0,15800.0,0.0
O00341,A0506,Account 0506,Mid-Market,Energy,East,R006,Taylor Larsson,Outbound,Closed Lost,58900.0,2024-08-10,2024-12-08,2024-Q4,false,true,120,0.0,58900.0,0.0
O00342,A0007,Account 0007,SMB,Retail,West,R009,Drew Mbeki,Event,Closed Lost,12300.0,2025-07-14,2025-08-14,2025-Q3,false,true,31,0.0,12300.0,0.0
O00343,A0051,Account 0051,Mid-Market,Healthcare,West,R004,Cameron Cohen,Event,Closed Won,58500.0,2024-05-31,2024-07-22,2024-Q3,true,true,52,58500.0,0.0,0.0
O00344,A0592,Account 0592,SMB,Financial Services,East,R022,Shay Volkov,Outbound,Closed Won,16800.0,2024-11-01,2024-12-06,2024-Q4,true,true,35,16800.0,0.0,0.0
O00345,A0183,Account 0183,SMB,Healthcare,East,R008,Quinn Kim,Event,Closed Lost,12200.0,2025-11-19,2025-12-21,2025-Q4,false,true,32,0.0,12200.0,0.0
O00346,A0182,Account 0182,Enterprise,Technology,West,R020,Elliot Mori,Outbound,Qualification,378100.0,2025-08-15,,2025-Q3,false,false,,0.0,0.0,378100.0
O00347,A0070,Account 0070,SMB,Healthcare,Central,R015,Rowan Andersen,Partner,Closed Won,7400.0,2025-07-17,2025-08-04,2025-Q3,true,true,18,7400.0,0.0,0.0
O00348,A0282,Account 0282,Mid-Market,Financial Services,East,R010,Reese Dubois,Outbound,Closed Lost,50500.0,2025-06-23,2025-09-28,2025-Q3,false,true,97,0.0,50500.0,0.0
O00349,A0112,Account 0112,SMB,Retail,Central,R022,Shay Volkov,Partner,Closed Lost,17800.0,2025-10-06,2025-11-22,2025-Q4,false,true,47,0.0,17800.0,0.0
O00350,A0295,Account 0295,Mid-Market,Financial Services,East,R013,Hayden Novak,Partner,Closed Lost,34100.0,2025-09-15,2025-12-09,2025-Q4,false,true,85,0.0,34100.0,0.0
O00351,A0133,Account 0133,SMB,Logistics,Central,R022,Shay Volkov,Outbound,Closed Lost,10800.0,2025-07-30,2025-09-13,2025-Q3,false,true,45,0.0,10800.0,0.0
O00352,A0185,Account 0185,SMB,Technology,East,R022,Shay Volkov,Inbound,Closed Won,7400.0,2024-08-26,2024-10-24,2024-Q4,true,true,59,7400.0,0.0,0.0
O00353,A0477,Account 0477,Mid-Market,Energy,East,R023,Tatum Adeyemi,Outbound,Closed Lost,67600.0,2024-04-30,2024-07-10,2024-Q3,false,true,71,0.0,67600.0,0.0
O00354,A0342,Account 0342,Mid-Market,Financial Services,Central,R010,Reese Dubois,Inbound,Closed Won,18700.0,2025-07-27,2025-10-07,2025-Q4,true,true,72,18700.0,0.0,0.0
O00355,A0070,Account 0070,SMB,Healthcare,Central,R011,Sky Haddad,Inbound,Closed Lost,11200.0,2024-11-03,2024-12-19,2024-Q4,false,true,46,0.0,11200.0,0.0
O00356,A0342,Account 0342,Mid-Market,Financial Services,Central,R010,Reese Dubois,Inbound,Closed Won,56200.0,2025-02-09,2025-06-06,2025-Q2,true,true,117,56200.0,0.0,0.0
O00357,A0339,Account 0339,SMB,Energy,West,R012,Devon Costa,Outbound,Closed Lost,16700.0,2025-11-19,2026-01-02,2026-Q1,false,true,44,0.0,16700.0,0.0
O00358,A0472,Account 0472,Mid-Market,Education,Central,R016,Logan Reyes,Partner,Closed Lost,66600.0,2024-12-09,2025-03-23,2025-Q1,false,true,104,0.0,66600.0,0.0
O00359,A0534,Account 0534,Mid-Market,Education,Central,R007,Casey Rossi,Outbound,Closed Won,52400.0,2025-08-01,2025-10-25,2025-Q4,true,true,85,52400.0,0.0,0.0
O00360,A0340,Account 0340,SMB,Energy,Central,R012,Devon Costa,Referral,Closed Won,7200.0,2024-03-08,2024-03-31,2024-Q1,true,true,23,7200.0,0.0,0.0
O00361,A0548,Account 0548,SMB,Financial Services,East,R008,Quinn Kim,Event,Closed Lost,8800.0,2025-08-07,2025-09-28,2025-Q3,false,true,52,0.0,8800.0,0.0
O00362,A0316,Account 0316,Mid-Market,Energy,Central,R010,Reese Dubois,Inbound,Closed Lost,43700.0,2024-02-02,2024-04-21,2024-Q2,false,true,79,0.0,43700.0,0.0
O00363,A0463,Account 0463,Mid-Market,Education,East,R007,Casey Rossi,Event,Closed Won,36700.0,2024-08-09,2024-11-29,2024-Q4,true,true,112,36700.0,0.0,0.0
O00364,A0207,Account 0207,SMB,Retail,Central,R005,Morgan Okafor,Outbound,Closed Lost,3400.0,2025-03-30,2025-05-15,2025-Q2,false,true,46,0.0,3400.0,0.0
O00365,A0195,Account 0195,SMB,Healthcare,East,R012,Devon Costa,Inbound,Closed Won,16100.0,2025-05-10,2025-07-09,2025-Q3,true,true,60,16100.0,0.0,0.0
O00366,A0101,Account 0101,SMB,Financial Services,West,R021,Marlowe Silva,Outbound,Closed Won,6100.0,2025-11-23,2025-12-15,2025-Q4,true,true,22,6100.0,0.0,0.0
O00367,A0535,Account 0535,SMB,Financial Services,East,R005,Morgan Okafor,Outbound,Closed Lost,17000.0,2024-01-05,2024-02-07,2024-Q1,false,true,33,0.0,17000.0,0.0
O00368,A0090,Account 0090,Mid-Market,Retail,Central,R010,Reese Dubois,Partner,Closed Lost,24400.0,2025-04-23,2025-06-12,2025-Q2,false,true,50,0.0,24400.0,0.0
O00369,A0024,Account 0024,SMB,Retail,Central,R022,Shay Volkov,Inbound,Closed Lost,16400.0,2024-11-15,2025-01-08,2025-Q1,false,true,54,0.0,16400.0,0.0
O00370,A0284,Account 0284,Mid-Market,Financial Services,West,R016,Logan Reyes,Inbound,Closed Lost,59600.0,2024-11-22,2025-03-03,2025-Q1,false,true,101,0.0,59600.0,0.0
O00371,A0118,Account 0118,SMB,Energy,Central,R002,Jordan Patel,Outbound,Closed Won,10700.0,2025-09-29,2025-11-17,2025-Q4,true,true,49,10700.0,0.0,0.0
O00372,A0327,Account 0327,Enterprise,Financial Services,Central,R020,Elliot Mori,Inbound,Closed Won,263700.0,2024-05-24,2024-11-02,2024-Q4,true,true,162,263700.0,0.0,0.0
O00373,A0347,Account 0347,SMB,Retail,West,R021,Marlowe Silva,Partner,Closed Lost,5000.0,2025-03-30,2025-04-16,2025-Q2,false,true,17,0.0,5000.0,0.0
O00374,A0109,Account 0109,SMB,Technology,Central,R015,Rowan Andersen,Outbound,Closed Won,9400.0,2024-02-25,2024-03-15,2024-Q1,true,true,19,9400.0,0.0,0.0
O00375,A0457,Account 0457,SMB,Energy,Central,R022,Shay Volkov,Partner,Closed Won,8000.0,2024-12-30,2025-02-01,2025-Q1,true,true,33,8000.0,0.0,0.0
O00376,A0547,Account 0547,Mid-Market,Logistics,East,R003,Riley Garcia,Referral,Closed Lost,26200.0,2025-04-21,2025-08-16,2025-Q3,false,true,117,0.0,26200.0,0.0
O00377,A0480,Account 0480,Enterprise,Manufacturing,Central,R017,Parker Schmidt,Outbound,Closed Lost,299000.0,2025-04-11,2025-09-27,2025-Q3,false,true,169,0.0,299000.0,0.0
O00378,A0238,Account 0238,SMB,Logistics,West,R009,Drew Mbeki,Inbound,Closed Lost,6900.0,2024-05-27,2024-07-19,2024-Q3,false,true,53,0.0,6900.0,0.0
O00379,A0339,Account 0339,SMB,Energy,West,R012,Devon Costa,Outbound,Closed Lost,3500.0,2025-04-09,2025-05-24,2025-Q2,false,true,45,0.0,3500.0,0.0
O00380,A0473,Account 0473,SMB,Financial Services,East,R008,Quinn Kim,Inbound,Closed Won,12100.0,2024-10-16,2024-11-21,2024-Q4,true,true,36,12100.0,0.0,0.0
O00381,A0110,Account 0110,SMB,Energy,West,R012,Devon Costa,Outbound,Closed Won,4100.0,2025-07-23,2025-09-16,2025-Q3,true,true,55,4100.0,0.0,0.0
O00382,A0424,Account 0424,SMB,Education,East,R009,Drew Mbeki,Outbound,Closed Lost,11200.0,2025-09-27,2025-10-26,2025-Q4,false,true,29,0.0,11200.0,0.0
O00383,A0349,Account 0349,SMB,Healthcare,West,R009,Drew Mbeki,Event,Closed Lost,14800.0,2025-08-28,2025-10-08,2025-Q4,false,true,41,0.0,14800.0,0.0
O00384,A0558,Account 0558,Mid-Market,Technology,East,R006,Taylor Larsson,Event,Closed Lost,63800.0,2024-06-26,2024-08-19,2024-Q3,false,true,54,0.0,63800.0,0.0
O00385,A0118,Account 0118,SMB,Energy,Central,R022,Shay Volkov,Outbound,Closed Won,7900.0,2025-09-02,2025-10-15,2025-Q4,true,true,43,7900.0,0.0,0.0
O00386,A0316,Account 0316,Mid-Market,Energy,Central,R013,Hayden Novak,Event,Closed Lost,60500.0,2024-03-12,2024-05-09,2024-Q2,false,true,58,0.0,60500.0,0.0
O00387,A0336,Account 0336,SMB,Technology,East,R018,Sawyer Walsh,Partner,Qualification,3900.0,2025-10-22,,2025-Q4,false,false,,0.0,0.0,3900.0
O00388,A0001,Account 0001,SMB,Retail,West,R008,Quinn Kim,Outbound,Closed Won,9800.0,2025-11-07,2025-11-30,2025-Q4,true,true,23,9800.0,0.0,0.0
O00389,A0458,Account 0458,Enterprise,Healthcare,West,R017,Parker Schmidt,Partner,Closed Lost,175900.0,2024-07-29,2025-01-16,2025-Q1,false,true,171,0.0,175900.0,0.0
O00390,A0446,Account 0446,SMB,Manufacturing,West,R012,Devon Costa,Outbound,Closed Lost,3100.0,2024-04-01,2024-05-22,2024-Q2,false,true,51,0.0,3100.0,0.0
O00391,A0131,Account 0131,Mid-Market,Financial Services,West,R007,Casey Rossi,Inbound,Closed Lost,73900.0,2024-03-04,2024-06-04,2024-Q2,false,true,92,0.0,73900.0,0.0
O00392,A0574,Account 0574,SMB,Financial Services,Central,R012,Devon Costa,Partner,Closed Won,16000.0,2024-04-22,2024-05-24,2024-Q2,true,true,32,16000.0,0.0,0.0
O00393,A0404,Account 0404,Enterprise,Energy,West,R020,Elliot Mori,Partner,Closed Lost,202100.0,2025-01-26,2025-08-07,2025-Q3,false,true,193,0.0,202100.0,0.0
O00394,A0487,Account 0487,SMB,Technology,East,R008,Quinn Kim,Event,Closed Lost,8800.0,2024-07-11,2024-08-29,2024-Q3,false,true,49,0.0,8800.0,0.0
O00395,A0158,Account 0158,Enterprise,Technology,Central,R020,Elliot Mori,Outbound,Proposal,123000.0,2025-11-17,,2025-Q4,false,false,,0.0,0.0,123000.0
O00396,A0448,Account 0448,SMB,Logistics,West,R008,Quinn Kim,Outbound,Closed Lost,12600.0,2024-03-27,2024-04-18,2024-Q2,false,true,22,0.0,12600.0,0.0
O00397,A0436,Account 0436,SMB,Education,Central,R022,Shay Volkov,Outbound,Closed Lost,10600.0,2024-07-03,2024-08-15,2024-Q3,false,true,43,0.0,10600.0,0.0
O00398,A0364,Account 0364,Mid-Market,Financial Services,West,R006,Taylor Larsson,Event,Closed Lost,55500.0,2024-07-09,2024-10-16,2024-Q4,false,true,99,0.0,55500.0,0.0
O00399,A0243,Account 0243,SMB,Education,West,R021,Marlowe Silva,Inbound,Closed Lost,16900.0,2024-10-02,2024-11-11,2024-Q4,false,true,40,0.0,16900.0,0.0
O00400,A0039,Account 0039,SMB,Education,Central,R022,Shay Volkov,Referral,Closed Lost,8500.0,2025-05-09,2025-07-07,2025-Q3,false,true,59,0.0,8500.0,0.0
O00401,A0082,Account 0082,SMB,Retail,East,R008,Quinn Kim,Event,Closed Won,10000.0,2025-06-23,2025-07-24,2025-Q3,true,true,31,10000.0,0.0,0.0
O00402,A0091,Account 0091,SMB,Logistics,Central,R009,Drew Mbeki,Inbound,Closed Lost,14100.0,2025-04-28,2025-06-21,2025-Q2,false,true,54,0.0,14100.0,0.0
O00403,A0553,Account 0553,Enterprise,Financial Services,West,R020,Elliot Mori,Referral,Qualification,369100.0,2025-09-19,,2025-Q3,false,false,,0.0,0.0,369100.0
O00404,A0588,Account 0588,Mid-Market,Healthcare,Central,R010,Reese Dubois,Inbound,Closed Lost,77600.0,2025-03-07,2025-06-05,2025-Q2,false,true,90,0.0,77600.0,0.0
O00405,A0037,Account 0037,SMB,Financial Services,East,R022,Shay Volkov,Partner,Closed Won,14800.0,2024-11-07,2025-01-06,2025-Q1,true,true,60,14800.0,0.0,0.0
O00406,A0593,Account 0593,Mid-Market,Logistics,West,R004,Cameron Cohen,Partner,Closed Lost,58700.0,2025-08-09,2025-09-29,2025-Q3,false,true,51,0.0,58700.0,0.0
O00407,A0028,Account 0028,SMB,Education,West,R011,Sky Haddad,Event,Closed Won,4900.0,2025-05-11,2025-05-30,2025-Q2,true,true,19,4900.0,0.0,0.0
O00408,A0259,Account 0259,SMB,Healthcare,Central,R008,Quinn Kim,Partner,Closed Won,7100.0,2025-09-22,2025-10-23,2025-Q4,true,true,31,7100.0,0.0,0.0
O00409,A0179,Account 0179,SMB,Education,East,R022,Shay Volkov,Inbound,Closed Lost,9700.0,2024-06-03,2024-07-29,2024-Q3,false,true,56,0.0,9700.0,0.0
O00410,A0242,Account 0242,Mid-Market,Manufacturing,West,R014,Emerson Ibrahim,Inbound,Closed Lost,71400.0,2024-07-04,2024-10-24,2024-Q4,false,true,112,0.0,71400.0,0.0
O00411,A0149,Account 0149,Mid-Market,Healthcare,East,R019,Blake Fischer,Outbound,Closed Lost,64700.0,2024-06-06,2024-09-22,2024-Q3,false,true,108,0.0,64700.0,0.0
O00412,A0451,Account 0451,SMB,Technology,Central,R024,Wren Park,Inbound,Closed Lost,11700.0,2024-06-20,2024-07-17,2024-Q3,false,true,27,0.0,11700.0,0.0
O00413,A0271,Account 0271,SMB,Education,Central,R005,Morgan Okafor,Outbound,Closed Lost,10000.0,2024-02-23,2024-03-18,2024-Q1,false,true,24,0.0,10000.0,0.0
O00414,A0546,Account 0546,SMB,Energy,West,R009,Drew Mbeki,Inbound,Closed Lost,13600.0,2025-01-23,2025-03-21,2025-Q1,false,true,57,0.0,13600.0,0.0
O00415,A0446,Account 0446,SMB,Manufacturing,West,R002,Jordan Patel,Outbound,Closed Won,8700.0,2024-10-22,2024-12-03,2024-Q4,true,true,42,8700.0,0.0,0.0
O00416,A0043,Account 0043,SMB,Education,West,R005,Morgan Okafor,Outbound,Closed Lost,8300.0,2025-06-28,2025-08-21,2025-Q3,false,true,54,0.0,8300.0,0.0
O00417,A0280,Account 0280,SMB,Logistics,West,R012,Devon Costa,Outbound,Closed Won,15000.0,2024-10-03,2024-11-03,2024-Q4,true,true,31,15000.0,0.0,0.0
O00418,A0473,Account 0473,SMB,Financial Services,East,R024,Wren Park,Outbound,Closed Lost,13100.0,2024-09-04,2024-11-03,2024-Q4,false,true,60,0.0,13100.0,0.0
O00419,A0185,Account 0185,SMB,Technology,East,R012,Devon Costa,Inbound,Closed Lost,13100.0,2025-07-14,2025-07-28,2025-Q3,false,true,14,0.0,13100.0,0.0
O00420,A0101,Account 0101,SMB,Financial Services,West,R021,Marlowe Silva,Inbound,Closed Won,9700.0,2024-04-16,2024-06-12,2024-Q2,true,true,57,9700.0,0.0,0.0
O00421,A0198,Account 0198,Enterprise,Financial Services,West,R017,Parker Schmidt,Event,Closed Lost,98200.0,2024-01-25,2024-05-17,2024-Q2,false,true,113,0.0,98200.0,0.0
O00422,A0223,Account 0223,SMB,Financial Services,East,R022,Shay Volkov,Event,Closed Won,13600.0,2025-10-15,2025-11-05,2025-Q4,true,true,21,13600.0,0.0,0.0
O00423,A0134,Account 0134,SMB,Retail,Central,R015,Rowan Andersen,Partner,Closed Lost,11500.0,2025-11-03,2025-12-28,2025-Q4,false,true,55,0.0,11500.0,0.0
O00424,A0260,Account 0260,SMB,Energy,East,R011,Sky Haddad,Referral,Closed Lost,17000.0,2025-04-23,2025-06-18,2025-Q2,false,true,56,0.0,17000.0,0.0
O00425,A0284,Account 0284,Mid-Market,Financial Services,West,R013,Hayden Novak,Outbound,Prospecting,34000.0,2025-11-14,,2025-Q4,false,false,,0.0,0.0,34000.0
O00426,A0062,Account 0062,SMB,Technology,West,R011,Sky Haddad,Referral,Closed Lost,9600.0,2024-09-28,2024-10-23,2024-Q4,false,true,25,0.0,9600.0,0.0
O00427,A0403,Account 0403,SMB,Retail,East,R008,Quinn Kim,Outbound,Closed Lost,4600.0,2025-10-22,2025-12-06,2025-Q4,false,true,45,0.0,4600.0,0.0
O00428,A0109,Account 0109,SMB,Technology,Central,R018,Sawyer Walsh,Partner,Closed Won,3500.0,2024-09-22,2024-10-12,2024-Q4,true,true,20,3500.0,0.0,0.0
O00429,A0457,Account 0457,SMB,Energy,Central,R002,Jordan Patel,Inbound,Closed Won,12800.0,2025-05-24,2025-06-16,2025-Q2,true,true,23,12800.0,0.0,0.0
O00430,A0400,Account 0400,Enterprise,Financial Services,East,R020,Elliot Mori,Outbound,Closed Lost,369500.0,2024-06-04,2024-11-25,2024-Q4,false,true,174,0.0,369500.0,0.0
O00431,A0503,Account 0503,SMB,Retail,West,R018,Sawyer Walsh,Event,Closed Lost,15700.0,2025-03-22,2025-04-30,2025-Q2,false,true,39,0.0,15700.0,0.0
O00432,A0554,Account 0554,Mid-Market,Logistics,Central,R006,Taylor Larsson,Outbound,Closed Lost,77200.0,2024-01-04,2024-04-07,2024-Q2,false,true,94,0.0,77200.0,0.0
O00433,A0581,Account 0581,SMB,Healthcare,West,R021,Marlowe Silva,Partner,Closed Lost,13200.0,2025-01-02,2025-02-06,2025-Q1,false,true,35,0.0,13200.0,0.0
O00434,A0093,Account 0093,Enterprise,Healthcare,West,R020,Elliot Mori,Partner,Closed Lost,105700.0,2025-07-01,2025-12-25,2025-Q4,false,true,177,0.0,105700.0,0.0
O00435,A0181,Account 0181,SMB,Logistics,East,R021,Marlowe Silva,Outbound,Closed Won,12900.0,2024-02-10,2024-03-19,2024-Q1,true,true,38,12900.0,0.0,0.0
O00436,A0110,Account 0110,SMB,Energy,West,R024,Wren Park,Partner,Closed Lost,4300.0,2025-01-02,2025-02-16,2025-Q1,false,true,45,0.0,4300.0,0.0
O00437,A0144,Account 0144,Enterprise,Manufacturing,East,R017,Parker Schmidt,Outbound,Closed Lost,310300.0,2024-07-16,2024-10-20,2024-Q4,false,true,96,0.0,310300.0,0.0
O00438,A0065,Account 0065,SMB,Retail,Central,R021,Marlowe Silva,Event,Closed Lost,10500.0,2025-10-20,2025-11-22,2025-Q4,false,true,33,0.0,10500.0,0.0
O00439,A0017,Account 0017,Enterprise,Financial Services,West,R017,Parker Schmidt,Outbound,Closed Lost,188100.0,2024-12-13,2025-03-27,2025-Q1,false,true,104,0.0,188100.0,0.0
O00440,A0217,Account 0217,SMB,Education,Central,R024,Wren Park,Inbound,Closed Lost,9900.0,2025-11-14,2025-12-31,2025-Q4,false,true,47,0.0,9900.0,0.0
O00441,A0594,Account 0594,SMB,Manufacturing,West,R009,Drew Mbeki,Inbound,Closed Lost,14000.0,2024-03-14,2024-03-30,2024-Q1,false,true,16,0.0,14000.0,0.0
O00442,A0047,Account 0047,SMB,Retail,East,R009,Drew Mbeki,Referral,Closed Lost,3200.0,2025-10-26,2025-11-17,2025-Q4,false,true,22,0.0,3200.0,0.0
O00443,A0100,Account 0100,Mid-Market,Retail,Central,R014,Emerson Ibrahim,Event,Closed Won,69800.0,2025-09-17,2025-11-22,2025-Q4,true,true,66,69800.0,0.0,0.0
O00444,A0117,Account 0117,SMB,Education,Central,R018,Sawyer Walsh,Outbound,Closed Lost,6300.0,2025-09-01,2025-10-24,2025-Q4,false,true,53,0.0,6300.0,0.0
O00445,A0412,Account 0412,Enterprise,Logistics,East,R020,Elliot Mori,Referral,Closed Lost,254700.0,2024-05-03,2024-12-26,2024-Q4,false,true,237,0.0,254700.0,0.0
O00446,A0219,Account 0219,Mid-Market,Retail,Central,R001,Avery Nguyen,Inbound,Closed Won,38800.0,2025-08-30,2025-11-05,2025-Q4,true,true,67,38800.0,0.0,0.0
O00447,A0426,Account 0426,SMB,Energy,West,R008,Quinn Kim,Outbound,Closed Won,5500.0,2025-01-13,2025-03-03,2025-Q1,true,true,49,5500.0,0.0,0.0
O00448,A0137,Account 0137,Mid-Market,Technology,West,R003,Riley Garcia,Inbound,Prospecting,66200.0,2025-10-09,,2025-Q4,false,false,,0.0,0.0,66200.0
O00449,A0092,Account 0092,Mid-Market,Energy,West,R023,Tatum Adeyemi,Event,Closed Lost,43800.0,2025-08-30,2025-11-19,2025-Q4,false,true,81,0.0,43800.0,0.0
O00450,A0130,Account 0130,SMB,Logistics,Central,R009,Drew Mbeki,Inbound,Closed Lost,7100.0,2024-05-26,2024-07-19,2024-Q3,false,true,54,0.0,7100.0,0.0
O00451,A0179,Account 0179,SMB,Education,East,R022,Shay Volkov,Referral,Closed Lost,5700.0,2024-02-08,2024-03-31,2024-Q1,false,true,52,0.0,5700.0,0.0
O00452,A0309,Account 0309,SMB,Technology,Central,R012,Devon Costa,Referral,Closed Won,11400.0,2025-03-04,2025-03-18,2025-Q1,true,true,14,11400.0,0.0,0.0
O00453,A0098,Account 0098,SMB,Healthcare,West,R022,Shay Volkov,Partner,Closed Lost,10600.0,2025-01-05,2025-02-22,2025-Q1,false,true,48,0.0,10600.0,0.0
O00454,A0214,Account 0214,Enterprise,Logistics,Central,R020,Elliot Mori,Event,Closed Won,116100.0,2024-02-24,2024-07-12,2024-Q3,true,true,139,116100.0,0.0,0.0
O00455,A0486,Account 0486,SMB,Logistics,East,R018,Sawyer Walsh,Partner,Closed Won,13100.0,2024-06-29,2024-07-23,2024-Q3,true,true,24,13100.0,0.0,0.0
O00456,A0292,Account 0292,SMB,Financial Services,Central,R009,Drew Mbeki,Partner,Closed Lost,8000.0,2025-03-21,2025-04-20,2025-Q2,false,true,30,0.0,8000.0,0.0
O00457,A0045,Account 0045,Mid-Market,Technology,East,R003,Riley Garcia,Outbound,Closed Lost,28900.0,2024-02-23,2024-06-15,2024-Q2,false,true,113,0.0,28900.0,0.0
O00458,A0119,Account 0119,SMB,Retail,Central,R005,Morgan Okafor,Outbound,Closed Lost,9700.0,2024-08-28,2024-10-27,2024-Q4,false,true,60,0.0,9700.0,0.0
O00459,A0334,Account 0334,SMB,Manufacturing,East,R009,Drew Mbeki,Outbound,Closed Won,6400.0,2024-04-22,2024-05-26,2024-Q2,true,true,34,6400.0,0.0,0.0
O00460,A0205,Account 0205,Mid-Market,Healthcare,West,R013,Hayden Novak,Event,Closed Lost,47200.0,2024-08-13,2024-10-06,2024-Q4,false,true,54,0.0,47200.0,0.0
O00461,A0149,Account 0149,Mid-Market,Healthcare,East,R006,Taylor Larsson,Outbound,Prospecting,29000.0,2025-09-16,,2025-Q3,false,false,,0.0,0.0,29000.0
O00462,A0277,Account 0277,SMB,Energy,East,R009,Drew Mbeki,Inbound,Closed Lost,3500.0,2024-12-09,2024-12-31,2024-Q4,false,true,22,0.0,3500.0,0.0
O00463,A0114,Account 0114,SMB,Logistics,Central,R018,Sawyer Walsh,Event,Closed Lost,5600.0,2025-04-14,2025-05-24,2025-Q2,false,true,40,0.0,5600.0,0.0
O00464,A0161,Account 0161,SMB,Logistics,Central,R024,Wren Park,Inbound,Closed Lost,11700.0,2025-09-18,2025-10-12,2025-Q4,false,true,24,0.0,11700.0,0.0
O00465,A0422,Account 0422,SMB,Technology,Central,R021,Marlowe Silva,Inbound,Closed Lost,11900.0,2025-05-15,2025-06-11,2025-Q2,false,true,27,0.0,11900.0,0.0
O00466,A0439,Account 0439,Enterprise,Manufacturing,West,R017,Parker Schmidt,Referral,Closed Lost,219000.0,2024-09-10,2025-03-02,2025-Q1,false,true,173,0.0,219000.0,0.0
O00467,A0153,Account 0153,Mid-Market,Manufacturing,Central,R019,Blake Fischer,Outbound,Closed Won,78800.0,2024-01-06,2024-04-13,2024-Q2,true,true,98,78800.0,0.0,0.0
O00468,A0517,Account 0517,Mid-Market,Energy,Central,R001,Avery Nguyen,Partner,Closed Lost,42400.0,2025-03-11,2025-07-01,2025-Q3,false,true,112,0.0,42400.0,0.0
O00469,A0101,Account 0101,SMB,Financial Services,West,R018,Sawyer Walsh,Partner,Closed Lost,4200.0,2025-05-22,2025-06-20,2025-Q2,false,true,29,0.0,4200.0,0.0
O00470,A0417,Account 0417,Mid-Market,Energy,East,R006,Taylor Larsson,Inbound,Closed Lost,36300.0,2024-05-15,2024-08-13,2024-Q3,false,true,90,0.0,36300.0,0.0
O00471,A0492,Account 0492,SMB,Education,Central,R024,Wren Park,Partner,Closed Lost,13500.0,2024-11-08,2024-12-02,2024-Q4,false,true,24,0.0,13500.0,0.0
O00472,A0025,Account 0025,SMB,Energy,West,R018,Sawyer Walsh,Event,Closed Lost,16100.0,2025-04-19,2025-05-11,2025-Q2,false,true,22,0.0,16100.0,0.0
O00473,A0380,Account 0380,Mid-Market,Energy,Central,R023,Tatum Adeyemi,Event,Closed Won,71300.0,2025-04-20,2025-06-04,2025-Q2,true,true,45,71300.0,0.0,0.0
O00474,A0341,Account 0341,SMB,Education,East,R021,Marlowe Silva,Referral,Closed Won,9400.0,2024-02-03,2024-03-06,2024-Q1,true,true,32,9400.0,0.0,0.0
O00475,A0556,Account 0556,Mid-Market,Technology,East,R019,Blake Fischer,Referral,Closed Lost,56500.0,2024-07-31,2024-09-24,2024-Q3,false,true,55,0.0,56500.0,0.0
O00476,A0528,Account 0528,Enterprise,Technology,Central,R020,Elliot Mori,Inbound,Closed Lost,202500.0,2024-02-22,2024-06-19,2024-Q2,false,true,118,0.0,202500.0,0.0
O00477,A0376,Account 0376,Mid-Market,Manufacturing,West,R004,Cameron Cohen,Inbound,Closed Lost,61700.0,2025-10-25,2026-02-18,2026-Q1,false,true,116,0.0,61700.0,0.0
O00478,A0343,Account 0343,SMB,Retail,West,R009,Drew Mbeki,Partner,Closed Lost,12700.0,2025-07-06,2025-07-27,2025-Q3,false,true,21,0.0,12700.0,0.0
O00479,A0215,Account 0215,Mid-Market,Energy,West,R006,Taylor Larsson,Outbound,Closed Lost,73700.0,2024-11-24,2025-02-22,2025-Q1,false,true,90,0.0,73700.0,0.0
O00480,A0056,Account 0056,Enterprise,Healthcare,West,R017,Parker Schmidt,Event,Closed Lost,224800.0,2025-01-16,2025-07-13,2025-Q3,false,true,178,0.0,224800.0,0.0
O00481,A0482,Account 0482,Mid-Market,Energy,East,R016,Logan Reyes,Partner,Proposal,73800.0,2025-11-25,,2025-Q4,false,false,,0.0,0.0,73800.0
O00482,A0068,Account 0068,Mid-Market,Retail,Central,R006,Taylor Larsson,Inbound,Closed Lost,23000.0,2025-04-13,2025-06-08,2025-Q2,false,true,56,0.0,23000.0,0.0
O00483,A0079,Account 0079,SMB,Energy,East,R005,Morgan Okafor,Inbound,Closed Won,4700.0,2024-06-17,2024-07-18,2024-Q3,true,true,31,4700.0,0.0,0.0
O00484,A0210,Account 0210,Mid-Market,Healthcare,West,R016,Logan Reyes,Outbound,Closed Lost,36200.0,2025-10-04,2025-11-20,2025-Q4,false,true,47,0.0,36200.0,0.0
O00485,A0136,Account 0136,Mid-Market,Retail,Central,R014,Emerson Ibrahim,Inbound,Closed Lost,45500.0,2024-12-21,2025-03-29,2025-Q1,false,true,98,0.0,45500.0,0.0
O00486,A0065,Account 0065,SMB,Retail,Central,R002,Jordan Patel,Outbound,Closed Lost,12700.0,2024-08-25,2024-10-11,2024-Q4,false,true,47,0.0,12700.0,0.0
O00487,A0335,Account 0335,Mid-Market,Education,East,R014,Emerson Ibrahim,Event,Prospecting,70200.0,2025-08-30,,2025-Q3,false,false,,0.0,0.0,70200.0
O00488,A0176,Account 0176,Enterprise,Retail,Central,R020,Elliot Mori,Event,Closed Lost,199000.0,2024-08-20,2025-03-21,2025-Q1,false,true,213,0.0,199000.0,0.0
O00489,A0152,Account 0152,SMB,Energy,West,R012,Devon Costa,Inbound,Closed Lost,17300.0,2024-10-18,2024-11-30,2024-Q4,false,true,43,0.0,17300.0,0.0
O00490,A0549,Account 0549,SMB,Technology,West,R011,Sky Haddad,Partner,Closed Lost,15600.0,2024-07-05,2024-07-30,2024-Q3,false,true,25,0.0,15600.0,0.0
O00491,A0158,Account 0158,Enterprise,Technology,Central,R017,Parker Schmidt,Inbound,Closed Lost,93200.0,2024-08-31,2024-12-28,2024-Q4,false,true,119,0.0,93200.0,0.0
O00492,A0267,Account 0267,SMB,Manufacturing,Central,R012,Devon Costa,Inbound,Closed Won,11400.0,2024-07-07,2024-08-03,2024-Q3,true,true,27,11400.0,0.0,0.0
O00493,A0353,Account 0353,Mid-Market,Financial Services,West,R004,Cameron Cohen,Inbound,Closed Won,51500.0,2025-01-16,2025-04-28,2025-Q2,true,true,102,51500.0,0.0,0.0
O00494,A0026,Account 0026,SMB,Financial Services,East,R015,Rowan Andersen,Inbound,Closed Lost,17200.0,2025-05-26,2025-06-18,2025-Q2,false,true,23,0.0,17200.0,0.0
O00495,A0560,Account 0560,SMB,Healthcare,Central,R021,Marlowe Silva,Inbound,Closed Lost,13600.0,2024-12-05,2025-01-29,2025-Q1,false,true,55,0.0,13600.0,0.0
O00496,A0588,Account 0588,Mid-Market,Healthcare,Central,R023,Tatum Adeyemi,Inbound,Closed Lost,63200.0,2024-05-30,2024-09-24,2024-Q3,false,true,117,0.0,63200.0,0.0
O00497,A0116,Account 0116,SMB,Retail,Central,R018,Sawyer Walsh,Inbound,Closed Won,13200.0,2024-02-11,2024-03-04,2024-Q1,true,true,22,13200.0,0.0,0.0
O00498,A0226,Account 0226,SMB,Financial Services,East,R018,Sawyer Walsh,Inbound,Closed Lost,7900.0,2024-12-31,2025-01-19,2025-Q1,false,true,19,0.0,7900.0,0.0
O00499,A0540,Account 0540,SMB,Manufacturing,Central,R009,Drew Mbeki,Outbound,Closed Lost,3300.0,2024-10-11,2024-11-06,2024-Q4,false,true,26,0.0,3300.0,0.0
O00500,A0090,Account 0090,Mid-Market,Retail,Central,R016,Logan Reyes,Outbound,Closed Lost,48400.0,2025-02-07,2025-04-17,2025-Q2,false,true,69,0.0,48400.0,0.0
O00501,A0058,Account 0058,SMB,Healthcare,Central,R024,Wren Park,Outbound,Closed Lost,5200.0,2025-01-04,2025-02-12,2025-Q1,false,true,39,0.0,5200.0,0.0
O00502,A0382,Account 0382,SMB,Healthcare,West,R002,Jordan Patel,Event,Closed Lost,8300.0,2024-10-18,2024-11-23,2024-Q4,false,true,36,0.0,8300.0,0.0
O00503,A0090,Account 0090,Mid-Market,Retail,Central,R006,Taylor Larsson,Event,Closed Lost,67800.0,2025-03-30,2025-07-06,2025-Q3,false,true,98,0.0,67800.0,0.0
O00504,A0435,Account 0435,SMB,Retail,East,R015,Rowan Andersen,Inbound,Closed Won,12000.0,2024-05-22,2024-07-12,2024-Q3,true,true,51,12000.0,0.0,0.0
O00505,A0538,Account 0538,SMB,Manufacturing,East,R012,Devon Costa,Outbound,Closed Won,14300.0,2024-03-08,2024-04-28,2024-Q2,true,true,51,14300.0,0.0,0.0
O00506,A0280,Account 0280,SMB,Logistics,West,R015,Rowan Andersen,Referral,Closed Lost,9900.0,2024-06-28,2024-08-16,2024-Q3,false,true,49,0.0,9900.0,0.0
O00507,A0205,Account 0205,Mid-Market,Healthcare,West,R004,Cameron Cohen,Event,Closed Won,52300.0,2025-01-25,2025-04-17,2025-Q2,true,true,82,52300.0,0.0,0.0
O00508,A0600,Account 0600,SMB,Healthcare,West,R011,Sky Haddad,Event,Closed Won,14100.0,2025-05-20,2025-07-08,2025-Q3,true,true,49,14100.0,0.0,0.0
O00509,A0158,Account 0158,Enterprise,Technology,Central,R020,Elliot Mori,Inbound,Closed Lost,119700.0,2024-11-03,2025-06-01,2025-Q2,false,true,210,0.0,119700.0,0.0
O00510,A0184,Account 0184,Mid-Market,Retail,East,R014,Emerson Ibrahim,Outbound,Negotiation,19800.0,2025-10-22,,2025-Q4,false,false,,0.0,0.0,19800.0
O00511,A0371,Account 0371,Mid-Market,Energy,Central,R019,Blake Fischer,Partner,Closed Won,45000.0,2025-05-07,2025-09-01,2025-Q3,true,true,117,45000.0,0.0,0.0
O00512,A0123,Account 0123,SMB,Healthcare,East,R012,Devon Costa,Inbound,Closed Lost,11600.0,2025-06-08,2025-08-07,2025-Q3,false,true,60,0.0,11600.0,0.0
O00513,A0060,Account 0060,SMB,Technology,West,R008,Quinn Kim,Inbound,Closed Won,16200.0,2024-11-23,2025-01-05,2025-Q1,true,true,43,16200.0,0.0,0.0
O00514,A0280,Account 0280,SMB,Logistics,West,R012,Devon Costa,Inbound,Closed Lost,16700.0,2025-03-05,2025-04-28,2025-Q2,false,true,54,0.0,16700.0,0.0
O00515,A0543,Account 0543,Enterprise,Manufacturing,West,R017,Parker Schmidt,Inbound,Closed Won,325300.0,2025-06-10,2025-10-27,2025-Q4,true,true,139,325300.0,0.0,0.0
O00516,A0172,Account 0172,Mid-Market,Financial Services,Central,R016,Logan Reyes,Inbound,Closed Lost,69300.0,2024-11-26,2025-02-19,2025-Q1,false,true,85,0.0,69300.0,0.0
O00517,A0372,Account 0372,Enterprise,Technology,Central,R017,Parker Schmidt,Event,Prospecting,192500.0,2025-07-01,,2025-Q3,false,false,,0.0,0.0,192500.0
O00518,A0422,Account 0422,SMB,Technology,Central,R012,Devon Costa,Event,Closed Lost,6300.0,2024-06-15,2024-07-05,2024-Q3,false,true,20,0.0,6300.0,0.0
O00519,A0573,Account 0573,Mid-Market,Healthcare,Central,R019,Blake Fischer,Event,Closed Lost,62200.0,2025-06-22,2025-10-13,2025-Q4,false,true,113,0.0,62200.0,0.0
O00520,A0428,Account 0428,Mid-Market,Manufacturing,Central,R014,Emerson Ibrahim,Outbound,Closed Lost,68800.0,2024-03-19,2024-05-17,2024-Q2,false,true,59,0.0,68800.0,0.0
O00521,A0320,Account 0320,SMB,Technology,East,R012,Devon Costa,Event,Closed Lost,16300.0,2024-05-22,2024-07-03,2024-Q3,false,true,42,0.0,16300.0,0.0
O00522,A0351,Account 0351,Mid-Market,Retail,Central,R004,Cameron Cohen,Inbound,Closed Won,64200.0,2024-11-07,2024-12-25,2024-Q4,true,true,48,64200.0,0.0,0.0
O00523,A0146,Account 0146,Mid-Market,Manufacturing,Central,R006,Taylor Larsson,Outbound,Closed Lost,31000.0,2024-11-10,2025-01-10,2025-Q1,false,true,61,0.0,31000.0,0.0
O00524,A0115,Account 0115,Mid-Market,Energy,Central,R003,Riley Garcia,Inbound,Closed Won,65000.0,2024-01-20,2024-05-05,2024-Q2,true,true,106,65000.0,0.0,0.0
O00525,A0526,Account 0526,SMB,Manufacturing,West,R022,Shay Volkov,Inbound,Closed Won,4800.0,2024-03-01,2024-04-14,2024-Q2,true,true,44,4800.0,0.0,0.0
O00526,A0011,Account 0011,Enterprise,Technology,East,R017,Parker Schmidt,Partner,Closed Lost,268000.0,2024-05-06,2024-09-25,2024-Q3,false,true,142,0.0,268000.0,0.0
O00527,A0030,Account 0030,SMB,Financial Services,Central,R005,Morgan Okafor,Inbound,Closed Lost,17200.0,2024-05-29,2024-06-29,2024-Q2,false,true,31,0.0,17200.0,0.0
O00528,A0513,Account 0513,Enterprise,Manufacturing,East,R017,Parker Schmidt,Outbound,Closed Lost,101900.0,2025-06-01,2026-01-22,2026-Q1,false,true,235,0.0,101900.0,0.0
O00529,A0197,Account 0197,Mid-Market,Financial Services,West,R007,Casey Rossi,Referral,Closed Lost,18300.0,2024-06-24,2024-10-15,2024-Q4,false,true,113,0.0,18300.0,0.0
O00530,A0517,Account 0517,Mid-Market,Energy,Central,R014,Emerson Ibrahim,Inbound,Closed Lost,29500.0,2025-01-10,2025-05-10,2025-Q2,false,true,120,0.0,29500.0,0.0
O00531,A0364,Account 0364,Mid-Market,Financial Services,West,R013,Hayden Novak,Event,Closed Lost,49900.0,2025-03-10,2025-05-21,2025-Q2,false,true,72,0.0,49900.0,0.0
O00532,A0322,Account 0322,Enterprise,Education,East,R017,Parker Schmidt,Outbound,Closed Lost,246300.0,2025-04-22,2025-08-18,2025-Q3,false,true,118,0.0,246300.0,0.0
O00533,A0296,Account 0296,SMB,Healthcare,Central,R021,Marlowe Silva,Inbound,Closed Won,7900.0,2024-02-11,2024-03-01,2024-Q1,true,true,19,7900.0,0.0,0.0
O00534,A0320,Account 0320,SMB,Technology,East,R024,Wren Park,Event,Closed Won,11300.0,2025-03-30,2025-04-27,2025-Q2,true,true,28,11300.0,0.0,0.0
O00535,A0194,Account 0194,SMB,Logistics,East,R005,Morgan Okafor,Partner,Closed Won,8500.0,2025-05-02,2025-06-28,2025-Q2,true,true,57,8500.0,0.0,0.0
O00536,A0108,Account 0108,SMB,Technology,East,R015,Rowan Andersen,Inbound,Closed Won,12900.0,2025-03-24,2025-05-10,2025-Q2,true,true,47,12900.0,0.0,0.0
O00537,A0411,Account 0411,Mid-Market,Manufacturing,East,R019,Blake Fischer,Inbound,Closed Lost,22000.0,2024-04-14,2024-06-19,2024-Q2,false,true,66,0.0,22000.0,0.0
O00538,A0414,Account 0414,SMB,Logistics,West,R005,Morgan Okafor,Partner,Closed Won,13900.0,2024-08-26,2024-10-06,2024-Q4,true,true,41,13900.0,0.0,0.0
O00539,A0596,Account 0596,SMB,Retail,West,R022,Shay Volkov,Partner,Closed Lost,17100.0,2024-10-06,2024-11-30,2024-Q4,false,true,55,0.0,17100.0,0.0
O00540,A0415,Account 0415,SMB,Retail,East,R018,Sawyer Walsh,Inbound,Closed Lost,5200.0,2025-06-07,2025-07-08,2025-Q3,false,true,31,0.0,5200.0,0.0
O00541,A0502,Account 0502,SMB,Retail,Central,R018,Sawyer Walsh,Partner,Closed Won,17100.0,2024-08-24,2024-10-17,2024-Q4,true,true,54,17100.0,0.0,0.0
O00542,A0070,Account 0070,SMB,Healthcare,Central,R018,Sawyer Walsh,Partner,Closed Lost,17600.0,2025-11-25,2025-12-10,2025-Q4,false,true,15,0.0,17600.0,0.0
O00543,A0157,Account 0157,SMB,Retail,East,R011,Sky Haddad,Partner,Closed Won,4400.0,2025-09-28,2025-11-20,2025-Q4,true,true,53,4400.0,0.0,0.0
O00544,A0505,Account 0505,SMB,Education,West,R018,Sawyer Walsh,Inbound,Closed Lost,12900.0,2024-07-25,2024-08-26,2024-Q3,false,true,32,0.0,12900.0,0.0
O00545,A0352,Account 0352,SMB,Energy,East,R021,Marlowe Silva,Outbound,Closed Won,17300.0,2025-07-13,2025-07-28,2025-Q3,true,true,15,17300.0,0.0,0.0
O00546,A0122,Account 0122,SMB,Technology,West,R015,Rowan Andersen,Inbound,Closed Lost,15800.0,2025-04-05,2025-05-09,2025-Q2,false,true,34,0.0,15800.0,0.0
O00547,A0182,Account 0182,Enterprise,Technology,West,R020,Elliot Mori,Outbound,Closed Lost,217800.0,2024-06-17,2025-01-18,2025-Q1,false,true,215,0.0,217800.0,0.0
O00548,A0113,Account 0113,Enterprise,Technology,East,R020,Elliot Mori,Outbound,Negotiation,299300.0,2025-11-06,,2025-Q4,false,false,,0.0,0.0,299300.0
O00549,A0401,Account 0401,SMB,Financial Services,West,R011,Sky Haddad,Outbound,Closed Lost,17600.0,2025-05-21,2025-07-11,2025-Q3,false,true,51,0.0,17600.0,0.0
O00550,A0292,Account 0292,SMB,Financial Services,Central,R012,Devon Costa,Outbound,Closed Won,11900.0,2024-03-03,2024-03-18,2024-Q1,true,true,15,11900.0,0.0,0.0
O00551,A0598,Account 0598,SMB,Education,West,R002,Jordan Patel,Referral,Closed Lost,8700.0,2025-10-02,2025-11-06,2025-Q4,false,true,35,0.0,8700.0,0.0
O00552,A0422,Account 0422,SMB,Technology,Central,R012,Devon Costa,Inbound,Closed Won,6700.0,2024-02-27,2024-04-23,2024-Q2,true,true,56,6700.0,0.0,0.0
O00553,A0087,Account 0087,SMB,Retail,Central,R005,Morgan Okafor,Inbound,Closed Won,8100.0,2024-11-08,2024-11-29,2024-Q4,true,true,21,8100.0,0.0,0.0
O00554,A0472,Account 0472,Mid-Market,Education,Central,R023,Tatum Adeyemi,Inbound,Closed Lost,49900.0,2025-03-08,2025-07-03,2025-Q3,false,true,117,0.0,49900.0,0.0
O00555,A0481,Account 0481,SMB,Education,West,R022,Shay Volkov,Outbound,Closed Lost,8700.0,2024-01-23,2024-02-26,2024-Q1,false,true,34,0.0,8700.0,0.0
O00556,A0501,Account 0501,Mid-Market,Manufacturing,West,R003,Riley Garcia,Inbound,Closed Lost,38800.0,2025-11-22,2026-02-01,2026-Q1,false,true,71,0.0,38800.0,0.0
O00557,A0307,Account 0307,SMB,Technology,West,R012,Devon Costa,Event,Closed Lost,10500.0,2025-03-22,2025-04-17,2025-Q2,false,true,26,0.0,10500.0,0.0
O00558,A0549,Account 0549,SMB,Technology,West,R009,Drew Mbeki,Outbound,Closed Lost,3700.0,2024-10-21,2024-11-20,2024-Q4,false,true,30,0.0,3700.0,0.0
O00559,A0232,Account 0232,Mid-Market,Logistics,West,R019,Blake Fischer,Inbound,Closed Lost,23900.0,2024-04-04,2024-08-01,2024-Q3,false,true,119,0.0,23900.0,0.0
O00560,A0544,Account 0544,Mid-Market,Retail,Central,R014,Emerson Ibrahim,Event,Closed Won,39500.0,2025-03-13,2025-05-23,2025-Q2,true,true,71,39500.0,0.0,0.0
O00561,A0517,Account 0517,Mid-Market,Energy,Central,R007,Casey Rossi,Inbound,Closed Lost,37400.0,2025-03-19,2025-07-11,2025-Q3,false,true,114,0.0,37400.0,0.0
O00562,A0528,Account 0528,Enterprise,Technology,Central,R020,Elliot Mori,Event,Closed Won,137800.0,2025-11-18,2026-07-06,2026-Q3,true,true,230,137800.0,0.0,0.0
O00563,A0591,Account 0591,SMB,Retail,East,R018,Sawyer Walsh,Outbound,Closed Lost,17400.0,2024-08-06,2024-10-01,2024-Q4,false,true,56,0.0,17400.0,0.0
O00564,A0546,Account 0546,SMB,Energy,West,R022,Shay Volkov,Inbound,Closed Won,13900.0,2025-03-20,2025-05-09,2025-Q2,true,true,50,13900.0,0.0,0.0
O00565,A0474,Account 0474,SMB,Logistics,West,R008,Quinn Kim,Event,Closed Lost,14200.0,2024-09-03,2024-09-26,2024-Q3,false,true,23,0.0,14200.0,0.0
O00566,A0421,Account 0421,Mid-Market,Retail,Central,R010,Reese Dubois,Inbound,Closed Lost,70400.0,2024-03-06,2024-05-16,2024-Q2,false,true,71,0.0,70400.0,0.0
O00567,A0165,Account 0165,Enterprise,Education,West,R020,Elliot Mori,Event,Prospecting,209900.0,2025-09-07,,2025-Q3,false,false,,0.0,0.0,209900.0
O00568,A0476,Account 0476,SMB,Energy,West,R018,Sawyer Walsh,Inbound,Closed Lost,9300.0,2025-07-27,2025-09-06,2025-Q3,false,true,41,0.0,9300.0,0.0
O00569,A0280,Account 0280,SMB,Logistics,West,R008,Quinn Kim,Outbound,Closed Won,14800.0,2024-01-30,2024-02-29,2024-Q1,true,true,30,14800.0,0.0,0.0
O00570,A0044,Account 0044,SMB,Technology,East,R018,Sawyer Walsh,Outbound,Closed Won,15900.0,2024-01-21,2024-02-07,2024-Q1,true,true,17,15900.0,0.0,0.0
O00571,A0066,Account 0066,Enterprise,Education,East,R020,Elliot Mori,Event,Closed Lost,207000.0,2025-01-07,2025-04-30,2025-Q2,false,true,113,0.0,207000.0,0.0
O00572,A0242,Account 0242,Mid-Market,Manufacturing,West,R003,Riley Garcia,Event,Closed Lost,75800.0,2025-08-07,2025-11-24,2025-Q4,false,true,109,0.0,75800.0,0.0
O00573,A0538,Account 0538,SMB,Manufacturing,East,R011,Sky Haddad,Event,Closed Won,6600.0,2025-05-23,2025-06-11,2025-Q2,true,true,19,6600.0,0.0,0.0
O00574,A0338,Account 0338,Mid-Market,Technology,Central,R019,Blake Fischer,Inbound,Closed Won,76000.0,2025-02-03,2025-04-19,2025-Q2,true,true,75,76000.0,0.0,0.0
O00575,A0220,Account 0220,SMB,Energy,Central,R011,Sky Haddad,Outbound,Closed Lost,6800.0,2025-03-26,2025-05-05,2025-Q2,false,true,40,0.0,6800.0,0.0
O00576,A0384,Account 0384,Enterprise,Healthcare,Central,R017,Parker Schmidt,Referral,Closed Lost,215600.0,2024-11-20,2025-07-07,2025-Q3,false,true,229,0.0,215600.0,0.0
O00577,A0149,Account 0149,Mid-Market,Healthcare,East,R010,Reese Dubois,Referral,Closed Won,68900.0,2025-05-01,2025-08-01,2025-Q3,true,true,92,68900.0,0.0,0.0
O00578,A0036,Account 0036,Mid-Market,Manufacturing,West,R023,Tatum Adeyemi,Partner,Closed Lost,33700.0,2024-02-25,2024-05-10,2024-Q2,false,true,75,0.0,33700.0,0.0
O00579,A0372,Account 0372,Enterprise,Technology,Central,R017,Parker Schmidt,Referral,Closed Lost,354400.0,2025-07-01,2025-11-28,2025-Q4,false,true,150,0.0,354400.0,0.0
O00580,A0403,Account 0403,SMB,Retail,East,R011,Sky Haddad,Inbound,Closed Lost,17000.0,2024-11-04,2024-11-23,2024-Q4,false,true,19,0.0,17000.0,0.0
O00581,A0165,Account 0165,Enterprise,Education,West,R020,Elliot Mori,Event,Prospecting,361400.0,2025-10-08,,2025-Q4,false,false,,0.0,0.0,361400.0
O00582,A0504,Account 0504,Mid-Market,Financial Services,East,R014,Emerson Ibrahim,Event,Closed Lost,62500.0,2025-02-26,2025-05-24,2025-Q2,false,true,87,0.0,62500.0,0.0
O00583,A0165,Account 0165,Enterprise,Education,West,R020,Elliot Mori,Event,Closed Lost,192600.0,2025-06-02,2025-09-16,2025-Q3,false,true,106,0.0,192600.0,0.0
O00584,A0335,Account 0335,Mid-Market,Education,East,R014,Emerson Ibrahim,Outbound,Closed Won,57800.0,2024-01-29,2024-03-20,2024-Q1,true,true,51,57800.0,0.0,0.0
O00585,A0140,Account 0140,SMB,Healthcare,Central,R002,Jordan Patel,Inbound,Closed Won,12400.0,2025-02-14,2025-03-12,2025-Q1,true,true,26,12400.0,0.0,0.0
O00586,A0162,Account 0162,Enterprise,Retail,East,R017,Parker Schmidt,Event,Closed Lost,351000.0,2025-06-12,2025-10-13,2025-Q4,false,true,123,0.0,351000.0,0.0
O00587,A0328,Account 0328,SMB,Logistics,Central,R018,Sawyer Walsh,Event,Closed Lost,6900.0,2025-05-04,2025-05-26,2025-Q2,false,true,22,0.0,6900.0,0.0
O00588,A0289,Account 0289,SMB,Healthcare,West,R009,Drew Mbeki,Outbound,Closed Lost,8500.0,2024-03-27,2024-05-06,2024-Q2,false,true,40,0.0,8500.0,0.0
O00589,A0585,Account 0585,Mid-Market,Retail,Central,R006,Taylor Larsson,Partner,Closed Lost,75200.0,2024-01-22,2024-03-09,2024-Q1,false,true,47,0.0,75200.0,0.0
O00590,A0092,Account 0092,Mid-Market,Energy,West,R014,Emerson Ibrahim,Outbound,Closed Won,61500.0,2024-07-22,2024-10-08,2024-Q4,true,true,78,61500.0,0.0,0.0
O00591,A0440,Account 0440,Mid-Market,Logistics,Central,R019,Blake Fischer,Referral,Closed Lost,23500.0,2024-09-23,2024-11-26,2024-Q4,false,true,64,0.0,23500.0,0.0
O00592,A0121,Account 0121,SMB,Technology,West,R002,Jordan Patel,Event,Closed Lost,14600.0,2025-06-22,2025-08-02,2025-Q3,false,true,41,0.0,14600.0,0.0
O00593,A0507,Account 0507,SMB,Logistics,East,R005,Morgan Okafor,Event,Closed Lost,6000.0,2024-08-17,2024-10-15,2024-Q4,false,true,59,0.0,6000.0,0.0
O00594,A0273,Account 0273,SMB,Financial Services,East,R011,Sky Haddad,Outbound,Closed Lost,5000.0,2025-05-21,2025-06-28,2025-Q2,false,true,38,0.0,5000.0,0.0
O00595,A0290,Account 0290,Mid-Market,Logistics,West,R023,Tatum Adeyemi,Inbound,Closed Lost,29200.0,2024-07-12,2024-10-18,2024-Q4,false,true,98,0.0,29200.0,0.0
O00596,A0269,Account 0269,Mid-Market,Education,West,R006,Taylor Larsson,Outbound,Closed Lost,74300.0,2025-09-24,2026-01-04,2026-Q1,false,true,102,0.0,74300.0,0.0
O00597,A0011,Account 0011,Enterprise,Technology,East,R020,Elliot Mori,Inbound,Closed Lost,391800.0,2024-05-16,2024-11-04,2024-Q4,false,true,172,0.0,391800.0,0.0
O00598,A0393,Account 0393,Enterprise,Technology,East,R020,Elliot Mori,Outbound,Negotiation,103400.0,2025-09-03,,2025-Q3,false,false,,0.0,0.0,103400.0
O00599,A0363,Account 0363,SMB,Logistics,West,R022,Shay Volkov,Outbound,Qualification,13600.0,2025-11-17,,2025-Q4,false,false,,0.0,0.0,13600.0
O00600,A0405,Account 0405,SMB,Healthcare,East,R024,Wren Park,Outbound,Closed Lost,17500.0,2025-01-14,2025-02-05,2025-Q1,false,true,22,0.0,17500.0,0.0
O00601,A0267,Account 0267,SMB,Manufacturing,Central,R008,Quinn Kim,Inbound,Closed Lost,17000.0,2025-05-30,2025-07-14,2025-Q3,false,true,45,0.0,17000.0,0.0
O00602,A0325,Account 0325,Enterprise,Manufacturing,West,R020,Elliot Mori,Inbound,Closed Won,117400.0,2024-05-25,2024-10-28,2024-Q4,true,true,156,117400.0,0.0,0.0
O00603,A0288,Account 0288,Enterprise,Energy,East,R020,Elliot Mori,Event,Closed Lost,368900.0,2025-03-16,2025-08-25,2025-Q3,false,true,162,0.0,368900.0,0.0
O00604,A0271,Account 0271,SMB,Education,Central,R021,Marlowe Silva,Referral,Closed Won,16400.0,2024-11-16,2024-12-27,2024-Q4,true,true,41,16400.0,0.0,0.0
O00605,A0155,Account 0155,Mid-Market,Energy,East,R016,Logan Reyes,Inbound,Prospecting,21300.0,2025-11-04,,2025-Q4,false,false,,0.0,0.0,21300.0
O00606,A0479,Account 0479,SMB,Education,Central,R015,Rowan Andersen,Partner,Closed Lost,3600.0,2024-04-28,2024-06-12,2024-Q2,false,true,45,0.0,3600.0,0.0
O00607,A0497,Account 0497,SMB,Energy,East,R018,Sawyer Walsh,Inbound,Closed Lost,15700.0,2025-05-19,2025-06-09,2025-Q2,false,true,21,0.0,15700.0,0.0
O00608,A0096,Account 0096,SMB,Financial Services,Central,R009,Drew Mbeki,Event,Closed Lost,15500.0,2024-10-17,2024-11-11,2024-Q4,false,true,25,0.0,15500.0,0.0
O00609,A0577,Account 0577,SMB,Healthcare,West,R024,Wren Park,Outbound,Closed Lost,11800.0,2025-08-22,2025-09-18,2025-Q3,false,true,27,0.0,11800.0,0.0
O00610,A0585,Account 0585,Mid-Market,Retail,Central,R004,Cameron Cohen,Inbound,Closed Lost,33300.0,2025-03-02,2025-04-25,2025-Q2,false,true,54,0.0,33300.0,0.0
O00611,A0337,Account 0337,SMB,Healthcare,Central,R002,Jordan Patel,Outbound,Closed Won,17700.0,2024-10-18,2024-12-14,2024-Q4,true,true,57,17700.0,0.0,0.0
O00612,A0109,Account 0109,SMB,Technology,Central,R012,Devon Costa,Partner,Closed Lost,4200.0,2024-06-06,2024-06-21,2024-Q2,false,true,15,0.0,4200.0,0.0
O00613,A0465,Account 0465,SMB,Education,East,R024,Wren Park,Inbound,Closed Lost,12900.0,2024-10-02,2024-11-23,2024-Q4,false,true,52,0.0,12900.0,0.0
O00614,A0464,Account 0464,Enterprise,Education,West,R020,Elliot Mori,Partner,Closed Won,147600.0,2025-08-05,2025-12-06,2025-Q4,true,true,123,147600.0,0.0,0.0
O00615,A0331,Account 0331,Mid-Market,Manufacturing,Central,R001,Avery Nguyen,Outbound,Closed Lost,77000.0,2024-03-13,2024-07-06,2024-Q3,false,true,115,0.0,77000.0,0.0
O00616,A0183,Account 0183,SMB,Healthcare,East,R009,Drew Mbeki,Outbound,Closed Won,3300.0,2025-02-12,2025-03-03,2025-Q1,true,true,19,3300.0,0.0,0.0
O00617,A0413,Account 0413,Mid-Market,Healthcare,Central,R007,Casey Rossi,Inbound,Proposal,25500.0,2025-10-24,,2025-Q4,false,false,,0.0,0.0,25500.0
O00618,A0135,Account 0135,Enterprise,Financial Services,East,R020,Elliot Mori,Outbound,Negotiation,346300.0,2025-11-12,,2025-Q4,false,false,,0.0,0.0,346300.0
O00619,A0577,Account 0577,SMB,Healthcare,West,R022,Shay Volkov,Outbound,Closed Lost,14300.0,2025-03-09,2025-03-28,2025-Q1,false,true,19,0.0,14300.0,0.0
O00620,A0445,Account 0445,Enterprise,Healthcare,West,R020,Elliot Mori,Partner,Closed Lost,244300.0,2024-04-05,2024-07-14,2024-Q3,false,true,100,0.0,244300.0,0.0
O00621,A0159,Account 0159,SMB,Healthcare,Central,R018,Sawyer Walsh,Outbound,Closed Won,12700.0,2025-06-23,2025-08-16,2025-Q3,true,true,54,12700.0,0.0,0.0
O00622,A0082,Account 0082,SMB,Retail,East,R018,Sawyer Walsh,Inbound,Closed Lost,17800.0,2024-11-03,2024-11-26,2024-Q4,false,true,23,0.0,17800.0,0.0
O00623,A0255,Account 0255,SMB,Energy,East,R021,Marlowe Silva,Referral,Closed Lost,11500.0,2025-03-13,2025-04-14,2025-Q2,false,true,32,0.0,11500.0,0.0
O00624,A0526,Account 0526,SMB,Manufacturing,West,R005,Morgan Okafor,Partner,Closed Lost,9200.0,2025-06-06,2025-07-17,2025-Q3,false,true,41,0.0,9200.0,0.0
O00625,A0260,Account 0260,SMB,Energy,East,R012,Devon Costa,Inbound,Closed Lost,4200.0,2024-09-17,2024-11-07,2024-Q4,false,true,51,0.0,4200.0,0.0
O00626,A0474,Account 0474,SMB,Logistics,West,R008,Quinn Kim,Partner,Closed Lost,3700.0,2024-07-05,2024-08-13,2024-Q3,false,true,39,0.0,3700.0,0.0
O00627,A0322,Account 0322,Enterprise,Education,East,R020,Elliot Mori,Event,Closed Lost,279600.0,2025-11-17,2026-06-10,2026-Q2,false,true,205,0.0,279600.0,0.0
O00628,A0192,Account 0192,Mid-Market,Logistics,East,R006,Taylor Larsson,Event,Closed Lost,64300.0,2024-07-08,2024-09-01,2024-Q3,false,true,55,0.0,64300.0,0.0
O00629,A0109,Account 0109,SMB,Technology,Central,R015,Rowan Andersen,Inbound,Closed Won,3100.0,2025-07-01,2025-07-16,2025-Q3,true,true,15,3100.0,0.0,0.0
O00630,A0489,Account 0489,SMB,Logistics,East,R018,Sawyer Walsh,Outbound,Closed Lost,17500.0,2025-02-18,2025-04-15,2025-Q2,false,true,56,0.0,17500.0,0.0
O00631,A0370,Account 0370,SMB,Technology,West,R024,Wren Park,Event,Prospecting,15100.0,2025-11-22,,2025-Q4,false,false,,0.0,0.0,15100.0
O00632,A0193,Account 0193,SMB,Financial Services,Central,R002,Jordan Patel,Outbound,Closed Lost,12700.0,2024-08-02,2024-09-15,2024-Q3,false,true,44,0.0,12700.0,0.0
O00633,A0552,Account 0552,Mid-Market,Manufacturing,Central,R006,Taylor Larsson,Outbound,Closed Won,65700.0,2024-03-29,2024-06-20,2024-Q2,true,true,83,65700.0,0.0,0.0
O00634,A0120,Account 0120,Enterprise,Manufacturing,West,R017,Parker Schmidt,Event,Closed Lost,388400.0,2024-06-05,2024-12-25,2024-Q4,false,true,203,0.0,388400.0,0.0
O00635,A0600,Account 0600,SMB,Healthcare,West,R009,Drew Mbeki,Inbound,Closed Lost,11500.0,2024-07-25,2024-08-26,2024-Q3,false,true,32,0.0,11500.0,0.0
O00636,A0009,Account 0009,SMB,Financial Services,Central,R005,Morgan Okafor,Outbound,Closed Lost,9500.0,2025-10-07,2025-12-05,2025-Q4,false,true,59,0.0,9500.0,0.0
O00637,A0593,Account 0593,Mid-Market,Logistics,West,R019,Blake Fischer,Outbound,Closed Lost,20300.0,2025-07-21,2025-10-11,2025-Q4,false,true,82,0.0,20300.0,0.0
O00638,A0500,Account 0500,Mid-Market,Education,East,R006,Taylor Larsson,Outbound,Closed Lost,19200.0,2024-03-03,2024-06-23,2024-Q2,false,true,112,0.0,19200.0,0.0
O00639,A0275,Account 0275,SMB,Manufacturing,East,R024,Wren Park,Partner,Closed Lost,4800.0,2025-03-03,2025-04-16,2025-Q2,false,true,44,0.0,4800.0,0.0
O00640,A0460,Account 0460,SMB,Logistics,East,R015,Rowan Andersen,Outbound,Closed Won,7300.0,2024-01-22,2024-02-15,2024-Q1,true,true,24,7300.0,0.0,0.0
O00641,A0238,Account 0238,SMB,Logistics,West,R021,Marlowe Silva,Outbound,Closed Lost,16600.0,2024-08-12,2024-10-02,2024-Q4,false,true,51,0.0,16600.0,0.0
O00642,A0480,Account 0480,Enterprise,Manufacturing,Central,R017,Parker Schmidt,Partner,Closed Lost,387100.0,2024-10-27,2025-05-04,2025-Q2,false,true,189,0.0,387100.0,0.0
O00643,A0369,Account 0369,SMB,Technology,East,R018,Sawyer Walsh,Inbound,Closed Lost,6100.0,2024-06-14,2024-08-06,2024-Q3,false,true,53,0.0,6100.0,0.0
O00644,A0495,Account 0495,SMB,Financial Services,West,R008,Quinn Kim,Event,Closed Lost,5300.0,2024-06-26,2024-07-22,2024-Q3,false,true,26,0.0,5300.0,0.0
O00645,A0506,Account 0506,Mid-Market,Energy,East,R007,Casey Rossi,Outbound,Closed Lost,52500.0,2024-08-28,2024-11-07,2024-Q4,false,true,71,0.0,52500.0,0.0
O00646,A0268,Account 0268,Mid-Market,Manufacturing,East,R010,Reese Dubois,Event,Closed Lost,28800.0,2025-11-24,2026-01-28,2026-Q1,false,true,65,0.0,28800.0,0.0
O00647,A0346,Account 0346,SMB,Technology,Central,R015,Rowan Andersen,Outbound,Closed Lost,6400.0,2024-04-26,2024-06-18,2024-Q2,false,true,53,0.0,6400.0,0.0
O00648,A0349,Account 0349,SMB,Healthcare,West,R012,Devon Costa,Partner,Closed Won,7000.0,2024-02-17,2024-04-06,2024-Q2,true,true,49,7000.0,0.0,0.0
O00649,A0528,Account 0528,Enterprise,Technology,Central,R017,Parker Schmidt,Partner,Closed Lost,335700.0,2024-02-21,2024-09-10,2024-Q3,false,true,202,0.0,335700.0,0.0
O00650,A0109,Account 0109,SMB,Technology,Central,R022,Shay Volkov,Inbound,Closed Won,15400.0,2025-09-16,2025-10-06,2025-Q4,true,true,20,15400.0,0.0,0.0
O00651,A0121,Account 0121,SMB,Technology,West,R009,Drew Mbeki,Event,Closed Lost,13900.0,2025-01-05,2025-01-29,2025-Q1,false,true,24,0.0,13900.0,0.0
O00652,A0511,Account 0511,SMB,Logistics,East,R005,Morgan Okafor,Inbound,Closed Lost,8500.0,2024-06-06,2024-07-31,2024-Q3,false,true,55,0.0,8500.0,0.0
O00653,A0207,Account 0207,SMB,Retail,Central,R018,Sawyer Walsh,Outbound,Closed Lost,6700.0,2025-03-01,2025-03-15,2025-Q1,false,true,14,0.0,6700.0,0.0
O00654,A0518,Account 0518,SMB,Retail,Central,R008,Quinn Kim,Outbound,Closed Lost,8600.0,2024-03-28,2024-04-28,2024-Q2,false,true,31,0.0,8600.0,0.0
O00655,A0252,Account 0252,SMB,Manufacturing,East,R008,Quinn Kim,Outbound,Closed Won,14800.0,2025-06-26,2025-08-05,2025-Q3,true,true,40,14800.0,0.0,0.0
O00656,A0420,Account 0420,Mid-Market,Education,East,R014,Emerson Ibrahim,Event,Closed Lost,76500.0,2025-06-12,2025-09-11,2025-Q3,false,true,91,0.0,76500.0,0.0
O00657,A0530,Account 0530,Enterprise,Manufacturing,East,R017,Parker Schmidt,Inbound,Closed Lost,180700.0,2024-03-27,2024-09-19,2024-Q3,false,true,176,0.0,180700.0,0.0
O00658,A0063,Account 0063,SMB,Education,Central,R015,Rowan Andersen,Outbound,Closed Won,16800.0,2024-02-07,2024-04-03,2024-Q2,true,true,56,16800.0,0.0,0.0
O00659,A0533,Account 0533,SMB,Financial Services,Central,R011,Sky Haddad,Event,Closed Lost,16300.0,2025-03-05,2025-04-13,2025-Q2,false,true,39,0.0,16300.0,0.0
O00660,A0322,Account 0322,Enterprise,Education,East,R020,Elliot Mori,Inbound,Closed Lost,368100.0,2024-01-09,2024-06-18,2024-Q2,false,true,161,0.0,368100.0,0.0
O00661,A0414,Account 0414,SMB,Logistics,West,R018,Sawyer Walsh,Outbound,Closed Lost,16300.0,2025-10-21,2025-11-17,2025-Q4,false,true,27,0.0,16300.0,0.0
O00662,A0453,Account 0453,SMB,Financial Services,East,R012,Devon Costa,Inbound,Closed Lost,14600.0,2025-10-26,2025-12-04,2025-Q4,false,true,39,0.0,14600.0,0.0
O00663,A0551,Account 0551,Mid-Market,Manufacturing,Central,R010,Reese Dubois,Inbound,Closed Lost,50300.0,2025-02-03,2025-04-05,2025-Q2,false,true,61,0.0,50300.0,0.0
O00664,A0524,Account 0524,Enterprise,Financial Services,Central,R020,Elliot Mori,Inbound,Closed Won,322300.0,2025-06-17,2025-12-11,2025-Q4,true,true,177,322300.0,0.0,0.0
O00665,A0553,Account 0553,Enterprise,Financial Services,West,R020,Elliot Mori,Inbound,Closed Lost,312500.0,2024-09-04,2025-02-18,2025-Q1,false,true,167,0.0,312500.0,0.0
O00666,A0062,Account 0062,SMB,Technology,West,R012,Devon Costa,Partner,Closed Won,10600.0,2024-09-22,2024-11-15,2024-Q4,true,true,54,10600.0,0.0,0.0
O00667,A0128,Account 0128,Enterprise,Financial Services,West,R020,Elliot Mori,Referral,Closed Lost,315800.0,2024-11-01,2025-06-25,2025-Q2,false,true,236,0.0,315800.0,0.0
O00668,A0596,Account 0596,SMB,Retail,West,R022,Shay Volkov,Outbound,Closed Lost,11000.0,2025-10-04,2025-11-29,2025-Q4,false,true,56,0.0,11000.0,0.0
O00669,A0292,Account 0292,SMB,Financial Services,Central,R024,Wren Park,Partner,Closed Lost,5100.0,2025-08-09,2025-10-05,2025-Q4,false,true,57,0.0,5100.0,0.0
O00670,A0108,Account 0108,SMB,Technology,East,R012,Devon Costa,Outbound,Closed Lost,5900.0,2025-06-12,2025-08-02,2025-Q3,false,true,51,0.0,5900.0,0.0
O00671,A0151,Account 0151,Mid-Market,Retail,Central,R013,Hayden Novak,Inbound,Closed Lost,23700.0,2025-02-25,2025-04-21,2025-Q2,false,true,55,0.0,23700.0,0.0
O00672,A0220,Account 0220,SMB,Energy,Central,R018,Sawyer Walsh,Outbound,Closed Lost,13200.0,2024-03-20,2024-04-26,2024-Q2,false,true,37,0.0,13200.0,0.0
O00673,A0405,Account 0405,SMB,Healthcare,East,R011,Sky Haddad,Partner,Closed Lost,12500.0,2025-08-21,2025-10-05,2025-Q4,false,true,45,0.0,12500.0,0.0
O00674,A0502,Account 0502,SMB,Retail,Central,R015,Rowan Andersen,Outbound,Closed Lost,10600.0,2024-06-15,2024-07-08,2024-Q3,false,true,23,0.0,10600.0,0.0
O00675,A0526,Account 0526,SMB,Manufacturing,West,R021,Marlowe Silva,Partner,Closed Lost,6200.0,2024-04-30,2024-06-27,2024-Q2,false,true,58,0.0,6200.0,0.0
O00676,A0573,Account 0573,Mid-Market,Healthcare,Central,R010,Reese Dubois,Inbound,Closed Lost,24800.0,2024-05-01,2024-08-06,2024-Q3,false,true,97,0.0,24800.0,0.0
O00677,A0536,Account 0536,Mid-Market,Financial Services,East,R004,Cameron Cohen,Inbound,Closed Lost,36900.0,2024-04-30,2024-07-31,2024-Q3,false,true,92,0.0,36900.0,0.0
O00678,A0029,Account 0029,SMB,Manufacturing,Central,R008,Quinn Kim,Inbound,Closed Lost,9300.0,2024-05-25,2024-07-15,2024-Q3,false,true,51,0.0,9300.0,0.0
O00679,A0291,Account 0291,SMB,Retail,Central,R009,Drew Mbeki,Inbound,Closed Lost,3000.0,2024-07-06,2024-08-20,2024-Q3,false,true,45,0.0,3000.0,0.0
O00680,A0046,Account 0046,SMB,Financial Services,East,R015,Rowan Andersen,Inbound,Closed Lost,7600.0,2025-05-07,2025-06-26,2025-Q2,false,true,50,0.0,7600.0,0.0
O00681,A0387,Account 0387,Mid-Market,Education,West,R014,Emerson Ibrahim,Outbound,Closed Lost,65200.0,2025-09-12,2025-11-12,2025-Q4,false,true,61,0.0,65200.0,0.0
O00682,A0461,Account 0461,Mid-Market,Manufacturing,East,R023,Tatum Adeyemi,Event,Closed Lost,71700.0,2025-04-04,2025-06-07,2025-Q2,false,true,64,0.0,71700.0,0.0
O00683,A0420,Account 0420,Mid-Market,Education,East,R013,Hayden Novak,Partner,Closed Won,39000.0,2024-08-26,2024-11-29,2024-Q4,true,true,95,39000.0,0.0,0.0
O00684,A0454,Account 0454,SMB,Logistics,Central,R011,Sky Haddad,Outbound,Closed Lost,16000.0,2025-10-23,2025-11-11,2025-Q4,false,true,19,0.0,16000.0,0.0
O00685,A0317,Account 0317,Mid-Market,Education,Central,R016,Logan Reyes,Outbound,Closed Won,57900.0,2025-10-22,2025-12-21,2025-Q4,true,true,60,57900.0,0.0,0.0
O00686,A0055,Account 0055,Enterprise,Manufacturing,West,R017,Parker Schmidt,Referral,Closed Won,367000.0,2025-05-02,2025-12-06,2025-Q4,true,true,218,367000.0,0.0,0.0
O00687,A0185,Account 0185,SMB,Technology,East,R002,Jordan Patel,Event,Closed Lost,6700.0,2024-10-08,2024-11-04,2024-Q4,false,true,27,0.0,6700.0,0.0
O00688,A0455,Account 0455,Mid-Market,Manufacturing,West,R003,Riley Garcia,Event,Closed Won,42900.0,2025-06-30,2025-09-24,2025-Q3,true,true,86,42900.0,0.0,0.0
O00689,A0024,Account 0024,SMB,Retail,Central,R012,Devon Costa,Inbound,Closed Lost,9200.0,2025-03-23,2025-04-17,2025-Q2,false,true,25,0.0,9200.0,0.0
O00690,A0264,Account 0264,SMB,Education,East,R005,Morgan Okafor,Inbound,Closed Won,11100.0,2024-04-27,2024-05-17,2024-Q2,true,true,20,11100.0,0.0,0.0
O00691,A0092,Account 0092,Mid-Market,Energy,West,R004,Cameron Cohen,Referral,Closed Won,60100.0,2024-11-10,2025-02-15,2025-Q1,true,true,97,60100.0,0.0,0.0
O00692,A0186,Account 0186,Mid-Market,Manufacturing,East,R001,Avery Nguyen,Outbound,Closed Lost,42200.0,2024-02-29,2024-05-22,2024-Q2,false,true,83,0.0,42200.0,0.0
O00693,A0332,Account 0332,Enterprise,Retail,Central,R020,Elliot Mori,Outbound,Closed Lost,96600.0,2025-01-19,2025-05-19,2025-Q2,false,true,120,0.0,96600.0,0.0
O00694,A0243,Account 0243,SMB,Education,West,R018,Sawyer Walsh,Inbound,Closed Won,8800.0,2025-06-04,2025-07-20,2025-Q3,true,true,46,8800.0,0.0,0.0
O00695,A0476,Account 0476,SMB,Energy,West,R021,Marlowe Silva,Inbound,Closed Lost,10300.0,2025-02-20,2025-03-10,2025-Q1,false,true,18,0.0,10300.0,0.0
O00696,A0020,Account 0020,Mid-Market,Technology,Central,R007,Casey Rossi,Outbound,Closed Won,59900.0,2025-07-21,2025-11-18,2025-Q4,true,true,120,59900.0,0.0,0.0
O00697,A0129,Account 0129,Mid-Market,Retail,East,R007,Casey Rossi,Outbound,Closed Lost,45700.0,2025-08-04,2025-11-09,2025-Q4,false,true,97,0.0,45700.0,0.0
O00698,A0146,Account 0146,Mid-Market,Manufacturing,Central,R010,Reese Dubois,Outbound,Closed Lost,66500.0,2025-07-07,2025-09-11,2025-Q3,false,true,66,0.0,66500.0,0.0
O00699,A0569,Account 0569,SMB,Healthcare,Central,R018,Sawyer Walsh,Partner,Closed Lost,15200.0,2024-02-12,2024-02-26,2024-Q1,false,true,14,0.0,15200.0,0.0
O00700,A0172,Account 0172,Mid-Market,Financial Services,Central,R001,Avery Nguyen,Partner,Closed Won,34900.0,2024-03-02,2024-06-16,2024-Q2,true,true,106,34900.0,0.0,0.0
O00701,A0360,Account 0360,Mid-Market,Logistics,East,R023,Tatum Adeyemi,Inbound,Closed Lost,70100.0,2024-08-05,2024-12-02,2024-Q4,false,true,119,0.0,70100.0,0.0
O00702,A0547,Account 0547,Mid-Market,Logistics,East,R019,Blake Fischer,Event,Closed Lost,23600.0,2024-03-12,2024-06-03,2024-Q2,false,true,83,0.0,23600.0,0.0
O00703,A0570,Account 0570,Mid-Market,Financial Services,West,R007,Casey Rossi,Inbound,Closed Lost,55800.0,2025-03-18,2025-05-28,2025-Q2,false,true,71,0.0,55800.0,0.0
O00704,A0351,Account 0351,Mid-Market,Retail,Central,R023,Tatum Adeyemi,Inbound,Closed Lost,34900.0,2024-09-24,2025-01-04,2025-Q1,false,true,102,0.0,34900.0,0.0
O00705,A0216,Account 0216,SMB,Manufacturing,Central,R018,Sawyer Walsh,Partner,Closed Lost,3200.0,2025-09-05,2025-10-10,2025-Q4,false,true,35,0.0,3200.0,0.0
O00706,A0003,Account 0003,SMB,Healthcare,Central,R022,Shay Volkov,Outbound,Closed Lost,16500.0,2025-05-02,2025-05-16,2025-Q2,false,true,14,0.0,16500.0,0.0
O00707,A0501,Account 0501,Mid-Market,Manufacturing,West,R013,Hayden Novak,Inbound,Closed Lost,66800.0,2025-07-05,2025-08-29,2025-Q3,false,true,55,0.0,66800.0,0.0
O00708,A0032,Account 0032,SMB,Retail,Central,R024,Wren Park,Outbound,Closed Lost,4900.0,2025-03-31,2025-05-27,2025-Q2,false,true,57,0.0,4900.0,0.0
O00709,A0367,Account 0367,SMB,Retail,East,R015,Rowan Andersen,Outbound,Closed Won,17800.0,2024-06-30,2024-08-27,2024-Q3,true,true,58,17800.0,0.0,0.0
O00710,A0198,Account 0198,Enterprise,Financial Services,West,R020,Elliot Mori,Partner,Closed Lost,317800.0,2024-01-10,2024-06-04,2024-Q2,false,true,146,0.0,317800.0,0.0
O00711,A0367,Account 0367,SMB,Retail,East,R009,Drew Mbeki,Inbound,Closed Lost,12400.0,2024-04-02,2024-05-25,2024-Q2,false,true,53,0.0,12400.0,0.0
O00712,A0506,Account 0506,Mid-Market,Energy,East,R010,Reese Dubois,Outbound,Closed Lost,48600.0,2024-02-07,2024-04-27,2024-Q2,false,true,80,0.0,48600.0,0.0
O00713,A0008,Account 0008,Mid-Market,Financial Services,West,R006,Taylor Larsson,Inbound,Closed Lost,24900.0,2025-10-15,2026-01-18,2026-Q1,false,true,95,0.0,24900.0,0.0
O00714,A0199,Account 0199,SMB,Education,East,R024,Wren Park,Inbound,Closed Lost,13200.0,2025-08-02,2025-09-28,2025-Q3,false,true,57,0.0,13200.0,0.0
O00715,A0132,Account 0132,Mid-Market,Manufacturing,West,R003,Riley Garcia,Event,Closed Lost,75900.0,2024-05-10,2024-07-27,2024-Q3,false,true,78,0.0,75900.0,0.0
O00716,A0281,Account 0281,SMB,Technology,West,R009,Drew Mbeki,Outbound,Closed Lost,17900.0,2025-11-25,2025-12-10,2025-Q4,false,true,15,0.0,17900.0,0.0
O00717,A0259,Account 0259,SMB,Healthcare,Central,R024,Wren Park,Partner,Closed Lost,3000.0,2025-07-27,2025-09-08,2025-Q3,false,true,43,0.0,3000.0,0.0
O00718,A0054,Account 0054,Mid-Market,Financial Services,Central,R010,Reese Dubois,Outbound,Closed Lost,35000.0,2025-03-18,2025-06-23,2025-Q2,false,true,97,0.0,35000.0,0.0
O00719,A0371,Account 0371,Mid-Market,Energy,Central,R016,Logan Reyes,Outbound,Closed Lost,20900.0,2024-02-14,2024-04-27,2024-Q2,false,true,73,0.0,20900.0,0.0
O00720,A0324,Account 0324,Enterprise,Manufacturing,Central,R017,Parker Schmidt,Event,Closed Lost,187100.0,2025-02-05,2025-06-24,2025-Q2,false,true,139,0.0,187100.0,0.0
O00721,A0232,Account 0232,Mid-Market,Logistics,West,R013,Hayden Novak,Inbound,Closed Lost,30200.0,2024-03-17,2024-06-01,2024-Q2,false,true,76,0.0,30200.0,0.0
O00722,A0100,Account 0100,Mid-Market,Retail,Central,R001,Avery Nguyen,Partner,Closed Lost,68100.0,2025-05-06,2025-08-14,2025-Q3,false,true,100,0.0,68100.0,0.0
O00723,A0343,Account 0343,SMB,Retail,West,R011,Sky Haddad,Event,Closed Lost,10100.0,2024-09-10,2024-09-30,2024-Q3,false,true,20,0.0,10100.0,0.0
O00724,A0342,Account 0342,Mid-Market,Financial Services,Central,R016,Logan Reyes,Event,Closed Lost,66100.0,2024-08-30,2024-10-23,2024-Q4,false,true,54,0.0,66100.0,0.0
O00725,A0458,Account 0458,Enterprise,Healthcare,West,R017,Parker Schmidt,Event,Closed Lost,373300.0,2024-03-28,2024-07-11,2024-Q3,false,true,105,0.0,373300.0,0.0
O00726,A0067,Account 0067,SMB,Logistics,Central,R008,Quinn Kim,Outbound,Closed Lost,3800.0,2024-03-04,2024-04-15,2024-Q2,false,true,42,0.0,3800.0,0.0
O00727,A0105,Account 0105,Mid-Market,Healthcare,Central,R023,Tatum Adeyemi,Outbound,Closed Lost,21200.0,2024-02-27,2024-06-22,2024-Q2,false,true,116,0.0,21200.0,0.0
O00728,A0421,Account 0421,Mid-Market,Retail,Central,R006,Taylor Larsson,Outbound,Closed Lost,46100.0,2025-09-05,2025-10-21,2025-Q4,false,true,46,0.0,46100.0,0.0
O00729,A0104,Account 0104,SMB,Technology,East,R012,Devon Costa,Inbound,Prospecting,14700.0,2025-10-28,,2025-Q4,false,false,,0.0,0.0,14700.0
O00730,A0070,Account 0070,SMB,Healthcare,Central,R022,Shay Volkov,Outbound,Closed Lost,4900.0,2024-07-17,2024-09-05,2024-Q3,false,true,50,0.0,4900.0,0.0
O00731,A0493,Account 0493,SMB,Retail,Central,R022,Shay Volkov,Inbound,Closed Lost,6600.0,2025-03-31,2025-04-25,2025-Q2,false,true,25,0.0,6600.0,0.0
O00732,A0320,Account 0320,SMB,Technology,East,R022,Shay Volkov,Inbound,Closed Lost,17400.0,2025-03-22,2025-05-07,2025-Q2,false,true,46,0.0,17400.0,0.0
O00733,A0555,Account 0555,SMB,Financial Services,West,R008,Quinn Kim,Outbound,Closed Lost,7600.0,2024-05-30,2024-07-13,2024-Q3,false,true,44,0.0,7600.0,0.0
O00734,A0009,Account 0009,SMB,Financial Services,Central,R021,Marlowe Silva,Outbound,Closed Won,13200.0,2025-08-23,2025-10-18,2025-Q4,true,true,56,13200.0,0.0,0.0
O00735,A0573,Account 0573,Mid-Market,Healthcare,Central,R001,Avery Nguyen,Referral,Closed Won,30100.0,2025-03-08,2025-06-05,2025-Q2,true,true,89,30100.0,0.0,0.0
O00736,A0071,Account 0071,Mid-Market,Education,Central,R010,Reese Dubois,Outbound,Closed Lost,61100.0,2024-07-12,2024-10-25,2024-Q4,false,true,105,0.0,61100.0,0.0
O00737,A0340,Account 0340,SMB,Energy,Central,R022,Shay Volkov,Inbound,Closed Lost,12200.0,2025-08-02,2025-09-06,2025-Q3,false,true,35,0.0,12200.0,0.0
O00738,A0466,Account 0466,Mid-Market,Logistics,West,R001,Avery Nguyen,Partner,Closed Lost,75000.0,2025-05-22,2025-08-03,2025-Q3,false,true,73,0.0,75000.0,0.0
O00739,A0478,Account 0478,SMB,Technology,West,R022,Shay Volkov,Event,Closed Lost,10200.0,2024-08-06,2024-09-04,2024-Q3,false,true,29,0.0,10200.0,0.0
O00740,A0385,Account 0385,Enterprise,Education,Central,R017,Parker Schmidt,Inbound,Closed Won,344300.0,2025-02-13,2025-06-30,2025-Q2,true,true,137,344300.0,0.0,0.0
O00741,A0367,Account 0367,SMB,Retail,East,R002,Jordan Patel,Partner,Closed Lost,5100.0,2025-07-22,2025-08-12,2025-Q3,false,true,21,0.0,5100.0,0.0
O00742,A0369,Account 0369,SMB,Technology,East,R002,Jordan Patel,Event,Closed Won,6000.0,2024-01-31,2024-02-26,2024-Q1,true,true,26,6000.0,0.0,0.0
O00743,A0179,Account 0179,SMB,Education,East,R012,Devon Costa,Event,Closed Won,5700.0,2025-07-21,2025-08-19,2025-Q3,true,true,29,5700.0,0.0,0.0
O00744,A0104,Account 0104,SMB,Technology,East,R002,Jordan Patel,Inbound,Negotiation,8700.0,2025-11-24,,2025-Q4,false,false,,0.0,0.0,8700.0
O00745,A0246,Account 0246,Enterprise,Manufacturing,East,R020,Elliot Mori,Referral,Closed Lost,381200.0,2025-01-16,2025-05-29,2025-Q2,false,true,133,0.0,381200.0,0.0
O00746,A0445,Account 0445,Enterprise,Healthcare,West,R017,Parker Schmidt,Inbound,Closed Won,362500.0,2024-05-01,2024-09-04,2024-Q3,true,true,126,362500.0,0.0,0.0
O00747,A0546,Account 0546,SMB,Energy,West,R015,Rowan Andersen,Inbound,Closed Lost,12000.0,2025-01-18,2025-02-21,2025-Q1,false,true,34,0.0,12000.0,0.0
O00748,A0048,Account 0048,Mid-Market,Technology,East,R019,Blake Fischer,Inbound,Closed Lost,71000.0,2025-08-24,2025-11-01,2025-Q4,false,true,69,0.0,71000.0,0.0
O00749,A0254,Account 0254,Enterprise,Education,East,R017,Parker Schmidt,Event,Closed Lost,359300.0,2025-10-06,2026-03-16,2026-Q1,false,true,161,0.0,359300.0,0.0
O00750,A0215,Account 0215,Mid-Market,Energy,West,R003,Riley Garcia,Event,Closed Lost,28400.0,2025-04-26,2025-06-18,2025-Q2,false,true,53,0.0,28400.0,0.0
O00751,A0522,Account 0522,SMB,Retail,Central,R012,Devon Costa,Outbound,Closed Lost,10000.0,2025-05-25,2025-07-11,2025-Q3,false,true,47,0.0,10000.0,0.0
O00752,A0495,Account 0495,SMB,Financial Services,West,R018,Sawyer Walsh,Event,Closed Lost,11700.0,2025-04-30,2025-05-31,2025-Q2,false,true,31,0.0,11700.0,0.0
O00753,A0038,Account 0038,Enterprise,Retail,East,R017,Parker Schmidt,Inbound,Closed Lost,224700.0,2024-08-12,2024-12-31,2024-Q4,false,true,141,0.0,224700.0,0.0
O00754,A0436,Account 0436,SMB,Education,Central,R015,Rowan Andersen,Outbound,Closed Lost,17000.0,2025-08-08,2025-09-01,2025-Q3,false,true,24,0.0,17000.0,0.0
O00755,A0138,Account 0138,Mid-Market,Technology,Central,R003,Riley Garcia,Inbound,Closed Won,50200.0,2024-10-29,2025-02-07,2025-Q1,true,true,101,50200.0,0.0,0.0
O00756,A0525,Account 0525,SMB,Education,East,R022,Shay Volkov,Outbound,Closed Lost,9800.0,2024-12-10,2025-01-20,2025-Q1,false,true,41,0.0,9800.0,0.0
O00757,A0510,Account 0510,SMB,Financial Services,West,R012,Devon Costa,Inbound,Closed Lost,3400.0,2024-10-06,2024-11-13,2024-Q4,false,true,38,0.0,3400.0,0.0
O00758,A0078,Account 0078,Mid-Market,Energy,West,R010,Reese Dubois,Partner,Closed Lost,70200.0,2024-03-25,2024-06-15,2024-Q2,false,true,82,0.0,70200.0,0.0
O00759,A0284,Account 0284,Mid-Market,Financial Services,West,R006,Taylor Larsson,Inbound,Closed Won,22400.0,2024-04-10,2024-06-09,2024-Q2,true,true,60,22400.0,0.0,0.0
O00760,A0202,Account 0202,SMB,Retail,Central,R024,Wren Park,Partner,Closed Lost,7500.0,2024-12-03,2025-01-02,2025-Q1,false,true,30,0.0,7500.0,0.0
O00761,A0282,Account 0282,Mid-Market,Financial Services,East,R006,Taylor Larsson,Partner,Closed Lost,79900.0,2025-09-10,2025-11-11,2025-Q4,false,true,62,0.0,79900.0,0.0
O00762,A0268,Account 0268,Mid-Market,Manufacturing,East,R001,Avery Nguyen,Outbound,Closed Lost,69000.0,2024-11-02,2025-01-22,2025-Q1,false,true,81,0.0,69000.0,0.0
O00763,A0416,Account 0416,SMB,Healthcare,West,R022,Shay Volkov,Event,Closed Lost,10100.0,2025-11-02,2025-11-16,2025-Q4,false,true,14,0.0,10100.0,0.0
O00764,A0153,Account 0153,Mid-Market,Manufacturing,Central,R013,Hayden Novak,Inbound,Closed Won,62800.0,2024-08-21,2024-11-03,2024-Q4,true,true,74,62800.0,0.0,0.0
O00765,A0566,Account 0566,SMB,Retail,West,R018,Sawyer Walsh,Inbound,Closed Won,14900.0,2025-04-17,2025-05-22,2025-Q2,true,true,35,14900.0,0.0,0.0
O00766,A0428,Account 0428,Mid-Market,Manufacturing,Central,R006,Taylor Larsson,Inbound,Closed Won,70900.0,2025-03-25,2025-07-05,2025-Q3,true,true,102,70900.0,0.0,0.0
O00767,A0132,Account 0132,Mid-Market,Manufacturing,West,R007,Casey Rossi,Inbound,Closed Lost,68200.0,2024-01-10,2024-04-27,2024-Q2,false,true,108,0.0,68200.0,0.0
O00768,A0430,Account 0430,Mid-Market,Retail,West,R013,Hayden Novak,Outbound,Closed Lost,36600.0,2025-02-17,2025-06-10,2025-Q2,false,true,113,0.0,36600.0,0.0
O00769,A0033,Account 0033,SMB,Logistics,Central,R008,Quinn Kim,Referral,Closed Lost,11500.0,2024-06-06,2024-07-11,2024-Q3,false,true,35,0.0,11500.0,0.0
O00770,A0588,Account 0588,Mid-Market,Healthcare,Central,R013,Hayden Novak,Outbound,Closed Won,76800.0,2025-01-25,2025-04-06,2025-Q2,true,true,71,76800.0,0.0,0.0
O00771,A0487,Account 0487,SMB,Technology,East,R005,Morgan Okafor,Inbound,Closed Lost,17400.0,2024-12-02,2025-01-21,2025-Q1,false,true,50,0.0,17400.0,0.0
O00772,A0176,Account 0176,Enterprise,Retail,Central,R017,Parker Schmidt,Inbound,Closed Lost,136800.0,2025-11-22,2026-07-11,2026-Q3,false,true,231,0.0,136800.0,0.0
O00773,A0204,Account 0204,Enterprise,Energy,West,R017,Parker Schmidt,Outbound,Closed Lost,145900.0,2025-01-30,2025-07-11,2025-Q3,false,true,162,0.0,145900.0,0.0
O00774,A0466,Account 0466,Mid-Market,Logistics,West,R001,Avery Nguyen,Referral,Closed Lost,18700.0,2025-01-12,2025-05-03,2025-Q2,false,true,111,0.0,18700.0,0.0
O00775,A0401,Account 0401,SMB,Financial Services,West,R008,Quinn Kim,Inbound,Closed Lost,11000.0,2024-04-23,2024-05-15,2024-Q2,false,true,22,0.0,11000.0,0.0
O00776,A0212,Account 0212,Mid-Market,Financial Services,Central,R004,Cameron Cohen,Outbound,Closed Lost,44800.0,2024-07-29,2024-10-21,2024-Q4,false,true,84,0.0,44800.0,0.0
O00777,A0589,Account 0589,SMB,Technology,West,R011,Sky Haddad,Inbound,Closed Lost,10500.0,2025-08-24,2025-09-19,2025-Q3,false,true,26,0.0,10500.0,0.0
O00778,A0008,Account 0008,Mid-Market,Financial Services,West,R004,Cameron Cohen,Inbound,Closed Lost,69100.0,2025-04-01,2025-05-24,2025-Q2,false,true,53,0.0,69100.0,0.0
O00779,A0337,Account 0337,SMB,Healthcare,Central,R022,Shay Volkov,Inbound,Closed Won,9900.0,2025-05-17,2025-06-29,2025-Q2,true,true,43,9900.0,0.0,0.0
O00780,A0468,Account 0468,Mid-Market,Manufacturing,East,R010,Reese Dubois,Inbound,Closed Lost,56000.0,2024-10-31,2025-02-03,2025-Q1,false,true,95,0.0,56000.0,0.0
O00781,A0256,Account 0256,Mid-Market,Education,East,R004,Cameron Cohen,Outbound,Qualification,46400.0,2025-09-24,,2025-Q3,false,false,,0.0,0.0,46400.0
O00782,A0045,Account 0045,Mid-Market,Technology,East,R006,Taylor Larsson,Partner,Closed Lost,72700.0,2024-06-10,2024-08-29,2024-Q3,false,true,80,0.0,72700.0,0.0
O00783,A0069,Account 0069,Mid-Market,Manufacturing,East,R006,Taylor Larsson,Referral,Closed Lost,79500.0,2025-05-20,2025-08-25,2025-Q3,false,true,97,0.0,79500.0,0.0
O00784,A0079,Account 0079,SMB,Energy,East,R005,Morgan Okafor,Inbound,Closed Won,9200.0,2025-05-31,2025-07-04,2025-Q3,true,true,34,9200.0,0.0,0.0
O00785,A0046,Account 0046,SMB,Financial Services,East,R018,Sawyer Walsh,Outbound,Closed Lost,12600.0,2024-01-28,2024-02-15,2024-Q1,false,true,18,0.0,12600.0,0.0
O00786,A0352,Account 0352,SMB,Energy,East,R015,Rowan Andersen,Partner,Closed Won,3600.0,2024-07-18,2024-08-26,2024-Q3,true,true,39,3600.0,0.0,0.0
O00787,A0140,Account 0140,SMB,Healthcare,Central,R012,Devon Costa,Inbound,Closed Won,10300.0,2025-11-17,2025-12-30,2025-Q4,true,true,43,10300.0,0.0,0.0
O00788,A0449,Account 0449,SMB,Technology,West,R008,Quinn Kim,Inbound,Closed Won,15600.0,2025-04-27,2025-05-28,2025-Q2,true,true,31,15600.0,0.0,0.0
O00789,A0103,Account 0103,Enterprise,Retail,West,R017,Parker Schmidt,Inbound,Closed Lost,251100.0,2024-10-28,2025-02-26,2025-Q1,false,true,121,0.0,251100.0,0.0
O00790,A0012,Account 0012,SMB,Energy,West,R024,Wren Park,Partner,Closed Won,9600.0,2024-10-06,2024-10-29,2024-Q4,true,true,23,9600.0,0.0,0.0
O00791,A0546,Account 0546,SMB,Energy,West,R009,Drew Mbeki,Outbound,Closed Lost,3700.0,2025-03-28,2025-05-25,2025-Q2,false,true,58,0.0,3700.0,0.0
O00792,A0106,Account 0106,SMB,Education,West,R015,Rowan Andersen,Event,Closed Won,3800.0,2024-11-11,2024-12-23,2024-Q4,true,true,42,3800.0,0.0,0.0
O00793,A0207,Account 0207,SMB,Retail,Central,R009,Drew Mbeki,Inbound,Closed Won,6000.0,2025-01-18,2025-02-16,2025-Q1,true,true,29,6000.0,0.0,0.0
O00794,A0015,Account 0015,SMB,Healthcare,East,R012,Devon Costa,Event,Closed Won,13000.0,2024-07-15,2024-09-10,2024-Q3,true,true,57,13000.0,0.0,0.0
O00795,A0172,Account 0172,Mid-Market,Financial Services,Central,R004,Cameron Cohen,Inbound,Closed Lost,49800.0,2024-02-15,2024-05-23,2024-Q2,false,true,98,0.0,49800.0,0.0
O00796,A0195,Account 0195,SMB,Healthcare,East,R022,Shay Volkov,Inbound,Closed Lost,8900.0,2024-07-31,2024-09-17,2024-Q3,false,true,48,0.0,8900.0,0.0
O00797,A0109,Account 0109,SMB,Technology,Central,R012,Devon Costa,Inbound,Closed Lost,3200.0,2024-11-27,2024-12-22,2024-Q4,false,true,25,0.0,3200.0,0.0
O00798,A0218,Account 0218,SMB,Logistics,West,R018,Sawyer Walsh,Partner,Closed Won,12900.0,2024-08-13,2024-08-31,2024-Q3,true,true,18,12900.0,0.0,0.0
O00799,A0045,Account 0045,Mid-Market,Technology,East,R003,Riley Garcia,Referral,Closed Lost,36700.0,2024-08-11,2024-11-16,2024-Q4,false,true,97,0.0,36700.0,0.0
O00800,A0105,Account 0105,Mid-Market,Healthcare,Central,R016,Logan Reyes,Inbound,Closed Won,33600.0,2025-08-05,2025-10-10,2025-Q4,true,true,66,33600.0,0.0,0.0
O00801,A0398,Account 0398,SMB,Education,Central,R024,Wren Park,Partner,Closed Lost,5600.0,2024-05-16,2024-06-20,2024-Q2,false,true,35,0.0,5600.0,0.0
O00802,A0494,Account 0494,Mid-Market,Manufacturing,Central,R003,Riley Garcia,Outbound,Closed Lost,55700.0,2024-12-09,2025-01-25,2025-Q1,false,true,47,0.0,55700.0,0.0
O00803,A0239,Account 0239,Mid-Market,Technology,West,R016,Logan Reyes,Event,Closed Lost,32400.0,2025-08-24,2025-10-09,2025-Q4,false,true,46,0.0,32400.0,0.0
O00804,A0317,Account 0317,Mid-Market,Education,Central,R006,Taylor Larsson,Outbound,Closed Won,56400.0,2025-03-14,2025-05-29,2025-Q2,true,true,76,56400.0,0.0,0.0
O00805,A0304,Account 0304,SMB,Education,West,R009,Drew Mbeki,Referral,Closed Won,6100.0,2024-06-04,2024-07-12,2024-Q3,true,true,38,6100.0,0.0,0.0
O00806,A0455,Account 0455,Mid-Market,Manufacturing,West,R010,Reese Dubois,Inbound,Closed Lost,37700.0,2024-05-17,2024-08-05,2024-Q3,false,true,80,0.0,37700.0,0.0
O00807,A0425,Account 0425,SMB,Logistics,Central,R024,Wren Park,Outbound,Closed Lost,6400.0,2024-10-22,2024-11-06,2024-Q4,false,true,15,0.0,6400.0,0.0
O00808,A0211,Account 0211,Mid-Market,Financial Services,East,R016,Logan Reyes,Inbound,Closed Lost,67700.0,2024-02-25,2024-05-11,2024-Q2,false,true,76,0.0,67700.0,0.0
O00809,A0391,Account 0391,Mid-Market,Manufacturing,West,R016,Logan Reyes,Event,Closed Won,45400.0,2024-11-25,2025-02-01,2025-Q1,true,true,68,45400.0,0.0,0.0
O00810,A0072,Account 0072,SMB,Energy,East,R009,Drew Mbeki,Inbound,Closed Lost,17900.0,2024-02-23,2024-04-17,2024-Q2,false,true,54,0.0,17900.0,0.0
O00811,A0178,Account 0178,Enterprise,Energy,Central,R017,Parker Schmidt,Inbound,Closed Lost,105000.0,2024-08-29,2025-04-05,2025-Q2,false,true,219,0.0,105000.0,0.0
O00812,A0203,Account 0203,SMB,Education,West,R009,Drew Mbeki,Outbound,Closed Won,12100.0,2025-03-10,2025-04-04,2025-Q2,true,true,25,12100.0,0.0,0.0
O00813,A0207,Account 0207,SMB,Retail,Central,R011,Sky Haddad,Outbound,Closed Lost,17300.0,2025-05-07,2025-05-26,2025-Q2,false,true,19,0.0,17300.0,0.0
O00814,A0483,Account 0483,SMB,Logistics,Central,R018,Sawyer Walsh,Inbound,Closed Lost,12100.0,2025-03-08,2025-04-23,2025-Q2,false,true,46,0.0,12100.0,0.0
O00815,A0494,Account 0494,Mid-Market,Manufacturing,Central,R001,Avery Nguyen,Referral,Closed Lost,71000.0,2025-01-25,2025-05-04,2025-Q2,false,true,99,0.0,71000.0,0.0
O00816,A0551,Account 0551,Mid-Market,Manufacturing,Central,R004,Cameron Cohen,Outbound,Closed Lost,34000.0,2025-07-20,2025-09-25,2025-Q3,false,true,67,0.0,34000.0,0.0
O00817,A0385,Account 0385,Enterprise,Education,Central,R020,Elliot Mori,Inbound,Closed Lost,123700.0,2024-03-14,2024-09-05,2024-Q3,false,true,175,0.0,123700.0,0.0
O00818,A0195,Account 0195,SMB,Healthcare,East,R002,Jordan Patel,Outbound,Closed Lost,14000.0,2024-01-14,2024-02-29,2024-Q1,false,true,46,0.0,14000.0,0.0
O00819,A0426,Account 0426,SMB,Energy,West,R015,Rowan Andersen,Outbound,Closed Lost,10300.0,2025-01-17,2025-02-24,2025-Q1,false,true,38,0.0,10300.0,0.0
O00820,A0419,Account 0419,SMB,Healthcare,West,R002,Jordan Patel,Event,Closed Won,17000.0,2024-05-07,2024-06-14,2024-Q2,true,true,38,17000.0,0.0,0.0
O00821,A0262,Account 0262,SMB,Retail,East,R012,Devon Costa,Partner,Closed Lost,10300.0,2025-06-05,2025-08-03,2025-Q3,false,true,59,0.0,10300.0,0.0
O00822,A0395,Account 0395,SMB,Technology,West,R015,Rowan Andersen,Outbound,Closed Lost,10200.0,2024-09-09,2024-10-08,2024-Q4,false,true,29,0.0,10200.0,0.0
O00823,A0029,Account 0029,SMB,Manufacturing,Central,R024,Wren Park,Partner,Closed Lost,6900.0,2025-10-22,2025-11-14,2025-Q4,false,true,23,0.0,6900.0,0.0
O00824,A0261,Account 0261,SMB,Education,East,R009,Drew Mbeki,Inbound,Closed Lost,17300.0,2025-09-08,2025-10-29,2025-Q4,false,true,51,0.0,17300.0,0.0
O00825,A0095,Account 0095,SMB,Education,Central,R024,Wren Park,Inbound,Closed Lost,13600.0,2025-01-28,2025-03-08,2025-Q1,false,true,39,0.0,13600.0,0.0
O00826,A0194,Account 0194,SMB,Logistics,East,R015,Rowan Andersen,Referral,Closed Won,6800.0,2024-06-18,2024-07-29,2024-Q3,true,true,41,6800.0,0.0,0.0
O00827,A0392,Account 0392,SMB,Logistics,West,R022,Shay Volkov,Partner,Closed Lost,9200.0,2024-11-11,2025-01-10,2025-Q1,false,true,60,0.0,9200.0,0.0
O00828,A0092,Account 0092,Mid-Market,Energy,West,R003,Riley Garcia,Referral,Proposal,66200.0,2025-10-13,,2025-Q4,false,false,,0.0,0.0,66200.0
O00829,A0408,Account 0408,SMB,Healthcare,West,R011,Sky Haddad,Inbound,Closed Won,15200.0,2024-01-07,2024-01-31,2024-Q1,true,true,24,15200.0,0.0,0.0
O00830,A0428,Account 0428,Mid-Market,Manufacturing,Central,R016,Logan Reyes,Outbound,Closed Won,63400.0,2025-03-02,2025-05-22,2025-Q2,true,true,81,63400.0,0.0,0.0
O00831,A0138,Account 0138,Mid-Market,Technology,Central,R006,Taylor Larsson,Outbound,Closed Won,49200.0,2025-05-13,2025-07-20,2025-Q3,true,true,68,49200.0,0.0,0.0
O00832,A0218,Account 0218,SMB,Logistics,West,R008,Quinn Kim,Inbound,Closed Lost,14200.0,2024-07-24,2024-08-10,2024-Q3,false,true,17,0.0,14200.0,0.0
O00833,A0419,Account 0419,SMB,Healthcare,West,R018,Sawyer Walsh,Inbound,Closed Lost,4600.0,2025-10-03,2025-11-25,2025-Q4,false,true,53,0.0,4600.0,0.0
O00834,A0088,Account 0088,Enterprise,Healthcare,East,R020,Elliot Mori,Inbound,Closed Won,100600.0,2024-05-07,2024-10-14,2024-Q4,true,true,160,100600.0,0.0,0.0
O00835,A0497,Account 0497,SMB,Energy,East,R024,Wren Park,Inbound,Closed Lost,3900.0,2024-04-13,2024-04-27,2024-Q2,false,true,14,0.0,3900.0,0.0
O00836,A0597,Account 0597,SMB,Financial Services,West,R002,Jordan Patel,Outbound,Closed Won,10800.0,2024-04-09,2024-05-06,2024-Q2,true,true,27,10800.0,0.0,0.0
O00837,A0273,Account 0273,SMB,Financial Services,East,R018,Sawyer Walsh,Partner,Closed Lost,12100.0,2025-04-29,2025-06-03,2025-Q2,false,true,35,0.0,12100.0,0.0
O00838,A0352,Account 0352,SMB,Energy,East,R012,Devon Costa,Inbound,Closed Lost,13000.0,2024-09-02,2024-10-09,2024-Q4,false,true,37,0.0,13000.0,0.0
O00839,A0365,Account 0365,SMB,Logistics,East,R012,Devon Costa,Partner,Closed Lost,9900.0,2024-04-12,2024-04-26,2024-Q2,false,true,14,0.0,9900.0,0.0
O00840,A0143,Account 0143,Mid-Market,Manufacturing,Central,R001,Avery Nguyen,Partner,Closed Lost,71900.0,2025-09-08,2025-11-07,2025-Q4,false,true,60,0.0,71900.0,0.0
O00841,A0255,Account 0255,SMB,Energy,East,R012,Devon Costa,Outbound,Closed Lost,13300.0,2025-04-07,2025-05-30,2025-Q2,false,true,53,0.0,13300.0,0.0
O00842,A0193,Account 0193,SMB,Financial Services,Central,R002,Jordan Patel,Inbound,Closed Lost,3200.0,2025-10-15,2025-11-18,2025-Q4,false,true,34,0.0,3200.0,0.0
O00843,A0334,Account 0334,SMB,Manufacturing,East,R024,Wren Park,Outbound,Closed Lost,12100.0,2025-03-30,2025-04-27,2025-Q2,false,true,28,0.0,12100.0,0.0
O00844,A0084,Account 0084,SMB,Technology,Central,R012,Devon Costa,Referral,Closed Lost,17800.0,2025-03-14,2025-04-27,2025-Q2,false,true,44,0.0,17800.0,0.0
O00845,A0395,Account 0395,SMB,Technology,West,R011,Sky Haddad,Event,Closed Lost,13700.0,2025-09-13,2025-10-09,2025-Q4,false,true,26,0.0,13700.0,0.0
O00846,A0517,Account 0517,Mid-Market,Energy,Central,R001,Avery Nguyen,Partner,Closed Lost,67400.0,2024-05-10,2024-08-26,2024-Q3,false,true,108,0.0,67400.0,0.0
O00847,A0562,Account 0562,Mid-Market,Financial Services,West,R014,Emerson Ibrahim,Outbound,Closed Lost,77200.0,2024-06-21,2024-10-01,2024-Q4,false,true,102,0.0,77200.0,0.0
O00848,A0250,Account 0250,SMB,Retail,Central,R009,Drew Mbeki,Referral,Closed Won,13500.0,2024-06-23,2024-08-18,2024-Q3,true,true,56,13500.0,0.0,0.0
O00849,A0030,Account 0030,SMB,Financial Services,Central,R008,Quinn Kim,Inbound,Closed Won,14500.0,2024-11-30,2025-01-07,2025-Q1,true,true,38,14500.0,0.0,0.0
O00850,A0488,Account 0488,Mid-Market,Financial Services,Central,R023,Tatum Adeyemi,Outbound,Closed Lost,75200.0,2024-05-06,2024-07-07,2024-Q3,false,true,62,0.0,75200.0,0.0
O00851,A0341,Account 0341,SMB,Education,East,R009,Drew Mbeki,Referral,Closed Lost,4000.0,2025-08-12,2025-10-03,2025-Q4,false,true,52,0.0,4000.0,0.0
O00852,A0391,Account 0391,Mid-Market,Manufacturing,West,R023,Tatum Adeyemi,Inbound,Prospecting,77900.0,2025-10-19,,2025-Q4,false,false,,0.0,0.0,77900.0
O00853,A0115,Account 0115,Mid-Market,Energy,Central,R003,Riley Garcia,Inbound,Closed Lost,76100.0,2024-12-14,2025-04-13,2025-Q2,false,true,120,0.0,76100.0,0.0
O00854,A0377,Account 0377,SMB,Healthcare,East,R008,Quinn Kim,Inbound,Closed Won,11700.0,2024-11-16,2024-12-24,2024-Q4,true,true,38,11700.0,0.0,0.0
O00855,A0549,Account 0549,SMB,Technology,West,R009,Drew Mbeki,Partner,Closed Lost,7800.0,2025-02-01,2025-03-14,2025-Q1,false,true,41,0.0,7800.0,0.0
O00856,A0130,Account 0130,SMB,Logistics,Central,R021,Marlowe Silva,Inbound,Negotiation,11900.0,2025-11-10,,2025-Q4,false,false,,0.0,0.0,11900.0
O00857,A0304,Account 0304,SMB,Education,West,R009,Drew Mbeki,Inbound,Closed Lost,9800.0,2025-05-26,2025-07-22,2025-Q3,false,true,57,0.0,9800.0,0.0
O00858,A0036,Account 0036,Mid-Market,Manufacturing,West,R019,Blake Fischer,Inbound,Closed Lost,49100.0,2024-11-23,2025-02-15,2025-Q1,false,true,84,0.0,49100.0,0.0
O00859,A0588,Account 0588,Mid-Market,Healthcare,Central,R014,Emerson Ibrahim,Inbound,Negotiation,48700.0,2025-10-08,,2025-Q4,false,false,,0.0,0.0,48700.0
O00860,A0216,Account 0216,SMB,Manufacturing,Central,R009,Drew Mbeki,Inbound,Closed Lost,15900.0,2024-02-23,2024-03-19,2024-Q1,false,true,25,0.0,15900.0,0.0
O00861,A0164,Account 0164,Mid-Market,Manufacturing,Central,R001,Avery Nguyen,Referral,Closed Lost,38900.0,2025-07-15,2025-10-18,2025-Q4,false,true,95,0.0,38900.0,0.0
O00862,A0401,Account 0401,SMB,Financial Services,West,R015,Rowan Andersen,Referral,Closed Won,13900.0,2024-03-14,2024-04-30,2024-Q2,true,true,47,13900.0,0.0,0.0
O00863,A0562,Account 0562,Mid-Market,Financial Services,West,R013,Hayden Novak,Event,Closed Lost,38100.0,2024-04-09,2024-06-09,2024-Q2,false,true,61,0.0,38100.0,0.0
O00864,A0056,Account 0056,Enterprise,Healthcare,West,R020,Elliot Mori,Outbound,Closed Lost,264700.0,2025-04-13,2025-08-22,2025-Q3,false,true,131,0.0,264700.0,0.0
O00865,A0149,Account 0149,Mid-Market,Healthcare,East,R006,Taylor Larsson,Partner,Closed Won,63600.0,2024-08-11,2024-10-20,2024-Q4,true,true,70,63600.0,0.0,0.0
O00866,A0590,Account 0590,SMB,Healthcare,West,R005,Morgan Okafor,Inbound,Closed Lost,8600.0,2025-11-25,2025-12-18,2025-Q4,false,true,23,0.0,8600.0,0.0
O00867,A0058,Account 0058,SMB,Healthcare,Central,R005,Morgan Okafor,Referral,Closed Won,5700.0,2024-12-30,2025-02-12,2025-Q1,true,true,44,5700.0,0.0,0.0
O00868,A0347,Account 0347,SMB,Retail,West,R022,Shay Volkov,Inbound,Closed Lost,12400.0,2025-03-20,2025-04-12,2025-Q2,false,true,23,0.0,12400.0,0.0
O00869,A0247,Account 0247,Enterprise,Financial Services,Central,R020,Elliot Mori,Partner,Closed Lost,300200.0,2025-05-15,2025-10-29,2025-Q4,false,true,167,0.0,300200.0,0.0
O00870,A0385,Account 0385,Enterprise,Education,Central,R017,Parker Schmidt,Outbound,Closed Lost,168100.0,2025-04-19,2025-10-23,2025-Q4,false,true,187,0.0,168100.0,0.0
O00871,A0123,Account 0123,SMB,Healthcare,East,R005,Morgan Okafor,Outbound,Closed Lost,10300.0,2024-03-25,2024-04-15,2024-Q2,false,true,21,0.0,10300.0,0.0
O00872,A0024,Account 0024,SMB,Retail,Central,R022,Shay Volkov,Inbound,Closed Lost,10200.0,2025-08-09,2025-09-28,2025-Q3,false,true,50,0.0,10200.0,0.0
O00873,A0186,Account 0186,Mid-Market,Manufacturing,East,R013,Hayden Novak,Inbound,Closed Won,36500.0,2025-05-10,2025-08-18,2025-Q3,true,true,100,36500.0,0.0,0.0
O00874,A0551,Account 0551,Mid-Market,Manufacturing,Central,R004,Cameron Cohen,Event,Closed Lost,42400.0,2025-02-19,2025-04-07,2025-Q2,false,true,47,0.0,42400.0,0.0
O00875,A0543,Account 0543,Enterprise,Manufacturing,West,R020,Elliot Mori,Event,Closed Lost,347900.0,2024-03-06,2024-10-14,2024-Q4,false,true,222,0.0,347900.0,0.0
O00876,A0128,Account 0128,Enterprise,Financial Services,West,R017,Parker Schmidt,Event,Qualification,137800.0,2025-11-05,,2025-Q4,false,false,,0.0,0.0,137800.0
O00877,A0126,Account 0126,Enterprise,Energy,West,R017,Parker Schmidt,Outbound,Closed Won,146000.0,2024-05-11,2025-01-03,2025-Q1,true,true,237,146000.0,0.0,0.0
O00878,A0036,Account 0036,Mid-Market,Manufacturing,West,R003,Riley Garcia,Inbound,Closed Lost,36500.0,2024-05-07,2024-08-24,2024-Q3,false,true,109,0.0,36500.0,0.0
O00879,A0001,Account 0001,SMB,Retail,West,R009,Drew Mbeki,Event,Closed Lost,17200.0,2024-11-03,2024-11-19,2024-Q4,false,true,16,0.0,17200.0,0.0
O00880,A0547,Account 0547,Mid-Market,Logistics,East,R014,Emerson Ibrahim,Referral,Closed Lost,48400.0,2024-05-23,2024-09-18,2024-Q3,false,true,118,0.0,48400.0,0.0
O00881,A0361,Account 0361,Enterprise,Healthcare,East,R017,Parker Schmidt,Inbound,Closed Won,155900.0,2024-04-11,2024-07-21,2024-Q3,true,true,101,155900.0,0.0,0.0
O00882,A0221,Account 0221,SMB,Education,East,R008,Quinn Kim,Inbound,Closed Lost,6200.0,2025-09-08,2025-10-27,2025-Q4,false,true,49,0.0,6200.0,0.0
O00883,A0433,Account 0433,SMB,Healthcare,West,R005,Morgan Okafor,Inbound,Closed Lost,6900.0,2025-07-17,2025-08-16,2025-Q3,false,true,30,0.0,6900.0,0.0
O00884,A0468,Account 0468,Mid-Market,Manufacturing,East,R003,Riley Garcia,Inbound,Closed Won,76300.0,2024-09-17,2024-12-25,2024-Q4,true,true,99,76300.0,0.0,0.0
O00885,A0276,Account 0276,Mid-Market,Healthcare,Central,R023,Tatum Adeyemi,Outbound,Closed Lost,62300.0,2025-10-23,2025-12-31,2025-Q4,false,true,69,0.0,62300.0,0.0
O00886,A0168,Account 0168,Mid-Market,Financial Services,Central,R013,Hayden Novak,Inbound,Closed Lost,79500.0,2024-06-06,2024-08-30,2024-Q3,false,true,85,0.0,79500.0,0.0
O00887,A0254,Account 0254,Enterprise,Education,East,R017,Parker Schmidt,Outbound,Closed Lost,250100.0,2024-10-03,2025-02-01,2025-Q1,false,true,121,0.0,250100.0,0.0
O00888,A0338,Account 0338,Mid-Market,Technology,Central,R023,Tatum Adeyemi,Inbound,Closed Lost,74400.0,2024-04-01,2024-07-01,2024-Q3,false,true,91,0.0,74400.0,0.0
O00889,A0232,Account 0232,Mid-Market,Logistics,West,R007,Casey Rossi,Outbound,Closed Lost,41400.0,2024-01-11,2024-03-08,2024-Q1,false,true,57,0.0,41400.0,0.0
O00890,A0108,Account 0108,SMB,Technology,East,R005,Morgan Okafor,Event,Closed Won,13900.0,2024-06-28,2024-08-14,2024-Q3,true,true,47,13900.0,0.0,0.0
O00891,A0502,Account 0502,SMB,Retail,Central,R005,Morgan Okafor,Outbound,Closed Lost,13500.0,2025-06-25,2025-07-31,2025-Q3,false,true,36,0.0,13500.0,0.0
O00892,A0102,Account 0102,SMB,Technology,East,R002,Jordan Patel,Outbound,Closed Lost,17200.0,2024-06-23,2024-07-27,2024-Q3,false,true,34,0.0,17200.0,0.0
O00893,A0545,Account 0545,SMB,Retail,Central,R021,Marlowe Silva,Inbound,Closed Won,10200.0,2025-08-31,2025-10-09,2025-Q4,true,true,39,10200.0,0.0,0.0
O00894,A0526,Account 0526,SMB,Manufacturing,West,R008,Quinn Kim,Inbound,Closed Lost,5100.0,2025-11-04,2025-11-26,2025-Q4,false,true,22,0.0,5100.0,0.0
O00895,A0380,Account 0380,Mid-Market,Energy,Central,R006,Taylor Larsson,Event,Closed Won,61800.0,2025-11-25,2026-03-03,2026-Q1,true,true,98,61800.0,0.0,0.0
O00896,A0515,Account 0515,Enterprise,Energy,West,R020,Elliot Mori,Referral,Closed Lost,246600.0,2024-10-09,2025-04-26,2025-Q2,false,true,199,0.0,246600.0,0.0
O00897,A0235,Account 0235,SMB,Financial Services,West,R011,Sky Haddad,Inbound,Closed Lost,17200.0,2025-10-12,2025-10-31,2025-Q4,false,true,19,0.0,17200.0,0.0
O00898,A0093,Account 0093,Enterprise,Healthcare,West,R017,Parker Schmidt,Inbound,Closed Won,382400.0,2024-03-19,2024-08-17,2024-Q3,true,true,151,382400.0,0.0,0.0
O00899,A0293,Account 0293,Mid-Market,Retail,East,R016,Logan Reyes,Outbound,Closed Lost,77700.0,2025-05-19,2025-07-04,2025-Q3,false,true,46,0.0,77700.0,0.0
O00900,A0140,Account 0140,SMB,Healthcare,Central,R018,Sawyer Walsh,Outbound,Closed Lost,13300.0,2025-05-24,2025-07-09,2025-Q3,false,true,46,0.0,13300.0,0.0
O00901,A0128,Account 0128,Enterprise,Financial Services,West,R020,Elliot Mori,Partner,Closed Lost,371500.0,2024-01-15,2024-06-01,2024-Q2,false,true,138,0.0,371500.0,0.0
O00902,A0548,Account 0548,SMB,Financial Services,East,R012,Devon Costa,Event,Closed Lost,17300.0,2024-09-07,2024-11-02,2024-Q4,false,true,56,0.0,17300.0,0.0
O00903,A0541,Account 0541,SMB,Manufacturing,East,R024,Wren Park,Partner,Closed Lost,12100.0,2025-09-15,2025-10-01,2025-Q4,false,true,16,0.0,12100.0,0.0
O00904,A0537,Account 0537,Mid-Market,Energy,Central,R006,Taylor Larsson,Outbound,Closed Won,40800.0,2024-06-28,2024-08-21,2024-Q3,true,true,54,40800.0,0.0,0.0
O00905,A0053,Account 0053,SMB,Technology,Central,R015,Rowan Andersen,Inbound,Closed Lost,5600.0,2025-05-22,2025-06-29,2025-Q2,false,true,38,0.0,5600.0,0.0
O00906,A0256,Account 0256,Mid-Market,Education,East,R016,Logan Reyes,Inbound,Closed Lost,36500.0,2024-04-30,2024-07-21,2024-Q3,false,true,82,0.0,36500.0,0.0
O00907,A0583,Account 0583,Mid-Market,Technology,Central,R013,Hayden Novak,Outbound,Closed Lost,75600.0,2024-08-10,2024-11-02,2024-Q4,false,true,84,0.0,75600.0,0.0
O00908,A0037,Account 0037,SMB,Financial Services,East,R018,Sawyer Walsh,Outbound,Closed Won,3900.0,2025-09-24,2025-11-08,2025-Q4,true,true,45,3900.0,0.0,0.0
O00909,A0306,Account 0306,Enterprise,Logistics,Central,R020,Elliot Mori,Outbound,Closed Lost,191900.0,2024-04-19,2024-07-19,2024-Q3,false,true,91,0.0,191900.0,0.0
O00910,A0010,Account 0010,SMB,Healthcare,East,R005,Morgan Okafor,Event,Closed Lost,6000.0,2025-03-17,2025-05-01,2025-Q2,false,true,45,0.0,6000.0,0.0
O00911,A0421,Account 0421,Mid-Market,Retail,Central,R003,Riley Garcia,Inbound,Closed Lost,27600.0,2025-05-14,2025-06-28,2025-Q2,false,true,45,0.0,27600.0,0.0
O00912,A0405,Account 0405,SMB,Healthcare,East,R012,Devon Costa,Event,Closed Won,9400.0,2024-11-02,2024-12-09,2024-Q4,true,true,37,9400.0,0.0,0.0
O00913,A0112,Account 0112,SMB,Retail,Central,R018,Sawyer Walsh,Outbound,Closed Lost,5400.0,2025-11-03,2025-12-15,2025-Q4,false,true,42,0.0,5400.0,0.0
O00914,A0368,Account 0368,SMB,Education,West,R009,Drew Mbeki,Outbound,Closed Won,7300.0,2024-04-23,2024-05-19,2024-Q2,true,true,26,7300.0,0.0,0.0
O00915,A0340,Account 0340,SMB,Energy,Central,R002,Jordan Patel,Partner,Closed Lost,6000.0,2024-06-13,2024-08-08,2024-Q3,false,true,56,0.0,6000.0,0.0
O00916,A0273,Account 0273,SMB,Financial Services,East,R005,Morgan Okafor,Partner,Closed Lost,11300.0,2025-03-07,2025-04-21,2025-Q2,false,true,45,0.0,11300.0,0.0
O00917,A0333,Account 0333,SMB,Technology,West,R015,Rowan Andersen,Outbound,Closed Lost,16900.0,2025-05-28,2025-07-27,2025-Q3,false,true,60,0.0,16900.0,0.0
O00918,A0113,Account 0113,Enterprise,Technology,East,R017,Parker Schmidt,Event,Closed Lost,129800.0,2024-01-22,2024-05-23,2024-Q2,false,true,122,0.0,129800.0,0.0
O00919,A0243,Account 0243,SMB,Education,West,R002,Jordan Patel,Inbound,Qualification,9400.0,2025-11-25,,2025-Q4,false,false,,0.0,0.0,9400.0
O00920,A0085,Account 0085,SMB,Retail,Central,R015,Rowan Andersen,Inbound,Closed Lost,5300.0,2024-09-10,2024-11-02,2024-Q4,false,true,53,0.0,5300.0,0.0
O00921,A0118,Account 0118,SMB,Energy,Central,R011,Sky Haddad,Partner,Closed Won,15300.0,2024-09-10,2024-11-05,2024-Q4,true,true,56,15300.0,0.0,0.0
O00922,A0106,Account 0106,SMB,Education,West,R021,Marlowe Silva,Partner,Closed Lost,5800.0,2025-09-17,2025-10-12,2025-Q4,false,true,25,0.0,5800.0,0.0
O00923,A0153,Account 0153,Mid-Market,Manufacturing,Central,R006,Taylor Larsson,Inbound,Closed Lost,42900.0,2024-05-03,2024-07-03,2024-Q3,false,true,61,0.0,42900.0,0.0
O00924,A0150,Account 0150,SMB,Education,East,R015,Rowan Andersen,Outbound,Closed Lost,6000.0,2024-01-19,2024-03-12,2024-Q1,false,true,53,0.0,6000.0,0.0
O00925,A0538,Account 0538,SMB,Manufacturing,East,R011,Sky Haddad,Inbound,Closed Lost,6300.0,2025-10-10,2025-11-07,2025-Q4,false,true,28,0.0,6300.0,0.0
O00926,A0438,Account 0438,Enterprise,Education,Central,R017,Parker Schmidt,Outbound,Closed Lost,166200.0,2024-11-07,2025-03-05,2025-Q1,false,true,118,0.0,166200.0,0.0
O00927,A0429,Account 0429,SMB,Financial Services,Central,R009,Drew Mbeki,Partner,Closed Won,5700.0,2024-11-23,2024-12-10,2024-Q4,true,true,17,5700.0,0.0,0.0
O00928,A0330,Account 0330,SMB,Manufacturing,West,R009,Drew Mbeki,Outbound,Closed Lost,7200.0,2024-10-19,2024-12-02,2024-Q4,false,true,44,0.0,7200.0,0.0
O00929,A0259,Account 0259,SMB,Healthcare,Central,R018,Sawyer Walsh,Inbound,Closed Won,7600.0,2025-01-07,2025-02-11,2025-Q1,true,true,35,7600.0,0.0,0.0
O00930,A0566,Account 0566,SMB,Retail,West,R008,Quinn Kim,Event,Closed Lost,14100.0,2024-12-05,2025-01-11,2025-Q1,false,true,37,0.0,14100.0,0.0
O00931,A0542,Account 0542,SMB,Education,Central,R022,Shay Volkov,Outbound,Closed Won,12800.0,2025-01-15,2025-02-13,2025-Q1,true,true,29,12800.0,0.0,0.0
O00932,A0109,Account 0109,SMB,Technology,Central,R008,Quinn Kim,Referral,Closed Lost,4800.0,2025-10-06,2025-11-27,2025-Q4,false,true,52,0.0,4800.0,0.0
O00933,A0196,Account 0196,SMB,Financial Services,East,R009,Drew Mbeki,Outbound,Closed Lost,4100.0,2025-04-01,2025-04-21,2025-Q2,false,true,20,0.0,4100.0,0.0
O00934,A0486,Account 0486,SMB,Logistics,East,R009,Drew Mbeki,Outbound,Closed Won,5300.0,2025-06-30,2025-08-29,2025-Q3,true,true,60,5300.0,0.0,0.0
O00935,A0259,Account 0259,SMB,Healthcare,Central,R021,Marlowe Silva,Referral,Closed Lost,9700.0,2024-12-21,2025-01-27,2025-Q1,false,true,37,0.0,9700.0,0.0
O00936,A0070,Account 0070,SMB,Healthcare,Central,R018,Sawyer Walsh,Inbound,Closed Lost,17000.0,2025-03-05,2025-04-21,2025-Q2,false,true,47,0.0,17000.0,0.0
O00937,A0281,Account 0281,SMB,Technology,West,R008,Quinn Kim,Referral,Closed Won,17300.0,2024-10-23,2024-11-08,2024-Q4,true,true,16,17300.0,0.0,0.0
O00938,A0195,Account 0195,SMB,Healthcare,East,R015,Rowan Andersen,Inbound,Closed Lost,11000.0,2025-05-21,2025-07-17,2025-Q3,false,true,57,0.0,11000.0,0.0
O00939,A0449,Account 0449,SMB,Technology,West,R021,Marlowe Silva,Inbound,Closed Lost,14700.0,2025-01-28,2025-03-18,2025-Q1,false,true,49,0.0,14700.0,0.0
O00940,A0189,Account 0189,SMB,Education,East,R002,Jordan Patel,Event,Closed Lost,6300.0,2024-06-12,2024-08-01,2024-Q3,false,true,50,0.0,6300.0,0.0
O00941,A0526,Account 0526,SMB,Manufacturing,West,R018,Sawyer Walsh,Event,Closed Won,13800.0,2025-05-30,2025-07-28,2025-Q3,true,true,59,13800.0,0.0,0.0
O00942,A0304,Account 0304,SMB,Education,West,R011,Sky Haddad,Inbound,Closed Won,5600.0,2025-07-19,2025-08-09,2025-Q3,true,true,21,5600.0,0.0,0.0
O00943,A0041,Account 0041,SMB,Education,West,R024,Wren Park,Event,Closed Won,16900.0,2024-05-31,2024-07-01,2024-Q3,true,true,31,16900.0,0.0,0.0
O00944,A0255,Account 0255,SMB,Energy,East,R009,Drew Mbeki,Outbound,Closed Lost,3000.0,2025-07-01,2025-07-22,2025-Q3,false,true,21,0.0,3000.0,0.0
O00945,A0378,Account 0378,SMB,Financial Services,Central,R012,Devon Costa,Inbound,Closed Won,16300.0,2024-03-26,2024-05-24,2024-Q2,true,true,59,16300.0,0.0,0.0
O00946,A0302,Account 0302,SMB,Retail,West,R012,Devon Costa,Inbound,Closed Lost,15200.0,2024-02-28,2024-04-22,2024-Q2,false,true,54,0.0,15200.0,0.0
O00947,A0287,Account 0287,Mid-Market,Education,West,R004,Cameron Cohen,Event,Closed Lost,51300.0,2024-09-19,2024-11-05,2024-Q4,false,true,47,0.0,51300.0,0.0
O00948,A0598,Account 0598,SMB,Education,West,R005,Morgan Okafor,Outbound,Closed Lost,6900.0,2025-01-26,2025-03-22,2025-Q1,false,true,55,0.0,6900.0,0.0
O00949,A0212,Account 0212,Mid-Market,Financial Services,Central,R014,Emerson Ibrahim,Event,Closed Lost,34700.0,2024-08-13,2024-11-07,2024-Q4,false,true,86,0.0,34700.0,0.0
O00950,A0405,Account 0405,SMB,Healthcare,East,R008,Quinn Kim,Inbound,Closed Lost,13900.0,2025-04-01,2025-04-29,2025-Q2,false,true,28,0.0,13900.0,0.0
O00951,A0491,Account 0491,SMB,Healthcare,East,R005,Morgan Okafor,Inbound,Closed Lost,9900.0,2025-05-22,2025-06-16,2025-Q2,false,true,25,0.0,9900.0,0.0
O00952,A0584,Account 0584,SMB,Retail,Central,R018,Sawyer Walsh,Event,Closed Won,7200.0,2024-07-03,2024-08-27,2024-Q3,true,true,55,7200.0,0.0,0.0
O00953,A0404,Account 0404,Enterprise,Energy,West,R017,Parker Schmidt,Referral,Closed Lost,103100.0,2024-03-12,2024-07-16,2024-Q3,false,true,126,0.0,103100.0,0.0
O00954,A0413,Account 0413,Mid-Market,Healthcare,Central,R003,Riley Garcia,Outbound,Closed Lost,63100.0,2025-06-23,2025-08-24,2025-Q3,false,true,62,0.0,63100.0,0.0
O00955,A0387,Account 0387,Mid-Market,Education,West,R013,Hayden Novak,Partner,Closed Lost,69200.0,2024-01-22,2024-03-21,2024-Q1,false,true,59,0.0,69200.0,0.0
O00956,A0045,Account 0045,Mid-Market,Technology,East,R004,Cameron Cohen,Outbound,Closed Lost,34600.0,2024-09-11,2024-11-05,2024-Q4,false,true,55,0.0,34600.0,0.0
O00957,A0010,Account 0010,SMB,Healthcare,East,R005,Morgan Okafor,Inbound,Closed Won,15800.0,2025-07-09,2025-08-13,2025-Q3,true,true,35,15800.0,0.0,0.0
O00958,A0577,Account 0577,SMB,Healthcare,West,R018,Sawyer Walsh,Inbound,Closed Won,8000.0,2024-06-16,2024-07-19,2024-Q3,true,true,33,8000.0,0.0,0.0
O00959,A0274,Account 0274,SMB,Education,East,R024,Wren Park,Outbound,Closed Won,3300.0,2025-07-10,2025-07-31,2025-Q3,true,true,21,3300.0,0.0,0.0
O00960,A0106,Account 0106,SMB,Education,West,R021,Marlowe Silva,Inbound,Closed Won,3000.0,2025-03-01,2025-03-24,2025-Q1,true,true,23,3000.0,0.0,0.0
O00961,A0395,Account 0395,SMB,Technology,West,R008,Quinn Kim,Partner,Closed Lost,7300.0,2024-12-27,2025-02-20,2025-Q1,false,true,55,0.0,7300.0,0.0
O00962,A0116,Account 0116,SMB,Retail,Central,R018,Sawyer Walsh,Inbound,Closed Lost,6400.0,2024-06-22,2024-07-13,2024-Q3,false,true,21,0.0,6400.0,0.0
O00963,A0079,Account 0079,SMB,Energy,East,R022,Shay Volkov,Inbound,Closed Lost,8400.0,2024-12-07,2024-12-28,2024-Q4,false,true,21,0.0,8400.0,0.0
O00964,A0045,Account 0045,Mid-Market,Technology,East,R019,Blake Fischer,Inbound,Closed Lost,44600.0,2024-06-03,2024-08-09,2024-Q3,false,true,67,0.0,44600.0,0.0
O00965,A0436,Account 0436,SMB,Education,Central,R008,Quinn Kim,Referral,Prospecting,7500.0,2025-11-14,,2025-Q4,false,false,,0.0,0.0,7500.0
O00966,A0378,Account 0378,SMB,Financial Services,Central,R011,Sky Haddad,Event,Closed Lost,15900.0,2024-03-19,2024-04-02,2024-Q2,false,true,14,0.0,15900.0,0.0
O00967,A0151,Account 0151,Mid-Market,Retail,Central,R010,Reese Dubois,Referral,Closed Lost,45700.0,2024-05-31,2024-09-02,2024-Q3,false,true,94,0.0,45700.0,0.0
O00968,A0069,Account 0069,Mid-Market,Manufacturing,East,R003,Riley Garcia,Inbound,Closed Lost,77500.0,2025-08-14,2025-11-21,2025-Q4,false,true,99,0.0,77500.0,0.0
O00969,A0131,Account 0131,Mid-Market,Financial Services,West,R004,Cameron Cohen,Partner,Closed Lost,37800.0,2025-01-29,2025-04-29,2025-Q2,false,true,90,0.0,37800.0,0.0
O00970,A0424,Account 0424,SMB,Education,East,R022,Shay Volkov,Referral,Closed Lost,5100.0,2025-10-13,2025-11-17,2025-Q4,false,true,35,0.0,5100.0,0.0
O00971,A0393,Account 0393,Enterprise,Technology,East,R020,Elliot Mori,Inbound,Closed Lost,252400.0,2025-07-16,2026-02-18,2026-Q1,false,true,217,0.0,252400.0,0.0
O00972,A0086,Account 0086,SMB,Logistics,Central,R022,Shay Volkov,Partner,Closed Lost,11700.0,2025-03-07,2025-04-23,2025-Q2,false,true,47,0.0,11700.0,0.0
O00973,A0090,Account 0090,Mid-Market,Retail,Central,R006,Taylor Larsson,Outbound,Closed Lost,30600.0,2025-01-05,2025-02-19,2025-Q1,false,true,45,0.0,30600.0,0.0
O00974,A0486,Account 0486,SMB,Logistics,East,R008,Quinn Kim,Event,Closed Lost,16700.0,2024-04-22,2024-05-09,2024-Q2,false,true,17,0.0,16700.0,0.0
O00975,A0143,Account 0143,Mid-Market,Manufacturing,Central,R007,Casey Rossi,Referral,Closed Lost,69800.0,2025-04-16,2025-06-18,2025-Q2,false,true,63,0.0,69800.0,0.0
O00976,A0432,Account 0432,Mid-Market,Retail,Central,R006,Taylor Larsson,Referral,Closed Won,21500.0,2024-08-03,2024-10-15,2024-Q4,true,true,73,21500.0,0.0,0.0
O00977,A0147,Account 0147,SMB,Logistics,East,R015,Rowan Andersen,Partner,Closed Lost,17500.0,2024-01-27,2024-03-25,2024-Q1,false,true,58,0.0,17500.0,0.0
O00978,A0596,Account 0596,SMB,Retail,West,R005,Morgan Okafor,Outbound,Closed Won,16100.0,2025-05-03,2025-06-24,2025-Q2,true,true,52,16100.0,0.0,0.0
O00979,A0081,Account 0081,Mid-Market,Energy,West,R006,Taylor Larsson,Inbound,Closed Lost,53300.0,2024-03-19,2024-05-04,2024-Q2,false,true,46,0.0,53300.0,0.0
O00980,A0187,Account 0187,SMB,Energy,West,R018,Sawyer Walsh,Outbound,Closed Won,13500.0,2024-05-23,2024-07-09,2024-Q3,true,true,47,13500.0,0.0,0.0
O00981,A0346,Account 0346,SMB,Technology,Central,R018,Sawyer Walsh,Outbound,Proposal,3200.0,2025-10-22,,2025-Q4,false,false,,0.0,0.0,3200.0
O00982,A0178,Account 0178,Enterprise,Energy,Central,R017,Parker Schmidt,Event,Closed Lost,346500.0,2024-01-12,2024-07-21,2024-Q3,false,true,191,0.0,346500.0,0.0
O00983,A0568,Account 0568,Enterprise,Retail,West,R020,Elliot Mori,Inbound,Closed Lost,177900.0,2025-08-08,2026-03-14,2026-Q1,false,true,218,0.0,177900.0,0.0
O00984,A0095,Account 0095,SMB,Education,Central,R021,Marlowe Silva,Inbound,Closed Lost,14100.0,2025-01-21,2025-02-12,2025-Q1,false,true,22,0.0,14100.0,0.0
O00985,A0402,Account 0402,Mid-Market,Manufacturing,West,R004,Cameron Cohen,Inbound,Closed Lost,68600.0,2025-07-26,2025-09-18,2025-Q3,false,true,54,0.0,68600.0,0.0
O00986,A0415,Account 0415,SMB,Retail,East,R015,Rowan Andersen,Inbound,Closed Lost,15100.0,2024-06-17,2024-07-04,2024-Q3,false,true,17,0.0,15100.0,0.0
O00987,A0112,Account 0112,SMB,Retail,Central,R005,Morgan Okafor,Inbound,Closed Lost,12000.0,2024-03-20,2024-04-26,2024-Q2,false,true,37,0.0,12000.0,0.0
O00988,A0289,Account 0289,SMB,Healthcare,West,R008,Quinn Kim,Partner,Closed Lost,4000.0,2025-07-08,2025-07-28,2025-Q3,false,true,20,0.0,4000.0,0.0
O00989,A0317,Account 0317,Mid-Market,Education,Central,R006,Taylor Larsson,Inbound,Closed Won,57600.0,2025-07-18,2025-09-26,2025-Q3,true,true,70,57600.0,0.0,0.0
O00990,A0584,Account 0584,SMB,Retail,Central,R022,Shay Volkov,Inbound,Closed Lost,17800.0,2024-02-15,2024-04-05,2024-Q2,false,true,50,0.0,17800.0,0.0
O00991,A0096,Account 0096,SMB,Financial Services,Central,R011,Sky Haddad,Outbound,Closed Lost,14300.0,2024-01-09,2024-02-14,2024-Q1,false,true,36,0.0,14300.0,0.0
O00992,A0323,Account 0323,SMB,Technology,Central,R015,Rowan Andersen,Outbound,Closed Won,13500.0,2024-12-30,2025-01-21,2025-Q1,true,true,22,13500.0,0.0,0.0
O00993,A0516,Account 0516,Enterprise,Energy,Central,R017,Parker Schmidt,Outbound,Closed Lost,87600.0,2025-05-29,2025-10-04,2025-Q4,false,true,128,0.0,87600.0,0.0
O00994,A0039,Account 0039,SMB,Education,Central,R011,Sky Haddad,Partner,Closed Won,13200.0,2024-06-14,2024-07-07,2024-Q3,true,true,23,13200.0,0.0,0.0
O00995,A0238,Account 0238,SMB,Logistics,West,R009,Drew Mbeki,Outbound,Closed Lost,5100.0,2025-11-28,2026-01-22,2026-Q1,false,true,55,0.0,5100.0,0.0
O00996,A0536,Account 0536,Mid-Market,Financial Services,East,R010,Reese Dubois,Event,Closed Lost,39000.0,2025-04-03,2025-06-03,2025-Q2,false,true,61,0.0,39000.0,0.0
O00997,A0442,Account 0442,SMB,Energy,East,R002,Jordan Patel,Referral,Closed Lost,6600.0,2025-11-30,2026-01-07,2026-Q1,false,true,38,0.0,6600.0,0.0
O00998,A0581,Account 0581,SMB,Healthcare,West,R024,Wren Park,Event,Closed Won,15100.0,2025-05-24,2025-06-13,2025-Q2,true,true,20,15100.0,0.0,0.0
O00999,A0561,Account 0561,Enterprise,Logistics,Central,R017,Parker Schmidt,Inbound,Closed Won,225500.0,2025-05-25,2025-09-16,2025-Q3,true,true,114,225500.0,0.0,0.0
O01000,A0070,Account 0070,SMB,Healthcare,Central,R011,Sky Haddad,Partner,Closed Won,8300.0,2025-08-13,2025-09-19,2025-Q3,true,true,37,8300.0,0.0,0.0
O01001,A0472,Account 0472,Mid-Market,Education,Central,R007,Casey Rossi,Referral,Closed Lost,65300.0,2025-04-29,2025-07-15,2025-Q3,false,true,77,0.0,65300.0,0.0
O01002,A0127,Account 0127,SMB,Healthcare,West,R022,Shay Volkov,Outbound,Closed Won,8500.0,2025-05-14,2025-05-30,2025-Q2,true,true,16,8500.0,0.0,0.0
O01003,A0133,Account 0133,SMB,Logistics,Central,R018,Sawyer Walsh,Outbound,Closed Lost,15700.0,2025-01-10,2025-02-25,2025-Q1,false,true,46,0.0,15700.0,0.0
O01004,A0424,Account 0424,SMB,Education,East,R021,Marlowe Silva,Inbound,Closed Lost,16200.0,2025-04-05,2025-05-05,2025-Q2,false,true,30,0.0,16200.0,0.0
O01005,A0059,Account 0059,SMB,Retail,West,R009,Drew Mbeki,Outbound,Closed Won,5300.0,2025-07-28,2025-08-11,2025-Q3,true,true,14,5300.0,0.0,0.0
O01006,A0584,Account 0584,SMB,Retail,Central,R015,Rowan Andersen,Inbound,Closed Lost,8800.0,2024-03-15,2024-04-12,2024-Q2,false,true,28,0.0,8800.0,0.0
O01007,A0478,Account 0478,SMB,Technology,West,R018,Sawyer Walsh,Inbound,Closed Lost,16500.0,2025-10-19,2025-12-06,2025-Q4,false,true,48,0.0,16500.0,0.0
O01008,A0111,Account 0111,Mid-Market,Education,West,R013,Hayden Novak,Outbound,Closed Won,42900.0,2025-03-19,2025-05-28,2025-Q2,true,true,70,42900.0,0.0,0.0
O01009,A0498,Account 0498,SMB,Healthcare,East,R009,Drew Mbeki,Inbound,Closed Won,7200.0,2025-05-02,2025-05-23,2025-Q2,true,true,21,7200.0,0.0,0.0
O01010,A0482,Account 0482,Mid-Market,Energy,East,R004,Cameron Cohen,Outbound,Closed Won,37900.0,2025-10-17,2025-12-28,2025-Q4,true,true,72,37900.0,0.0,0.0
O01011,A0371,Account 0371,Mid-Market,Energy,Central,R013,Hayden Novak,Referral,Closed Lost,21400.0,2025-04-29,2025-07-10,2025-Q3,false,true,72,0.0,21400.0,0.0
O01012,A0434,Account 0434,Mid-Market,Energy,West,R007,Casey Rossi,Outbound,Closed Won,23200.0,2024-09-15,2024-11-21,2024-Q4,true,true,67,23200.0,0.0,0.0
O01013,A0306,Account 0306,Enterprise,Logistics,Central,R020,Elliot Mori,Inbound,Closed Lost,148500.0,2025-03-05,2025-10-15,2025-Q4,false,true,224,0.0,148500.0,0.0
O01014,A0056,Account 0056,Enterprise,Healthcare,West,R017,Parker Schmidt,Inbound,Closed Lost,388300.0,2025-03-14,2025-09-07,2025-Q3,false,true,177,0.0,388300.0,0.0
O01015,A0430,Account 0430,Mid-Market,Retail,West,R014,Emerson Ibrahim,Partner,Closed Won,60700.0,2025-05-01,2025-08-22,2025-Q3,true,true,113,60700.0,0.0,0.0
O01016,A0364,Account 0364,Mid-Market,Financial Services,West,R019,Blake Fischer,Inbound,Closed Lost,52800.0,2025-02-02,2025-03-20,2025-Q1,false,true,46,0.0,52800.0,0.0
O01017,A0593,Account 0593,Mid-Market,Logistics,West,R019,Blake Fischer,Partner,Closed Lost,59200.0,2024-05-28,2024-08-22,2024-Q3,false,true,86,0.0,59200.0,0.0
O01018,A0325,Account 0325,Enterprise,Manufacturing,West,R017,Parker Schmidt,Inbound,Closed Lost,378800.0,2024-06-03,2024-12-27,2024-Q4,false,true,207,0.0,378800.0,0.0
O01019,A0417,Account 0417,Mid-Market,Energy,East,R007,Casey Rossi,Event,Closed Lost,79300.0,2025-06-17,2025-08-01,2025-Q3,false,true,45,0.0,79300.0,0.0
O01020,A0461,Account 0461,Mid-Market,Manufacturing,East,R023,Tatum Adeyemi,Inbound,Closed Lost,20300.0,2025-08-15,2025-10-11,2025-Q4,false,true,57,0.0,20300.0,0.0
O01021,A0560,Account 0560,SMB,Healthcare,Central,R008,Quinn Kim,Inbound,Closed Won,6200.0,2025-09-07,2025-10-15,2025-Q4,true,true,38,6200.0,0.0,0.0
O01022,A0591,Account 0591,SMB,Retail,East,R002,Jordan Patel,Outbound,Closed Lost,3200.0,2025-01-14,2025-02-20,2025-Q1,false,true,37,0.0,3200.0,0.0
O01023,A0128,Account 0128,Enterprise,Financial Services,West,R020,Elliot Mori,Outbound,Closed Lost,212500.0,2025-10-26,2026-05-20,2026-Q2,false,true,206,0.0,212500.0,0.0
O01024,A0344,Account 0344,Enterprise,Logistics,West,R017,Parker Schmidt,Outbound,Closed Won,217100.0,2024-06-29,2025-01-22,2025-Q1,true,true,207,217100.0,0.0,0.0
O01025,A0556,Account 0556,Mid-Market,Technology,East,R013,Hayden Novak,Outbound,Closed Lost,70400.0,2025-01-25,2025-04-16,2025-Q2,false,true,81,0.0,70400.0,0.0
O01026,A0291,Account 0291,SMB,Retail,Central,R022,Shay Volkov,Partner,Closed Won,15100.0,2024-04-11,2024-04-30,2024-Q2,true,true,19,15100.0,0.0,0.0
O01027,A0422,Account 0422,SMB,Technology,Central,R005,Morgan Okafor,Outbound,Closed Won,16900.0,2025-05-23,2025-07-15,2025-Q3,true,true,53,16900.0,0.0,0.0
O01028,A0596,Account 0596,SMB,Retail,West,R002,Jordan Patel,Outbound,Closed Won,15800.0,2025-11-14,2025-12-16,2025-Q4,true,true,32,15800.0,0.0,0.0
O01029,A0118,Account 0118,SMB,Energy,Central,R009,Drew Mbeki,Outbound,Closed Lost,8300.0,2025-04-25,2025-05-16,2025-Q2,false,true,21,0.0,8300.0,0.0
O01030,A0406,Account 0406,Mid-Market,Logistics,Central,R001,Avery Nguyen,Partner,Closed Lost,49500.0,2025-01-18,2025-04-01,2025-Q2,false,true,73,0.0,49500.0,0.0
O01031,A0315,Account 0315,Mid-Market,Education,Central,R013,Hayden Novak,Event,Prospecting,18300.0,2025-11-20,,2025-Q4,false,false,,0.0,0.0,18300.0
O01032,A0532,Account 0532,Mid-Market,Technology,East,R019,Blake Fischer,Outbound,Closed Lost,28600.0,2024-11-21,2025-02-16,2025-Q1,false,true,87,0.0,28600.0,0.0
O01033,A0570,Account 0570,Mid-Market,Financial Services,West,R013,Hayden Novak,Outbound,Closed Lost,69400.0,2024-07-16,2024-10-19,2024-Q4,false,true,95,0.0,69400.0,0.0
O01034,A0132,Account 0132,Mid-Market,Manufacturing,West,R023,Tatum Adeyemi,Inbound,Closed Lost,43000.0,2025-02-03,2025-04-11,2025-Q2,false,true,67,0.0,43000.0,0.0
O01035,A0237,Account 0237,SMB,Energy,Central,R005,Morgan Okafor,Outbound,Closed Lost,4800.0,2024-05-09,2024-06-24,2024-Q2,false,true,46,0.0,4800.0,0.0
O01036,A0267,Account 0267,SMB,Manufacturing,Central,R021,Marlowe Silva,Outbound,Closed Won,6100.0,2024-06-11,2024-07-15,2024-Q3,true,true,34,6100.0,0.0,0.0
O01037,A0157,Account 0157,SMB,Retail,East,R002,Jordan Patel,Outbound,Closed Lost,11200.0,2025-09-24,2025-11-22,2025-Q4,false,true,59,0.0,11200.0,0.0
O01038,A0026,Account 0026,SMB,Financial Services,East,R008,Quinn Kim,Inbound,Closed Lost,12500.0,2025-04-09,2025-06-02,2025-Q2,false,true,54,0.0,12500.0,0.0
O01039,A0228,Account 0228,SMB,Technology,East,R011,Sky Haddad,Event,Closed Lost,15600.0,2024-07-17,2024-09-03,2024-Q3,false,true,48,0.0,15600.0,0.0
O01040,A0388,Account 0388,SMB,Manufacturing,West,R011,Sky Haddad,Partner,Closed Lost,7100.0,2025-11-06,2025-11-23,2025-Q4,false,true,17,0.0,7100.0,0.0
O01041,A0594,Account 0594,SMB,Manufacturing,West,R005,Morgan Okafor,Inbound,Closed Won,16900.0,2024-04-23,2024-06-05,2024-Q2,true,true,43,16900.0,0.0,0.0
O01042,A0269,Account 0269,Mid-Market,Education,West,R004,Cameron Cohen,Event,Closed Lost,48600.0,2024-04-05,2024-05-29,2024-Q2,false,true,54,0.0,48600.0,0.0
O01043,A0401,Account 0401,SMB,Financial Services,West,R005,Morgan Okafor,Partner,Closed Lost,9200.0,2025-05-17,2025-06-01,2025-Q2,false,true,15,0.0,9200.0,0.0
O01044,A0216,Account 0216,SMB,Manufacturing,Central,R024,Wren Park,Outbound,Closed Lost,16300.0,2025-03-05,2025-04-12,2025-Q2,false,true,38,0.0,16300.0,0.0
O01045,A0165,Account 0165,Enterprise,Education,West,R017,Parker Schmidt,Partner,Closed Lost,369200.0,2024-11-01,2025-02-01,2025-Q1,false,true,92,0.0,369200.0,0.0
O01046,A0033,Account 0033,SMB,Logistics,Central,R005,Morgan Okafor,Outbound,Closed Lost,10300.0,2024-12-17,2025-01-22,2025-Q1,false,true,36,0.0,10300.0,0.0
O01047,A0163,Account 0163,SMB,Energy,East,R021,Marlowe Silva,Inbound,Closed Won,5900.0,2024-09-17,2024-10-08,2024-Q4,true,true,21,5900.0,0.0,0.0
O01048,A0525,Account 0525,SMB,Education,East,R008,Quinn Kim,Inbound,Closed Won,4700.0,2024-08-09,2024-09-15,2024-Q3,true,true,37,4700.0,0.0,0.0
O01049,A0226,Account 0226,SMB,Financial Services,East,R005,Morgan Okafor,Inbound,Closed Won,7100.0,2024-05-09,2024-06-09,2024-Q2,true,true,31,7100.0,0.0,0.0
O01050,A0565,Account 0565,Mid-Market,Manufacturing,Central,R023,Tatum Adeyemi,Outbound,Closed Lost,64200.0,2024-10-28,2025-02-09,2025-Q1,false,true,104,0.0,64200.0,0.0
O01051,A0410,Account 0410,SMB,Logistics,Central,R009,Drew Mbeki,Partner,Closed Lost,6000.0,2024-09-13,2024-10-08,2024-Q4,false,true,25,0.0,6000.0,0.0
O01052,A0403,Account 0403,SMB,Retail,East,R005,Morgan Okafor,Referral,Closed Lost,7700.0,2025-08-20,2025-10-10,2025-Q4,false,true,51,0.0,7700.0,0.0
O01053,A0500,Account 0500,Mid-Market,Education,East,R013,Hayden Novak,Inbound,Closed Lost,55000.0,2025-04-01,2025-07-09,2025-Q3,false,true,99,0.0,55000.0,0.0
O01054,A0111,Account 0111,Mid-Market,Education,West,R019,Blake Fischer,Event,Closed Lost,30400.0,2025-01-27,2025-05-06,2025-Q2,false,true,99,0.0,30400.0,0.0
O01055,A0066,Account 0066,Enterprise,Education,East,R020,Elliot Mori,Outbound,Closed Lost,386600.0,2024-06-20,2024-09-26,2024-Q3,false,true,98,0.0,386600.0,0.0
O01056,A0544,Account 0544,Mid-Market,Retail,Central,R010,Reese Dubois,Outbound,Closed Lost,25100.0,2025-02-11,2025-03-31,2025-Q1,false,true,48,0.0,25100.0,0.0
O01057,A0191,Account 0191,SMB,Financial Services,West,R012,Devon Costa,Inbound,Closed Lost,6200.0,2024-09-08,2024-09-26,2024-Q3,false,true,18,0.0,6200.0,0.0
O01058,A0322,Account 0322,Enterprise,Education,East,R017,Parker Schmidt,Inbound,Closed Lost,300300.0,2024-01-10,2024-06-29,2024-Q2,false,true,171,0.0,300300.0,0.0
O01059,A0582,Account 0582,Enterprise,Logistics,West,R020,Elliot Mori,Inbound,Closed Lost,101200.0,2024-08-26,2025-04-16,2025-Q2,false,true,233,0.0,101200.0,0.0
O01060,A0223,Account 0223,SMB,Financial Services,East,R005,Morgan Okafor,Event,Closed Lost,13700.0,2025-07-28,2025-08-28,2025-Q3,false,true,31,0.0,13700.0,0.0
O01061,A0077,Account 0077,Mid-Market,Healthcare,West,R019,Blake Fischer,Inbound,Closed Lost,60300.0,2025-10-23,2026-01-29,2026-Q1,false,true,98,0.0,60300.0,0.0
O01062,A0051,Account 0051,Mid-Market,Healthcare,West,R014,Emerson Ibrahim,Inbound,Closed Lost,79400.0,2025-05-25,2025-07-14,2025-Q3,false,true,50,0.0,79400.0,0.0
O01063,A0176,Account 0176,Enterprise,Retail,Central,R020,Elliot Mori,Outbound,Proposal,155700.0,2025-08-28,,2025-Q3,false,false,,0.0,0.0,155700.0
O01064,A0005,Account 0005,Enterprise,Energy,West,R020,Elliot Mori,Event,Closed Lost,349300.0,2024-10-18,2025-02-18,2025-Q1,false,true,123,0.0,349300.0,0.0
O01065,A0541,Account 0541,SMB,Manufacturing,East,R002,Jordan Patel,Event,Closed Lost,3200.0,2024-12-11,2025-02-04,2025-Q1,false,true,55,0.0,3200.0,0.0
O01066,A0426,Account 0426,SMB,Energy,West,R011,Sky Haddad,Outbound,Closed Lost,14300.0,2024-10-08,2024-11-11,2024-Q4,false,true,34,0.0,14300.0,0.0
O01067,A0321,Account 0321,SMB,Financial Services,Central,R018,Sawyer Walsh,Outbound,Closed Lost,8900.0,2025-09-19,2025-10-06,2025-Q4,false,true,17,0.0,8900.0,0.0
O01068,A0125,Account 0125,SMB,Energy,Central,R012,Devon Costa,Inbound,Closed Won,3400.0,2025-09-24,2025-10-14,2025-Q4,true,true,20,3400.0,0.0,0.0
O01069,A0108,Account 0108,SMB,Technology,East,R012,Devon Costa,Referral,Closed Won,5600.0,2025-03-22,2025-04-19,2025-Q2,true,true,28,5600.0,0.0,0.0
O01070,A0378,Account 0378,SMB,Financial Services,Central,R021,Marlowe Silva,Event,Closed Won,16000.0,2024-01-06,2024-03-04,2024-Q1,true,true,58,16000.0,0.0,0.0
O01071,A0114,Account 0114,SMB,Logistics,Central,R002,Jordan Patel,Event,Closed Lost,7000.0,2024-11-07,2024-11-25,2024-Q4,false,true,18,0.0,7000.0,0.0
O01072,A0389,Account 0389,Mid-Market,Retail,West,R007,Casey Rossi,Inbound,Closed Won,54200.0,2024-06-23,2024-08-24,2024-Q3,true,true,62,54200.0,0.0,0.0
O01073,A0152,Account 0152,SMB,Energy,West,R022,Shay Volkov,Outbound,Closed Won,9700.0,2025-02-27,2025-04-22,2025-Q2,true,true,54,9700.0,0.0,0.0
O01074,A0592,Account 0592,SMB,Financial Services,East,R018,Sawyer Walsh,Inbound,Closed Lost,17600.0,2025-11-08,2025-12-23,2025-Q4,false,true,45,0.0,17600.0,0.0
O01075,A0271,Account 0271,SMB,Education,Central,R011,Sky Haddad,Partner,Closed Lost,11400.0,2024-03-25,2024-04-30,2024-Q2,false,true,36,0.0,11400.0,0.0
O01076,A0211,Account 0211,Mid-Market,Financial Services,East,R003,Riley Garcia,Inbound,Closed Won,21700.0,2024-03-17,2024-07-03,2024-Q3,true,true,108,21700.0,0.0,0.0
O01077,A0395,Account 0395,SMB,Technology,West,R009,Drew Mbeki,Event,Closed Lost,8100.0,2025-05-14,2025-06-03,2025-Q2,false,true,20,0.0,8100.0,0.0
O01078,A0527,Account 0527,Mid-Market,Technology,East,R010,Reese Dubois,Inbound,Closed Lost,58600.0,2024-11-15,2025-02-26,2025-Q1,false,true,103,0.0,58600.0,0.0
O01079,A0134,Account 0134,SMB,Retail,Central,R009,Drew Mbeki,Outbound,Closed Lost,17600.0,2025-01-07,2025-02-14,2025-Q1,false,true,38,0.0,17600.0,0.0
O01080,A0410,Account 0410,SMB,Logistics,Central,R009,Drew Mbeki,Referral,Closed Lost,9300.0,2024-03-11,2024-04-11,2024-Q2,false,true,31,0.0,9300.0,0.0
O01081,A0592,Account 0592,SMB,Financial Services,East,R024,Wren Park,Inbound,Closed Won,9900.0,2024-04-14,2024-05-07,2024-Q2,true,true,23,9900.0,0.0,0.0
O01082,A0017,Account 0017,Enterprise,Financial Services,West,R020,Elliot Mori,Outbound,Closed Lost,89100.0,2024-07-10,2024-12-15,2024-Q4,false,true,158,0.0,89100.0,0.0
O01083,A0272,Account 0272,Enterprise,Energy,West,R017,Parker Schmidt,Outbound,Closed Lost,193400.0,2025-07-17,2025-11-05,2025-Q4,false,true,111,0.0,193400.0,0.0
O01084,A0442,Account 0442,SMB,Energy,East,R021,Marlowe Silva,Inbound,Closed Lost,9600.0,2024-12-07,2024-12-24,2024-Q4,false,true,17,0.0,9600.0,0.0
O01085,A0392,Account 0392,SMB,Logistics,West,R015,Rowan Andersen,Inbound,Closed Won,5800.0,2024-07-17,2024-08-18,2024-Q3,true,true,32,5800.0,0.0,0.0
O01086,A0506,Account 0506,Mid-Market,Energy,East,R016,Logan Reyes,Referral,Closed Lost,60200.0,2025-03-19,2025-05-16,2025-Q2,false,true,58,0.0,60200.0,0.0
O01087,A0225,Account 0225,Enterprise,Logistics,East,R017,Parker Schmidt,Outbound,Closed Lost,264100.0,2024-02-24,2024-06-02,2024-Q2,false,true,99,0.0,264100.0,0.0
O01088,A0283,Account 0283,SMB,Manufacturing,Central,R009,Drew Mbeki,Inbound,Closed Lost,13700.0,2025-09-27,2025-11-24,2025-Q4,false,true,58,0.0,13700.0,0.0
O01089,A0275,Account 0275,SMB,Manufacturing,East,R018,Sawyer Walsh,Inbound,Closed Lost,14800.0,2024-07-29,2024-08-22,2024-Q3,false,true,24,0.0,14800.0,0.0
O01090,A0295,Account 0295,Mid-Market,Financial Services,East,R001,Avery Nguyen,Outbound,Closed Lost,49200.0,2024-04-06,2024-06-13,2024-Q2,false,true,68,0.0,49200.0,0.0
O01091,A0313,Account 0313,SMB,Manufacturing,West,R009,Drew Mbeki,Inbound,Closed Won,13200.0,2024-06-23,2024-07-27,2024-Q3,true,true,34,13200.0,0.0,0.0
O01092,A0467,Account 0467,Mid-Market,Financial Services,Central,R004,Cameron Cohen,Referral,Closed Won,44500.0,2024-01-14,2024-04-28,2024-Q2,true,true,105,44500.0,0.0,0.0
O01093,A0079,Account 0079,SMB,Energy,East,R008,Quinn Kim,Outbound,Closed Lost,11900.0,2025-11-26,2025-12-10,2025-Q4,false,true,14,0.0,11900.0,0.0
O01094,A0501,Account 0501,Mid-Market,Manufacturing,West,R006,Taylor Larsson,Partner,Closed Won,20800.0,2025-04-28,2025-06-26,2025-Q2,true,true,59,20800.0,0.0,0.0
O01095,A0298,Account 0298,SMB,Financial Services,East,R009,Drew Mbeki,Inbound,Closed Won,5500.0,2025-06-21,2025-08-06,2025-Q3,true,true,46,5500.0,0.0,0.0
O01096,A0312,Account 0312,Enterprise,Healthcare,West,R020,Elliot Mori,Inbound,Closed Lost,315100.0,2025-04-08,2025-11-09,2025-Q4,false,true,215,0.0,315100.0,0.0
O01097,A0499,Account 0499,Mid-Market,Manufacturing,East,R007,Casey Rossi,Partner,Closed Lost,18800.0,2025-01-08,2025-04-21,2025-Q2,false,true,103,0.0,18800.0,0.0
O01098,A0531,Account 0531,Mid-Market,Retail,East,R023,Tatum Adeyemi,Inbound,Closed Lost,25000.0,2025-09-02,2025-12-17,2025-Q4,false,true,106,0.0,25000.0,0.0
O01099,A0421,Account 0421,Mid-Market,Retail,Central,R006,Taylor Larsson,Partner,Closed Won,40100.0,2025-11-06,2026-01-08,2026-Q1,true,true,63,40100.0,0.0,0.0
O01100,A0442,Account 0442,SMB,Energy,East,R012,Devon Costa,Partner,Closed Lost,5900.0,2024-07-30,2024-08-18,2024-Q3,false,true,19,0.0,5900.0,0.0
O01101,A0281,Account 0281,SMB,Technology,West,R024,Wren Park,Outbound,Closed Lost,16500.0,2025-11-26,2026-01-13,2026-Q1,false,true,48,0.0,16500.0,0.0
O01102,A0272,Account 0272,Enterprise,Energy,West,R020,Elliot Mori,Inbound,Closed Lost,268500.0,2024-12-05,2025-06-13,2025-Q2,false,true,190,0.0,268500.0,0.0
O01103,A0196,Account 0196,SMB,Financial Services,East,R002,Jordan Patel,Inbound,Closed Lost,13500.0,2025-08-16,2025-10-02,2025-Q4,false,true,47,0.0,13500.0,0.0
O01104,A0466,Account 0466,Mid-Market,Logistics,West,R019,Blake Fischer,Referral,Closed Won,24800.0,2024-12-21,2025-03-12,2025-Q1,true,true,81,24800.0,0.0,0.0
O01105,A0151,Account 0151,Mid-Market,Retail,Central,R014,Emerson Ibrahim,Inbound,Closed Lost,50400.0,2025-11-28,2026-01-31,2026-Q1,false,true,64,0.0,50400.0,0.0
O01106,A0499,Account 0499,Mid-Market,Manufacturing,East,R007,Casey Rossi,Inbound,Closed Won,19000.0,2024-03-07,2024-05-28,2024-Q2,true,true,82,19000.0,0.0,0.0
O01107,A0127,Account 0127,SMB,Healthcare,West,R002,Jordan Patel,Event,Closed Lost,3100.0,2025-05-15,2025-06-17,2025-Q2,false,true,33,0.0,3100.0,0.0
O01108,A0052,Account 0052,SMB,Education,East,R011,Sky Haddad,Outbound,Closed Lost,16200.0,2024-05-21,2024-06-26,2024-Q2,false,true,36,0.0,16200.0,0.0
O01109,A0575,Account 0575,SMB,Manufacturing,Central,R008,Quinn Kim,Inbound,Closed Lost,7100.0,2024-03-29,2024-05-27,2024-Q2,false,true,59,0.0,7100.0,0.0
O01110,A0600,Account 0600,SMB,Healthcare,West,R005,Morgan Okafor,Inbound,Closed Lost,3500.0,2024-10-24,2024-11-21,2024-Q4,false,true,28,0.0,3500.0,0.0
O01111,A0396,Account 0396,Enterprise,Technology,East,R020,Elliot Mori,Outbound,Closed Lost,365800.0,2025-02-12,2025-06-07,2025-Q2,false,true,115,0.0,365800.0,0.0
O01112,A0178,Account 0178,Enterprise,Energy,Central,R020,Elliot Mori,Inbound,Closed Won,337400.0,2025-11-26,2026-05-17,2026-Q2,true,true,172,337400.0,0.0,0.0
O01113,A0427,Account 0427,SMB,Energy,West,R021,Marlowe Silva,Referral,Closed Won,7600.0,2024-07-23,2024-08-25,2024-Q3,true,true,33,7600.0,0.0,0.0
O01114,A0473,Account 0473,SMB,Financial Services,East,R021,Marlowe Silva,Inbound,Closed Lost,14700.0,2024-07-06,2024-08-13,2024-Q3,false,true,38,0.0,14700.0,0.0
O01115,A0540,Account 0540,SMB,Manufacturing,Central,R018,Sawyer Walsh,Outbound,Closed Lost,17000.0,2024-11-16,2025-01-01,2025-Q1,false,true,46,0.0,17000.0,0.0
O01116,A0438,Account 0438,Enterprise,Education,Central,R020,Elliot Mori,Inbound,Closed Lost,227600.0,2025-03-06,2025-09-17,2025-Q3,false,true,195,0.0,227600.0,0.0
O01117,A0432,Account 0432,Mid-Market,Retail,Central,R003,Riley Garcia,Outbound,Closed Lost,66800.0,2024-05-23,2024-08-14,2024-Q3,false,true,83,0.0,66800.0,0.0
O01118,A0557,Account 0557,Enterprise,Retail,East,R020,Elliot Mori,Outbound,Closed Lost,120300.0,2024-02-24,2024-09-01,2024-Q3,false,true,190,0.0,120300.0,0.0
O01119,A0531,Account 0531,Mid-Market,Retail,East,R014,Emerson Ibrahim,Partner,Closed Lost,21400.0,2024-02-25,2024-04-20,2024-Q2,false,true,55,0.0,21400.0,0.0
O01120,A0342,Account 0342,Mid-Market,Financial Services,Central,R019,Blake Fischer,Event,Closed Lost,53100.0,2024-04-09,2024-06-30,2024-Q2,false,true,82,0.0,53100.0,0.0
O01121,A0125,Account 0125,SMB,Energy,Central,R022,Shay Volkov,Partner,Prospecting,14100.0,2025-11-21,,2025-Q4,false,false,,0.0,0.0,14100.0
O01122,A0508,Account 0508,Mid-Market,Manufacturing,East,R004,Cameron Cohen,Referral,Closed Lost,36700.0,2024-08-16,2024-10-19,2024-Q4,false,true,64,0.0,36700.0,0.0
O01123,A0007,Account 0007,SMB,Retail,West,R018,Sawyer Walsh,Inbound,Closed Won,6000.0,2025-09-30,2025-11-27,2025-Q4,true,true,58,6000.0,0.0,0.0
O01124,A0124,Account 0124,Mid-Market,Energy,West,R016,Logan Reyes,Event,Closed Lost,30700.0,2024-04-09,2024-06-24,2024-Q2,false,true,76,0.0,30700.0,0.0
O01125,A0455,Account 0455,Mid-Market,Manufacturing,West,R013,Hayden Novak,Inbound,Closed Lost,36600.0,2024-02-26,2024-04-26,2024-Q2,false,true,60,0.0,36600.0,0.0
O01126,A0241,Account 0241,Mid-Market,Technology,Central,R016,Logan Reyes,Outbound,Closed Lost,71300.0,2024-09-23,2025-01-02,2025-Q1,false,true,101,0.0,71300.0,0.0
O01127,A0023,Account 0023,Mid-Market,Healthcare,West,R004,Cameron Cohen,Outbound,Closed Lost,28600.0,2024-05-25,2024-08-08,2024-Q3,false,true,75,0.0,28600.0,0.0
O01128,A0488,Account 0488,Mid-Market,Financial Services,Central,R014,Emerson Ibrahim,Outbound,Closed Lost,59400.0,2024-10-23,2025-01-13,2025-Q1,false,true,82,0.0,59400.0,0.0
O01129,A0282,Account 0282,Mid-Market,Financial Services,East,R013,Hayden Novak,Inbound,Closed Lost,46800.0,2025-01-30,2025-03-29,2025-Q1,false,true,58,0.0,46800.0,0.0
O01130,A0291,Account 0291,SMB,Retail,Central,R018,Sawyer Walsh,Inbound,Closed Lost,8800.0,2024-05-03,2024-06-22,2024-Q2,false,true,50,0.0,8800.0,0.0
O01131,A0456,Account 0456,Mid-Market,Education,East,R001,Avery Nguyen,Inbound,Closed Lost,47000.0,2024-12-29,2025-03-01,2025-Q1,false,true,62,0.0,47000.0,0.0
O01132,A0163,Account 0163,SMB,Energy,East,R012,Devon Costa,Outbound,Closed Lost,6200.0,2025-05-27,2025-07-12,2025-Q3,false,true,46,0.0,6200.0,0.0
O01133,A0526,Account 0526,SMB,Manufacturing,West,R005,Morgan Okafor,Outbound,Closed Lost,5300.0,2024-06-27,2024-08-21,2024-Q3,false,true,55,0.0,5300.0,0.0
O01134,A0471,Account 0471,Mid-Market,Logistics,West,R004,Cameron Cohen,Event,Closed Won,75300.0,2024-10-12,2025-01-03,2025-Q1,true,true,83,75300.0,0.0,0.0
O01135,A0496,Account 0496,SMB,Energy,West,R015,Rowan Andersen,Referral,Closed Lost,12900.0,2025-04-28,2025-06-19,2025-Q2,false,true,52,0.0,12900.0,0.0
O01136,A0539,Account 0539,Enterprise,Healthcare,West,R020,Elliot Mori,Outbound,Closed Lost,268400.0,2024-05-12,2024-10-31,2024-Q4,false,true,172,0.0,268400.0,0.0
O01137,A0414,Account 0414,SMB,Logistics,West,R005,Morgan Okafor,Inbound,Closed Won,15800.0,2024-02-16,2024-03-02,2024-Q1,true,true,15,15800.0,0.0,0.0
O01138,A0109,Account 0109,SMB,Technology,Central,R018,Sawyer Walsh,Referral,Closed Won,7900.0,2025-11-26,2026-01-09,2026-Q1,true,true,44,7900.0,0.0,0.0
O01139,A0243,Account 0243,SMB,Education,West,R005,Morgan Okafor,Outbound,Closed Lost,16400.0,2024-06-27,2024-08-26,2024-Q3,false,true,60,0.0,16400.0,0.0
O01140,A0066,Account 0066,Enterprise,Education,East,R017,Parker Schmidt,Outbound,Proposal,116600.0,2025-09-18,,2025-Q3,false,false,,0.0,0.0,116600.0
O01141,A0031,Account 0031,Mid-Market,Healthcare,West,R004,Cameron Cohen,Referral,Closed Lost,61300.0,2024-11-24,2025-01-21,2025-Q1,false,true,58,0.0,61300.0,0.0
O01142,A0588,Account 0588,Mid-Market,Healthcare,Central,R016,Logan Reyes,Inbound,Closed Lost,33700.0,2024-07-23,2024-10-01,2024-Q4,false,true,70,0.0,33700.0,0.0
O01143,A0207,Account 0207,SMB,Retail,Central,R008,Quinn Kim,Outbound,Closed Won,15100.0,2025-03-20,2025-05-06,2025-Q2,true,true,47,15100.0,0.0,0.0
O01144,A0099,Account 0099,Mid-Market,Retail,West,R006,Taylor Larsson,Outbound,Closed Lost,73400.0,2024-02-04,2024-04-06,2024-Q2,false,true,62,0.0,73400.0,0.0
O01145,A0560,Account 0560,SMB,Healthcare,Central,R005,Morgan Okafor,Partner,Closed Lost,13200.0,2024-12-14,2025-01-08,2025-Q1,false,true,25,0.0,13200.0,0.0
O01146,A0541,Account 0541,SMB,Manufacturing,East,R018,Sawyer Walsh,Outbound,Closed Lost,11600.0,2024-07-13,2024-08-09,2024-Q3,false,true,27,0.0,11600.0,0.0
O01147,A0573,Account 0573,Mid-Market,Healthcare,Central,R004,Cameron Cohen,Inbound,Closed Lost,44500.0,2024-03-09,2024-06-18,2024-Q2,false,true,101,0.0,44500.0,0.0
O01148,A0081,Account 0081,Mid-Market,Energy,West,R004,Cameron Cohen,Inbound,Closed Lost,24300.0,2025-06-13,2025-09-04,2025-Q3,false,true,83,0.0,24300.0,0.0
O01149,A0554,Account 0554,Mid-Market,Logistics,Central,R010,Reese Dubois,Event,Closed Lost,68900.0,2024-01-24,2024-04-06,2024-Q2,false,true,73,0.0,68900.0,0.0
O01150,A0400,Account 0400,Enterprise,Financial Services,East,R020,Elliot Mori,Outbound,Closed Won,389800.0,2024-03-10,2024-07-18,2024-Q3,true,true,130,389800.0,0.0,0.0
O01151,A0531,Account 0531,Mid-Market,Retail,East,R019,Blake Fischer,Partner,Closed Won,42800.0,2025-05-27,2025-08-19,2025-Q3,true,true,84,42800.0,0.0,0.0
O01152,A0114,Account 0114,SMB,Logistics,Central,R022,Shay Volkov,Outbound,Closed Won,12800.0,2025-04-27,2025-05-27,2025-Q2,true,true,30,12800.0,0.0,0.0
O01153,A0206,Account 0206,Mid-Market,Retail,West,R010,Reese Dubois,Inbound,Closed Lost,30700.0,2024-03-01,2024-05-02,2024-Q2,false,true,62,0.0,30700.0,0.0
O01154,A0064,Account 0064,SMB,Retail,Central,R009,Drew Mbeki,Outbound,Closed Lost,15100.0,2025-05-20,2025-06-07,2025-Q2,false,true,18,0.0,15100.0,0.0
O01155,A0037,Account 0037,SMB,Financial Services,East,R012,Devon Costa,Inbound,Closed Lost,12000.0,2024-03-13,2024-04-22,2024-Q2,false,true,40,0.0,12000.0,0.0
O01156,A0565,Account 0565,Mid-Market,Manufacturing,Central,R014,Emerson Ibrahim,Outbound,Closed Won,62800.0,2024-05-12,2024-07-30,2024-Q3,true,true,79,62800.0,0.0,0.0
O01157,A0231,Account 0231,Enterprise,Education,West,R020,Elliot Mori,Referral,Closed Lost,177100.0,2025-03-17,2025-10-15,2025-Q4,false,true,212,0.0,177100.0,0.0
O01158,A0022,Account 0022,SMB,Retail,East,R002,Jordan Patel,Partner,Closed Lost,11000.0,2024-01-27,2024-02-22,2024-Q1,false,true,26,0.0,11000.0,0.0
O01159,A0019,Account 0019,SMB,Logistics,West,R021,Marlowe Silva,Inbound,Closed Lost,8800.0,2025-05-08,2025-05-25,2025-Q2,false,true,17,0.0,8800.0,0.0
O01160,A0438,Account 0438,Enterprise,Education,Central,R017,Parker Schmidt,Referral,Closed Lost,117800.0,2024-04-28,2024-11-16,2024-Q4,false,true,202,0.0,117800.0,0.0
O01161,A0361,Account 0361,Enterprise,Healthcare,East,R017,Parker Schmidt,Inbound,Closed Lost,373800.0,2024-12-17,2025-07-06,2025-Q3,false,true,201,0.0,373800.0,0.0
O01162,A0011,Account 0011,Enterprise,Technology,East,R017,Parker Schmidt,Inbound,Closed Lost,261800.0,2025-02-26,2025-10-11,2025-Q4,false,true,227,0.0,261800.0,0.0
O01163,A0256,Account 0256,Mid-Market,Education,East,R001,Avery Nguyen,Inbound,Closed Won,25900.0,2024-03-19,2024-05-10,2024-Q2,true,true,52,25900.0,0.0,0.0
O01164,A0359,Account 0359,SMB,Technology,Central,R022,Shay Volkov,Outbound,Closed Won,18000.0,2025-11-01,2025-11-30,2025-Q4,true,true,29,18000.0,0.0,0.0
O01165,A0126,Account 0126,Enterprise,Energy,West,R017,Parker Schmidt,Partner,Closed Lost,380300.0,2024-03-19,2024-08-20,2024-Q3,false,true,154,0.0,380300.0,0.0
O01166,A0366,Account 0366,Mid-Market,Energy,East,R006,Taylor Larsson,Inbound,Closed Lost,76400.0,2025-03-30,2025-06-21,2025-Q2,false,true,83,0.0,76400.0,0.0
O01167,A0251,Account 0251,Mid-Market,Retail,West,R016,Logan Reyes,Inbound,Closed Lost,61300.0,2024-09-30,2024-12-24,2024-Q4,false,true,85,0.0,61300.0,0.0
O01168,A0421,Account 0421,Mid-Market,Retail,Central,R019,Blake Fischer,Event,Closed Lost,22900.0,2025-05-12,2025-07-31,2025-Q3,false,true,80,0.0,22900.0,0.0
O01169,A0534,Account 0534,Mid-Market,Education,Central,R006,Taylor Larsson,Event,Closed Lost,31100.0,2024-11-08,2025-03-03,2025-Q1,false,true,115,0.0,31100.0,0.0
O01170,A0146,Account 0146,Mid-Market,Manufacturing,Central,R001,Avery Nguyen,Inbound,Closed Lost,58300.0,2024-08-28,2024-12-07,2024-Q4,false,true,101,0.0,58300.0,0.0
O01171,A0511,Account 0511,SMB,Logistics,East,R002,Jordan Patel,Referral,Closed Won,11800.0,2024-10-03,2024-11-03,2024-Q4,true,true,31,11800.0,0.0,0.0
O01172,A0062,Account 0062,SMB,Technology,West,R011,Sky Haddad,Outbound,Closed Lost,10400.0,2025-09-16,2025-10-24,2025-Q4,false,true,38,0.0,10400.0,0.0
O01173,A0046,Account 0046,SMB,Financial Services,East,R009,Drew Mbeki,Inbound,Closed Lost,5800.0,2024-07-29,2024-09-05,2024-Q3,false,true,38,0.0,5800.0,0.0
O01174,A0313,Account 0313,SMB,Manufacturing,West,R002,Jordan Patel,Partner,Closed Lost,17100.0,2025-07-08,2025-08-13,2025-Q3,false,true,36,0.0,17100.0,0.0
O01175,A0345,Account 0345,Enterprise,Education,West,R020,Elliot Mori,Outbound,Closed Lost,322300.0,2025-08-28,2026-01-20,2026-Q1,false,true,145,0.0,322300.0,0.0
O01176,A0438,Account 0438,Enterprise,Education,Central,R017,Parker Schmidt,Partner,Closed Lost,204200.0,2024-04-21,2024-12-08,2024-Q4,false,true,231,0.0,204200.0,0.0
O01177,A0548,Account 0548,SMB,Financial Services,East,R018,Sawyer Walsh,Inbound,Closed Lost,13800.0,2025-03-10,2025-04-29,2025-Q2,false,true,50,0.0,13800.0,0.0
O01178,A0391,Account 0391,Mid-Market,Manufacturing,West,R014,Emerson Ibrahim,Partner,Closed Lost,74300.0,2024-08-31,2024-10-31,2024-Q4,false,true,61,0.0,74300.0,0.0
O01179,A0281,Account 0281,SMB,Technology,West,R005,Morgan Okafor,Inbound,Closed Lost,7400.0,2024-09-12,2024-10-30,2024-Q4,false,true,48,0.0,7400.0,0.0
O01180,A0281,Account 0281,SMB,Technology,West,R012,Devon Costa,Event,Closed Lost,6800.0,2024-10-02,2024-11-27,2024-Q4,false,true,56,0.0,6800.0,0.0
O01181,A0013,Account 0013,SMB,Manufacturing,East,R005,Morgan Okafor,Event,Closed Lost,12900.0,2024-11-10,2024-12-30,2024-Q4,false,true,50,0.0,12900.0,0.0
O01182,A0455,Account 0455,Mid-Market,Manufacturing,West,R014,Emerson Ibrahim,Outbound,Closed Won,18500.0,2024-01-18,2024-04-28,2024-Q2,true,true,101,18500.0,0.0,0.0
O01183,A0570,Account 0570,Mid-Market,Financial Services,West,R006,Taylor Larsson,Event,Closed Won,53900.0,2025-02-22,2025-04-15,2025-Q2,true,true,52,53900.0,0.0,0.0
O01184,A0565,Account 0565,Mid-Market,Manufacturing,Central,R010,Reese Dubois,Inbound,Closed Lost,29100.0,2024-03-06,2024-06-15,2024-Q2,false,true,101,0.0,29100.0,0.0
O01185,A0507,Account 0507,SMB,Logistics,East,R008,Quinn Kim,Partner,Closed Lost,5600.0,2024-08-20,2024-10-13,2024-Q4,false,true,54,0.0,5600.0,0.0
O01186,A0239,Account 0239,Mid-Market,Technology,West,R003,Riley Garcia,Outbound,Qualification,29400.0,2025-11-01,,2025-Q4,false,false,,0.0,0.0,29400.0
O01187,A0234,Account 0234,SMB,Education,West,R002,Jordan Patel,Event,Closed Lost,3200.0,2024-09-22,2024-10-22,2024-Q4,false,true,30,0.0,3200.0,0.0
O01188,A0554,Account 0554,Mid-Market,Logistics,Central,R001,Avery Nguyen,Outbound,Closed Won,39700.0,2025-09-06,2025-11-20,2025-Q4,true,true,75,39700.0,0.0,0.0
O01189,A0524,Account 0524,Enterprise,Financial Services,Central,R017,Parker Schmidt,Event,Closed Lost,184300.0,2024-08-30,2025-01-19,2025-Q1,false,true,142,0.0,184300.0,0.0
O01190,A0426,Account 0426,SMB,Energy,West,R005,Morgan Okafor,Inbound,Closed Won,16100.0,2025-10-19,2025-11-29,2025-Q4,true,true,41,16100.0,0.0,0.0
O01191,A0369,Account 0369,SMB,Technology,East,R012,Devon Costa,Inbound,Closed Lost,8600.0,2025-02-21,2025-04-17,2025-Q2,false,true,55,0.0,8600.0,0.0
O01192,A0032,Account 0032,SMB,Retail,Central,R008,Quinn Kim,Outbound,Closed Won,7400.0,2025-01-12,2025-01-28,2025-Q1,true,true,16,7400.0,0.0,0.0
O01193,A0109,Account 0109,SMB,Technology,Central,R022,Shay Volkov,Outbound,Closed Lost,10700.0,2024-08-04,2024-09-07,2024-Q3,false,true,34,0.0,10700.0,0.0
O01194,A0596,Account 0596,SMB,Retail,West,R012,Devon Costa,Partner,Closed Won,15500.0,2024-08-08,2024-09-15,2024-Q3,true,true,38,15500.0,0.0,0.0
O01195,A0391,Account 0391,Mid-Market,Manufacturing,West,R023,Tatum Adeyemi,Outbound,Closed Lost,77400.0,2024-03-21,2024-05-14,2024-Q2,false,true,54,0.0,77400.0,0.0
O01196,A0589,Account 0589,SMB,Technology,West,R024,Wren Park,Event,Closed Lost,9300.0,2025-07-15,2025-09-13,2025-Q3,false,true,60,0.0,9300.0,0.0
O01197,A0541,Account 0541,SMB,Manufacturing,East,R002,Jordan Patel,Inbound,Closed Lost,12900.0,2025-09-13,2025-10-27,2025-Q4,false,true,44,0.0,12900.0,0.0
O01198,A0200,Account 0200,SMB,Manufacturing,Central,R022,Shay Volkov,Referral,Closed Lost,7900.0,2024-10-27,2024-11-25,2024-Q4,false,true,29,0.0,7900.0,0.0
O01199,A0237,Account 0237,SMB,Energy,Central,R018,Sawyer Walsh,Referral,Closed Lost,13400.0,2024-11-18,2024-12-09,2024-Q4,false,true,21,0.0,13400.0,0.0
O01200,A0420,Account 0420,Mid-Market,Education,East,R010,Reese Dubois,Outbound,Closed Won,52700.0,2024-03-22,2024-06-20,2024-Q2,true,true,90,52700.0,0.0,0.0
O01201,A0496,Account 0496,SMB,Energy,West,R022,Shay Volkov,Event,Closed Won,14800.0,2024-08-23,2024-10-04,2024-Q4,true,true,42,14800.0,0.0,0.0
O01202,A0129,Account 0129,Mid-Market,Retail,East,R016,Logan Reyes,Outbound,Closed Lost,59800.0,2024-09-07,2024-12-13,2024-Q4,false,true,97,0.0,59800.0,0.0
O01203,A0294,Account 0294,SMB,Education,West,R012,Devon Costa,Referral,Closed Lost,4200.0,2024-11-17,2024-12-08,2024-Q4,false,true,21,0.0,4200.0,0.0
O01204,A0590,Account 0590,SMB,Healthcare,West,R018,Sawyer Walsh,Inbound,Closed Lost,16500.0,2025-10-09,2025-11-04,2025-Q4,false,true,26,0.0,16500.0,0.0
O01205,A0124,Account 0124,Mid-Market,Energy,West,R013,Hayden Novak,Inbound,Closed Lost,62100.0,2024-09-26,2025-01-19,2025-Q1,false,true,115,0.0,62100.0,0.0
O01206,A0035,Account 0035,Enterprise,Healthcare,East,R020,Elliot Mori,Event,Closed Won,396800.0,2024-01-25,2024-06-05,2024-Q2,true,true,132,396800.0,0.0,0.0
O01207,A0398,Account 0398,SMB,Education,Central,R015,Rowan Andersen,Partner,Closed Lost,9000.0,2024-12-28,2025-01-19,2025-Q1,false,true,22,0.0,9000.0,0.0
O01208,A0122,Account 0122,SMB,Technology,West,R012,Devon Costa,Partner,Closed Won,12100.0,2024-12-10,2025-01-30,2025-Q1,true,true,51,12100.0,0.0,0.0
O01209,A0076,Account 0076,SMB,Logistics,Central,R012,Devon Costa,Outbound,Closed Lost,12500.0,2025-04-04,2025-05-14,2025-Q2,false,true,40,0.0,12500.0,0.0
O01210,A0489,Account 0489,SMB,Logistics,East,R008,Quinn Kim,Referral,Closed Lost,14500.0,2024-07-06,2024-09-04,2024-Q3,false,true,60,0.0,14500.0,0.0
O01211,A0086,Account 0086,SMB,Logistics,Central,R008,Quinn Kim,Outbound,Closed Lost,11900.0,2024-01-08,2024-02-28,2024-Q1,false,true,51,0.0,11900.0,0.0
O01212,A0329,Account 0329,Enterprise,Financial Services,Central,R020,Elliot Mori,Event,Closed Lost,311200.0,2024-06-29,2025-02-04,2025-Q1,false,true,220,0.0,311200.0,0.0
O01213,A0238,Account 0238,SMB,Logistics,West,R011,Sky Haddad,Outbound,Closed Lost,3700.0,2025-05-20,2025-06-24,2025-Q2,false,true,35,0.0,3700.0,0.0
O01214,A0521,Account 0521,Mid-Market,Education,East,R013,Hayden Novak,Referral,Closed Lost,41800.0,2024-10-19,2025-01-13,2025-Q1,false,true,86,0.0,41800.0,0.0
O01215,A0043,Account 0043,SMB,Education,West,R009,Drew Mbeki,Inbound,Closed Lost,7200.0,2025-03-16,2025-05-02,2025-Q2,false,true,47,0.0,7200.0,0.0
O01216,A0356,Account 0356,SMB,Education,Central,R011,Sky Haddad,Inbound,Closed Lost,7300.0,2024-06-18,2024-07-09,2024-Q3,false,true,21,0.0,7300.0,0.0
O01217,A0174,Account 0174,SMB,Manufacturing,West,R011,Sky Haddad,Partner,Closed Lost,14300.0,2024-09-22,2024-11-13,2024-Q4,false,true,52,0.0,14300.0,0.0
O01218,A0145,Account 0145,Enterprise,Energy,Central,R017,Parker Schmidt,Inbound,Closed Lost,348400.0,2024-07-30,2025-03-18,2025-Q1,false,true,231,0.0,348400.0,0.0
O01219,A0041,Account 0041,SMB,Education,West,R021,Marlowe Silva,Inbound,Closed Lost,3100.0,2025-07-04,2025-07-30,2025-Q3,false,true,26,0.0,3100.0,0.0
O01220,A0209,Account 0209,SMB,Healthcare,West,R011,Sky Haddad,Event,Closed Lost,14000.0,2025-08-07,2025-09-17,2025-Q3,false,true,41,0.0,14000.0,0.0
O01221,A0303,Account 0303,SMB,Energy,Central,R005,Morgan Okafor,Inbound,Closed Lost,16300.0,2024-05-02,2024-06-13,2024-Q2,false,true,42,0.0,16300.0,0.0
O01222,A0141,Account 0141,SMB,Financial Services,West,R011,Sky Haddad,Partner,Closed Lost,17500.0,2025-11-15,2025-12-06,2025-Q4,false,true,21,0.0,17500.0,0.0
O01223,A0228,Account 0228,SMB,Technology,East,R005,Morgan Okafor,Partner,Closed Won,10600.0,2024-11-30,2024-12-24,2024-Q4,true,true,24,10600.0,0.0,0.0
O01224,A0526,Account 0526,SMB,Manufacturing,West,R024,Wren Park,Inbound,Closed Lost,13300.0,2024-03-16,2024-05-14,2024-Q2,false,true,59,0.0,13300.0,0.0
O01225,A0103,Account 0103,Enterprise,Retail,West,R020,Elliot Mori,Inbound,Closed Lost,291600.0,2024-07-13,2025-03-02,2025-Q1,false,true,232,0.0,291600.0,0.0
O01226,A0009,Account 0009,SMB,Financial Services,Central,R009,Drew Mbeki,Partner,Closed Lost,8600.0,2024-05-20,2024-07-10,2024-Q3,false,true,51,0.0,8600.0,0.0
O01227,A0272,Account 0272,Enterprise,Energy,West,R020,Elliot Mori,Inbound,Closed Lost,340400.0,2024-06-04,2025-01-04,2025-Q1,false,true,214,0.0,340400.0,0.0
O01228,A0204,Account 0204,Enterprise,Energy,West,R017,Parker Schmidt,Outbound,Closed Won,81000.0,2025-06-12,2025-11-03,2025-Q4,true,true,144,81000.0,0.0,0.0
O01229,A0214,Account 0214,Enterprise,Logistics,Central,R017,Parker Schmidt,Partner,Closed Lost,300200.0,2024-02-09,2024-08-24,2024-Q3,false,true,197,0.0,300200.0,0.0
O01230,A0241,Account 0241,Mid-Market,Technology,Central,R023,Tatum Adeyemi,Event,Closed Lost,50900.0,2024-12-23,2025-04-08,2025-Q2,false,true,106,0.0,50900.0,0.0
O01231,A0238,Account 0238,SMB,Logistics,West,R011,Sky Haddad,Outbound,Closed Lost,10400.0,2025-11-15,2025-12-30,2025-Q4,false,true,45,0.0,10400.0,0.0
O01232,A0303,Account 0303,SMB,Energy,Central,R005,Morgan Okafor,Event,Closed Lost,17400.0,2024-08-12,2024-09-02,2024-Q3,false,true,21,0.0,17400.0,0.0
O01233,A0430,Account 0430,Mid-Market,Retail,West,R014,Emerson Ibrahim,Outbound,Closed Won,59100.0,2024-11-29,2025-02-13,2025-Q1,true,true,76,59100.0,0.0,0.0
O01234,A0327,Account 0327,Enterprise,Financial Services,Central,R017,Parker Schmidt,Outbound,Closed Lost,305500.0,2024-12-21,2025-06-30,2025-Q2,false,true,191,0.0,305500.0,0.0
O01235,A0501,Account 0501,Mid-Market,Manufacturing,West,R019,Blake Fischer,Inbound,Closed Lost,19800.0,2025-02-25,2025-05-11,2025-Q2,false,true,75,0.0,19800.0,0.0
O01236,A0419,Account 0419,SMB,Healthcare,West,R002,Jordan Patel,Outbound,Closed Won,6900.0,2025-07-29,2025-09-01,2025-Q3,true,true,34,6900.0,0.0,0.0
O01237,A0453,Account 0453,SMB,Financial Services,East,R015,Rowan Andersen,Partner,Closed Won,16700.0,2025-02-12,2025-03-14,2025-Q1,true,true,30,16700.0,0.0,0.0
O01238,A0348,Account 0348,SMB,Energy,East,R024,Wren Park,Event,Closed Won,9700.0,2024-02-16,2024-03-20,2024-Q1,true,true,33,9700.0,0.0,0.0
O01239,A0549,Account 0549,SMB,Technology,West,R009,Drew Mbeki,Inbound,Closed Lost,17200.0,2025-10-02,2025-10-23,2025-Q4,false,true,21,0.0,17200.0,0.0
O01240,A0553,Account 0553,Enterprise,Financial Services,West,R017,Parker Schmidt,Referral,Closed Lost,108900.0,2024-01-22,2024-07-27,2024-Q3,false,true,187,0.0,108900.0,0.0
O01241,A0567,Account 0567,Mid-Market,Financial Services,Central,R003,Riley Garcia,Outbound,Prospecting,50200.0,2025-11-01,,2025-Q4,false,false,,0.0,0.0,50200.0
O01242,A0235,Account 0235,SMB,Financial Services,West,R011,Sky Haddad,Partner,Closed Won,8000.0,2024-06-14,2024-07-21,2024-Q3,true,true,37,8000.0,0.0,0.0
O01243,A0014,Account 0014,SMB,Retail,West,R002,Jordan Patel,Outbound,Closed Lost,4500.0,2024-01-21,2024-03-08,2024-Q1,false,true,47,0.0,4500.0,0.0
O01244,A0161,Account 0161,SMB,Logistics,Central,R011,Sky Haddad,Inbound,Closed Lost,6500.0,2024-11-04,2024-11-19,2024-Q4,false,true,15,0.0,6500.0,0.0
O01245,A0279,Account 0279,SMB,Energy,Central,R005,Morgan Okafor,Event,Closed Lost,9000.0,2025-01-21,2025-03-17,2025-Q1,false,true,55,0.0,9000.0,0.0
O01246,A0087,Account 0087,SMB,Retail,Central,R005,Morgan Okafor,Outbound,Closed Lost,13800.0,2024-03-16,2024-05-01,2024-Q2,false,true,46,0.0,13800.0,0.0
O01247,A0016,Account 0016,SMB,Education,Central,R021,Marlowe Silva,Outbound,Closed Lost,4400.0,2025-09-11,2025-10-04,2025-Q4,false,true,23,0.0,4400.0,0.0
O01248,A0320,Account 0320,SMB,Technology,East,R012,Devon Costa,Outbound,Closed Won,14200.0,2025-03-11,2025-04-26,2025-Q2,true,true,46,14200.0,0.0,0.0
O01249,A0103,Account 0103,Enterprise,Retail,West,R020,Elliot Mori,Outbound,Negotiation,230800.0,2025-11-02,,2025-Q4,false,false,,0.0,0.0,230800.0
O01250,A0495,Account 0495,SMB,Financial Services,West,R011,Sky Haddad,Outbound,Closed Won,6700.0,2025-06-30,2025-08-15,2025-Q3,true,true,46,6700.0,0.0,0.0
O01251,A0404,Account 0404,Enterprise,Energy,West,R020,Elliot Mori,Inbound,Closed Lost,224700.0,2025-07-13,2025-11-07,2025-Q4,false,true,117,0.0,224700.0,0.0
O01252,A0238,Account 0238,SMB,Logistics,West,R018,Sawyer Walsh,Inbound,Closed Lost,11400.0,2025-01-13,2025-02-26,2025-Q1,false,true,44,0.0,11400.0,0.0
O01253,A0086,Account 0086,SMB,Logistics,Central,R005,Morgan Okafor,Outbound,Closed Lost,6100.0,2025-07-28,2025-08-21,2025-Q3,false,true,24,0.0,6100.0,0.0
O01254,A0086,Account 0086,SMB,Logistics,Central,R008,Quinn Kim,Event,Closed Lost,15600.0,2025-02-16,2025-04-10,2025-Q2,false,true,53,0.0,15600.0,0.0
O01255,A0239,Account 0239,Mid-Market,Technology,West,R001,Avery Nguyen,Event,Closed Lost,43500.0,2025-05-20,2025-08-05,2025-Q3,false,true,77,0.0,43500.0,0.0
O01256,A0038,Account 0038,Enterprise,Retail,East,R020,Elliot Mori,Outbound,Qualification,358900.0,2025-08-01,,2025-Q3,false,false,,0.0,0.0,358900.0
O01257,A0512,Account 0512,SMB,Energy,East,R012,Devon Costa,Outbound,Closed Lost,7800.0,2025-10-29,2025-11-27,2025-Q4,false,true,29,0.0,7800.0,0.0
O01258,A0084,Account 0084,SMB,Technology,Central,R005,Morgan Okafor,Inbound,Closed Won,4200.0,2025-03-11,2025-05-08,2025-Q2,true,true,58,4200.0,0.0,0.0
O01259,A0533,Account 0533,SMB,Financial Services,Central,R005,Morgan Okafor,Inbound,Closed Lost,9600.0,2024-06-19,2024-07-15,2024-Q3,false,true,26,0.0,9600.0,0.0
O01260,A0435,Account 0435,SMB,Retail,East,R018,Sawyer Walsh,Partner,Closed Lost,15000.0,2024-06-23,2024-08-16,2024-Q3,false,true,54,0.0,15000.0,0.0
O01261,A0561,Account 0561,Enterprise,Logistics,Central,R020,Elliot Mori,Inbound,Closed Lost,175000.0,2025-02-12,2025-05-15,2025-Q2,false,true,92,0.0,175000.0,0.0
O01262,A0278,Account 0278,SMB,Retail,Central,R021,Marlowe Silva,Inbound,Closed Lost,16300.0,2024-11-26,2025-01-18,2025-Q1,false,true,53,0.0,16300.0,0.0
O01263,A0298,Account 0298,SMB,Financial Services,East,R021,Marlowe Silva,Outbound,Closed Lost,17300.0,2024-07-28,2024-09-19,2024-Q3,false,true,53,0.0,17300.0,0.0
O01264,A0484,Account 0484,Mid-Market,Manufacturing,East,R014,Emerson Ibrahim,Event,Closed Lost,75500.0,2024-08-03,2024-10-29,2024-Q4,false,true,87,0.0,75500.0,0.0
O01265,A0139,Account 0139,SMB,Logistics,Central,R008,Quinn Kim,Outbound,Closed Won,15400.0,2025-06-20,2025-08-18,2025-Q3,true,true,59,15400.0,0.0,0.0
O01266,A0154,Account 0154,SMB,Retail,West,R018,Sawyer Walsh,Partner,Closed Won,7700.0,2024-03-09,2024-03-23,2024-Q1,true,true,14,7700.0,0.0,0.0
O01267,A0551,Account 0551,Mid-Market,Manufacturing,Central,R014,Emerson Ibrahim,Inbound,Closed Lost,21800.0,2024-12-04,2025-01-30,2025-Q1,false,true,57,0.0,21800.0,0.0
O01268,A0359,Account 0359,SMB,Technology,Central,R024,Wren Park,Inbound,Closed Won,8200.0,2025-07-26,2025-08-23,2025-Q3,true,true,28,8200.0,0.0,0.0
O01269,A0292,Account 0292,SMB,Financial Services,Central,R015,Rowan Andersen,Outbound,Closed Lost,7600.0,2025-08-21,2025-10-20,2025-Q4,false,true,60,0.0,7600.0,0.0
O01270,A0261,Account 0261,SMB,Education,East,R021,Marlowe Silva,Inbound,Closed Won,12900.0,2025-07-08,2025-09-01,2025-Q3,true,true,55,12900.0,0.0,0.0
O01271,A0222,Account 0222,Mid-Market,Energy,West,R007,Casey Rossi,Outbound,Closed Won,52900.0,2024-07-01,2024-09-17,2024-Q3,true,true,78,52900.0,0.0,0.0
O01272,A0393,Account 0393,Enterprise,Technology,East,R020,Elliot Mori,Referral,Closed Lost,389300.0,2025-08-12,2026-01-19,2026-Q1,false,true,160,0.0,389300.0,0.0
O01273,A0215,Account 0215,Mid-Market,Energy,West,R004,Cameron Cohen,Event,Closed Won,79300.0,2024-01-03,2024-03-17,2024-Q1,true,true,74,79300.0,0.0,0.0
O01274,A0151,Account 0151,Mid-Market,Retail,Central,R004,Cameron Cohen,Event,Closed Lost,72200.0,2024-06-17,2024-09-30,2024-Q3,false,true,105,0.0,72200.0,0.0
O01275,A0054,Account 0054,Mid-Market,Financial Services,Central,R004,Cameron Cohen,Inbound,Closed Lost,44400.0,2025-06-07,2025-09-16,2025-Q3,false,true,101,0.0,44400.0,0.0
O01276,A0121,Account 0121,SMB,Technology,West,R009,Drew Mbeki,Outbound,Closed Lost,8700.0,2025-07-27,2025-09-04,2025-Q3,false,true,39,0.0,8700.0,0.0
O01277,A0320,Account 0320,SMB,Technology,East,R021,Marlowe Silva,Inbound,Closed Lost,4200.0,2024-11-20,2025-01-06,2025-Q1,false,true,47,0.0,4200.0,0.0
O01278,A0171,Account 0171,Mid-Market,Technology,West,R023,Tatum Adeyemi,Outbound,Closed Lost,70100.0,2024-10-11,2024-12-13,2024-Q4,false,true,63,0.0,70100.0,0.0
O01279,A0257,Account 0257,SMB,Healthcare,Central,R024,Wren Park,Inbound,Closed Lost,16500.0,2024-05-03,2024-06-21,2024-Q2,false,true,49,0.0,16500.0,0.0
O01280,A0375,Account 0375,Mid-Market,Retail,West,R014,Emerson Ibrahim,Referral,Closed Won,63200.0,2025-11-17,2026-02-14,2026-Q1,true,true,89,63200.0,0.0,0.0
O01281,A0196,Account 0196,SMB,Financial Services,East,R015,Rowan Andersen,Inbound,Closed Lost,17000.0,2025-01-18,2025-02-12,2025-Q1,false,true,25,0.0,17000.0,0.0
O01282,A0370,Account 0370,SMB,Technology,West,R021,Marlowe Silva,Referral,Closed Lost,11800.0,2024-07-18,2024-08-01,2024-Q3,false,true,14,0.0,11800.0,0.0
O01283,A0260,Account 0260,SMB,Energy,East,R021,Marlowe Silva,Partner,Closed Lost,7100.0,2024-01-14,2024-03-06,2024-Q1,false,true,52,0.0,7100.0,0.0
O01284,A0408,Account 0408,SMB,Healthcare,West,R002,Jordan Patel,Event,Closed Lost,12400.0,2024-09-16,2024-10-17,2024-Q4,false,true,31,0.0,12400.0,0.0
O01285,A0483,Account 0483,SMB,Logistics,Central,R022,Shay Volkov,Event,Closed Lost,10400.0,2025-10-09,2025-11-21,2025-Q4,false,true,43,0.0,10400.0,0.0
O01286,A0559,Account 0559,SMB,Financial Services,West,R005,Morgan Okafor,Inbound,Closed Lost,3400.0,2024-02-09,2024-03-17,2024-Q1,false,true,37,0.0,3400.0,0.0
O01287,A0182,Account 0182,Enterprise,Technology,West,R017,Parker Schmidt,Outbound,Closed Won,346900.0,2024-03-25,2024-10-08,2024-Q4,true,true,197,346900.0,0.0,0.0
O01288,A0064,Account 0064,SMB,Retail,Central,R012,Devon Costa,Partner,Closed Lost,7200.0,2024-04-09,2024-05-27,2024-Q2,false,true,48,0.0,7200.0,0.0
O01289,A0018,Account 0018,Enterprise,Manufacturing,West,R020,Elliot Mori,Partner,Closed Won,367300.0,2025-11-19,2026-05-09,2026-Q2,true,true,171,367300.0,0.0,0.0
O01290,A0376,Account 0376,Mid-Market,Manufacturing,West,R016,Logan Reyes,Inbound,Closed Lost,43800.0,2024-01-15,2024-04-20,2024-Q2,false,true,96,0.0,43800.0,0.0
O01291,A0198,Account 0198,Enterprise,Financial Services,West,R017,Parker Schmidt,Outbound,Closed Won,135200.0,2024-09-30,2025-01-19,2025-Q1,true,true,111,135200.0,0.0,0.0
O01292,A0518,Account 0518,SMB,Retail,Central,R015,Rowan Andersen,Inbound,Closed Lost,14200.0,2024-06-26,2024-08-19,2024-Q3,false,true,54,0.0,14200.0,0.0
O01293,A0281,Account 0281,SMB,Technology,West,R021,Marlowe Silva,Partner,Closed Lost,8100.0,2024-12-25,2025-01-15,2025-Q1,false,true,21,0.0,8100.0,0.0
O01294,A0580,Account 0580,Enterprise,Education,Central,R020,Elliot Mori,Inbound,Closed Won,373800.0,2024-03-31,2024-07-28,2024-Q3,true,true,119,373800.0,0.0,0.0
O01295,A0326,Account 0326,Mid-Market,Education,Central,R019,Blake Fischer,Inbound,Closed Lost,65500.0,2025-10-03,2025-11-19,2025-Q4,false,true,47,0.0,65500.0,0.0
O01296,A0384,Account 0384,Enterprise,Healthcare,Central,R020,Elliot Mori,Referral,Closed Lost,178500.0,2024-03-24,2024-08-24,2024-Q3,false,true,153,0.0,178500.0,0.0
O01297,A0196,Account 0196,SMB,Financial Services,East,R008,Quinn Kim,Inbound,Closed Won,8700.0,2024-11-13,2024-11-30,2024-Q4,true,true,17,8700.0,0.0,0.0
O01298,A0579,Account 0579,Mid-Market,Logistics,West,R010,Reese Dubois,Inbound,Closed Lost,69800.0,2025-02-27,2025-05-11,2025-Q2,false,true,73,0.0,69800.0,0.0
O01299,A0303,Account 0303,SMB,Energy,Central,R011,Sky Haddad,Outbound,Closed Lost,4400.0,2025-03-26,2025-04-25,2025-Q2,false,true,30,0.0,4400.0,0.0
O01300,A0536,Account 0536,Mid-Market,Financial Services,East,R014,Emerson Ibrahim,Outbound,Closed Lost,20300.0,2025-10-08,2025-12-13,2025-Q4,false,true,66,0.0,20300.0,0.0
O01301,A0551,Account 0551,Mid-Market,Manufacturing,Central,R019,Blake Fischer,Event,Closed Lost,39500.0,2024-08-03,2024-11-11,2024-Q4,false,true,100,0.0,39500.0,0.0
O01302,A0213,Account 0213,SMB,Technology,Central,R012,Devon Costa,Inbound,Closed Lost,15400.0,2025-05-30,2025-07-18,2025-Q3,false,true,49,0.0,15400.0,0.0
O01303,A0216,Account 0216,SMB,Manufacturing,Central,R011,Sky Haddad,Outbound,Closed Lost,6900.0,2024-08-11,2024-09-23,2024-Q3,false,true,43,0.0,6900.0,0.0
O01304,A0191,Account 0191,SMB,Financial Services,West,R018,Sawyer Walsh,Outbound,Closed Lost,11800.0,2024-05-23,2024-07-05,2024-Q3,false,true,43,0.0,11800.0,0.0
O01305,A0035,Account 0035,Enterprise,Healthcare,East,R020,Elliot Mori,Outbound,Closed Won,358200.0,2024-04-17,2024-10-15,2024-Q4,true,true,181,358200.0,0.0,0.0
O01306,A0343,Account 0343,SMB,Retail,West,R012,Devon Costa,Inbound,Closed Lost,5800.0,2025-10-25,2025-11-14,2025-Q4,false,true,20,0.0,5800.0,0.0
O01307,A0560,Account 0560,SMB,Healthcare,Central,R008,Quinn Kim,Outbound,Closed Lost,15100.0,2024-01-23,2024-03-05,2024-Q1,false,true,42,0.0,15100.0,0.0
O01308,A0446,Account 0446,SMB,Manufacturing,West,R015,Rowan Andersen,Inbound,Closed Lost,6800.0,2025-04-29,2025-05-28,2025-Q2,false,true,29,0.0,6800.0,0.0
O01309,A0411,Account 0411,Mid-Market,Manufacturing,East,R007,Casey Rossi,Outbound,Closed Lost,65300.0,2024-02-11,2024-04-25,2024-Q2,false,true,74,0.0,65300.0,0.0
O01310,A0432,Account 0432,Mid-Market,Retail,Central,R013,Hayden Novak,Outbound,Closed Won,42800.0,2024-10-02,2025-01-28,2025-Q1,true,true,118,42800.0,0.0,0.0
O01311,A0308,Account 0308,SMB,Manufacturing,East,R022,Shay Volkov,Inbound,Closed Lost,17300.0,2025-06-20,2025-07-16,2025-Q3,false,true,26,0.0,17300.0,0.0
O01312,A0342,Account 0342,Mid-Market,Financial Services,Central,R001,Avery Nguyen,Outbound,Closed Won,67200.0,2024-04-02,2024-06-25,2024-Q2,true,true,84,67200.0,0.0,0.0
O01313,A0406,Account 0406,Mid-Market,Logistics,Central,R004,Cameron Cohen,Inbound,Closed Won,58800.0,2025-04-16,2025-05-31,2025-Q2,true,true,45,58800.0,0.0,0.0
O01314,A0315,Account 0315,Mid-Market,Education,Central,R003,Riley Garcia,Partner,Closed Lost,71200.0,2024-07-08,2024-09-21,2024-Q3,false,true,75,0.0,71200.0,0.0
O01315,A0158,Account 0158,Enterprise,Technology,Central,R020,Elliot Mori,Outbound,Closed Won,131000.0,2024-01-06,2024-08-05,2024-Q3,true,true,212,131000.0,0.0,0.0
O01316,A0404,Account 0404,Enterprise,Energy,West,R017,Parker Schmidt,Event,Closed Lost,346000.0,2025-04-28,2025-10-31,2025-Q4,false,true,186,0.0,346000.0,0.0
O01317,A0099,Account 0099,Mid-Market,Retail,West,R013,Hayden Novak,Event,Closed Won,65300.0,2024-05-11,2024-08-04,2024-Q3,true,true,85,65300.0,0.0,0.0
O01318,A0290,Account 0290,Mid-Market,Logistics,West,R023,Tatum Adeyemi,Partner,Closed Lost,51100.0,2025-03-10,2025-06-13,2025-Q2,false,true,95,0.0,51100.0,0.0
O01319,A0028,Account 0028,SMB,Education,West,R009,Drew Mbeki,Inbound,Closed Lost,14500.0,2025-09-15,2025-10-10,2025-Q4,false,true,25,0.0,14500.0,0.0
O01320,A0002,Account 0002,Enterprise,Retail,East,R020,Elliot Mori,Inbound,Closed Won,124200.0,2024-03-20,2024-08-15,2024-Q3,true,true,148,124200.0,0.0,0.0
O01321,A0446,Account 0446,SMB,Manufacturing,West,R005,Morgan Okafor,Inbound,Closed Lost,12800.0,2024-12-13,2025-01-20,2025-Q1,false,true,38,0.0,12800.0,0.0
O01322,A0397,Account 0397,SMB,Retail,West,R024,Wren Park,Inbound,Closed Lost,6900.0,2025-05-07,2025-05-23,2025-Q2,false,true,16,0.0,6900.0,0.0
O01323,A0408,Account 0408,SMB,Healthcare,West,R024,Wren Park,Partner,Closed Won,10000.0,2025-06-13,2025-07-03,2025-Q3,true,true,20,10000.0,0.0,0.0
O01324,A0104,Account 0104,SMB,Technology,East,R024,Wren Park,Outbound,Closed Won,5400.0,2025-02-18,2025-03-04,2025-Q1,true,true,14,5400.0,0.0,0.0
O01325,A0466,Account 0466,Mid-Market,Logistics,West,R001,Avery Nguyen,Outbound,Closed Won,44200.0,2025-05-12,2025-08-16,2025-Q3,true,true,96,44200.0,0.0,0.0
O01326,A0119,Account 0119,SMB,Retail,Central,R022,Shay Volkov,Inbound,Closed Lost,8600.0,2025-04-06,2025-05-22,2025-Q2,false,true,46,0.0,8600.0,0.0
O01327,A0548,Account 0548,SMB,Financial Services,East,R012,Devon Costa,Outbound,Closed Lost,17700.0,2024-04-24,2024-05-19,2024-Q2,false,true,25,0.0,17700.0,0.0
O01328,A0082,Account 0082,SMB,Retail,East,R008,Quinn Kim,Inbound,Closed Lost,17200.0,2024-01-08,2024-02-12,2024-Q1,false,true,35,0.0,17200.0,0.0
O01329,A0528,Account 0528,Enterprise,Technology,Central,R020,Elliot Mori,Event,Closed Won,228700.0,2025-03-21,2025-07-01,2025-Q3,true,true,102,228700.0,0.0,0.0
O01330,A0472,Account 0472,Mid-Market,Education,Central,R010,Reese Dubois,Inbound,Closed Lost,33600.0,2024-02-21,2024-05-23,2024-Q2,false,true,92,0.0,33600.0,0.0
O01331,A0025,Account 0025,SMB,Energy,West,R021,Marlowe Silva,Outbound,Closed Lost,7400.0,2024-09-30,2024-10-25,2024-Q4,false,true,25,0.0,7400.0,0.0
O01332,A0305,Account 0305,SMB,Education,Central,R024,Wren Park,Outbound,Closed Lost,4700.0,2024-02-06,2024-03-29,2024-Q1,false,true,52,0.0,4700.0,0.0
O01333,A0406,Account 0406,Mid-Market,Logistics,Central,R006,Taylor Larsson,Inbound,Closed Won,51200.0,2024-06-28,2024-08-22,2024-Q3,true,true,55,51200.0,0.0,0.0
O01334,A0506,Account 0506,Mid-Market,Energy,East,R013,Hayden Novak,Inbound,Closed Lost,78300.0,2024-10-08,2025-01-05,2025-Q1,false,true,89,0.0,78300.0,0.0
O01335,A0537,Account 0537,Mid-Market,Energy,Central,R019,Blake Fischer,Inbound,Closed Lost,22700.0,2025-04-14,2025-06-03,2025-Q2,false,true,50,0.0,22700.0,0.0
O01336,A0104,Account 0104,SMB,Technology,East,R015,Rowan Andersen,Partner,Closed Lost,4200.0,2025-06-08,2025-08-07,2025-Q3,false,true,60,0.0,4200.0,0.0
O01337,A0433,Account 0433,SMB,Healthcare,West,R015,Rowan Andersen,Partner,Closed Won,17300.0,2024-01-23,2024-02-17,2024-Q1,true,true,25,17300.0,0.0,0.0
O01338,A0082,Account 0082,SMB,Retail,East,R015,Rowan Andersen,Outbound,Closed Lost,11600.0,2024-04-29,2024-05-25,2024-Q2,false,true,26,0.0,11600.0,0.0
O01339,A0553,Account 0553,Enterprise,Financial Services,West,R017,Parker Schmidt,Referral,Closed Lost,263500.0,2024-02-20,2024-08-23,2024-Q3,false,true,185,0.0,263500.0,0.0
O01340,A0282,Account 0282,Mid-Market,Financial Services,East,R004,Cameron Cohen,Referral,Closed Lost,59600.0,2024-10-10,2025-01-27,2025-Q1,false,true,109,0.0,59600.0,0.0
O01341,A0292,Account 0292,SMB,Financial Services,Central,R011,Sky Haddad,Partner,Closed Lost,6100.0,2024-01-06,2024-02-15,2024-Q1,false,true,40,0.0,6100.0,0.0
O01342,A0282,Account 0282,Mid-Market,Financial Services,East,R007,Casey Rossi,Partner,Closed Won,24000.0,2025-04-18,2025-07-12,2025-Q3,true,true,85,24000.0,0.0,0.0
O01343,A0227,Account 0227,Mid-Market,Retail,West,R003,Riley Garcia,Outbound,Closed Lost,63100.0,2025-09-18,2025-12-08,2025-Q4,false,true,81,0.0,63100.0,0.0
O01344,A0431,Account 0431,Mid-Market,Healthcare,West,R023,Tatum Adeyemi,Outbound,Closed Lost,51600.0,2025-09-01,2025-11-27,2025-Q4,false,true,87,0.0,51600.0,0.0
O01345,A0352,Account 0352,SMB,Energy,East,R012,Devon Costa,Event,Closed Won,15300.0,2024-11-23,2024-12-29,2024-Q4,true,true,36,15300.0,0.0,0.0
O01346,A0511,Account 0511,SMB,Logistics,East,R009,Drew Mbeki,Outbound,Closed Lost,5600.0,2025-06-29,2025-08-26,2025-Q3,false,true,58,0.0,5600.0,0.0
O01347,A0586,Account 0586,Enterprise,Retail,East,R017,Parker Schmidt,Outbound,Negotiation,259600.0,2025-10-08,,2025-Q4,false,false,,0.0,0.0,259600.0
O01348,A0299,Account 0299,SMB,Education,East,R012,Devon Costa,Outbound,Closed Won,10000.0,2025-04-07,2025-06-03,2025-Q2,true,true,57,10000.0,0.0,0.0
O01349,A0361,Account 0361,Enterprise,Healthcare,East,R020,Elliot Mori,Partner,Closed Lost,320400.0,2025-03-01,2025-06-04,2025-Q2,false,true,95,0.0,320400.0,0.0
O01350,A0241,Account 0241,Mid-Market,Technology,Central,R013,Hayden Novak,Inbound,Closed Lost,41500.0,2025-07-04,2025-09-03,2025-Q3,false,true,61,0.0,41500.0,0.0
O01351,A0406,Account 0406,Mid-Market,Logistics,Central,R006,Taylor Larsson,Inbound,Closed Won,53400.0,2024-08-04,2024-10-02,2024-Q4,true,true,59,53400.0,0.0,0.0
O01352,A0411,Account 0411,Mid-Market,Manufacturing,East,R016,Logan Reyes,Outbound,Closed Lost,64600.0,2025-02-22,2025-05-23,2025-Q2,false,true,90,0.0,64600.0,0.0
O01353,A0328,Account 0328,SMB,Logistics,Central,R012,Devon Costa,Partner,Closed Lost,13000.0,2025-10-07,2025-10-27,2025-Q4,false,true,20,0.0,13000.0,0.0
O01354,A0326,Account 0326,Mid-Market,Education,Central,R016,Logan Reyes,Outbound,Closed Lost,42300.0,2025-07-02,2025-10-23,2025-Q4,false,true,113,0.0,42300.0,0.0
O01355,A0476,Account 0476,SMB,Energy,West,R011,Sky Haddad,Inbound,Closed Won,16900.0,2025-04-05,2025-04-29,2025-Q2,true,true,24,16900.0,0.0,0.0
O01356,A0546,Account 0546,SMB,Energy,West,R012,Devon Costa,Outbound,Closed Lost,5600.0,2025-04-20,2025-06-14,2025-Q2,false,true,55,0.0,5600.0,0.0
O01357,A0429,Account 0429,SMB,Financial Services,Central,R015,Rowan Andersen,Inbound,Closed Lost,12500.0,2025-02-24,2025-03-22,2025-Q1,false,true,26,0.0,12500.0,0.0
O01358,A0516,Account 0516,Enterprise,Energy,Central,R017,Parker Schmidt,Outbound,Prospecting,314300.0,2025-09-05,,2025-Q3,false,false,,0.0,0.0,314300.0
O01359,A0484,Account 0484,Mid-Market,Manufacturing,East,R023,Tatum Adeyemi,Event,Closed Lost,19400.0,2024-04-03,2024-07-04,2024-Q3,false,true,92,0.0,19400.0,0.0
O01360,A0399,Account 0399,Mid-Market,Retail,West,R016,Logan Reyes,Outbound,Closed Won,70700.0,2025-06-07,2025-08-15,2025-Q3,true,true,69,70700.0,0.0,0.0
O01361,A0246,Account 0246,Enterprise,Manufacturing,East,R017,Parker Schmidt,Event,Closed Lost,183300.0,2025-04-28,2025-09-16,2025-Q3,false,true,141,0.0,183300.0,0.0
O01362,A0212,Account 0212,Mid-Market,Financial Services,Central,R019,Blake Fischer,Referral,Closed Lost,33200.0,2025-04-17,2025-07-29,2025-Q3,false,true,103,0.0,33200.0,0.0
O01363,A0182,Account 0182,Enterprise,Technology,West,R020,Elliot Mori,Event,Closed Lost,337200.0,2025-05-27,2025-09-22,2025-Q3,false,true,118,0.0,337200.0,0.0
O01364,A0164,Account 0164,Mid-Market,Manufacturing,Central,R006,Taylor Larsson,Partner,Closed Won,18400.0,2025-04-18,2025-06-10,2025-Q2,true,true,53,18400.0,0.0,0.0
O01365,A0533,Account 0533,SMB,Financial Services,Central,R018,Sawyer Walsh,Event,Closed Lost,14700.0,2025-01-29,2025-02-16,2025-Q1,false,true,18,0.0,14700.0,0.0
O01366,A0551,Account 0551,Mid-Market,Manufacturing,Central,R003,Riley Garcia,Inbound,Closed Lost,62300.0,2025-09-13,2026-01-04,2026-Q1,false,true,113,0.0,62300.0,0.0
O01367,A0408,Account 0408,SMB,Healthcare,West,R002,Jordan Patel,Partner,Closed Lost,13700.0,2025-01-07,2025-02-15,2025-Q1,false,true,39,0.0,13700.0,0.0
O01368,A0439,Account 0439,Enterprise,Manufacturing,West,R017,Parker Schmidt,Outbound,Closed Lost,351100.0,2024-04-16,2024-08-21,2024-Q3,false,true,127,0.0,351100.0,0.0
O01369,A0115,Account 0115,Mid-Market,Energy,Central,R004,Cameron Cohen,Inbound,Closed Won,58700.0,2025-01-10,2025-04-17,2025-Q2,true,true,97,58700.0,0.0,0.0
O01370,A0495,Account 0495,SMB,Financial Services,West,R009,Drew Mbeki,Outbound,Closed Lost,8000.0,2024-09-27,2024-10-17,2024-Q4,false,true,20,0.0,8000.0,0.0
O01371,A0504,Account 0504,Mid-Market,Financial Services,East,R006,Taylor Larsson,Event,Closed Lost,36300.0,2024-09-23,2024-12-20,2024-Q4,false,true,88,0.0,36300.0,0.0
O01372,A0265,Account 0265,Mid-Market,Financial Services,Central,R019,Blake Fischer,Inbound,Closed Won,65200.0,2024-10-08,2024-11-26,2024-Q4,true,true,49,65200.0,0.0,0.0
O01373,A0227,Account 0227,Mid-Market,Retail,West,R010,Reese Dubois,Partner,Closed Lost,62300.0,2025-07-31,2025-10-30,2025-Q4,false,true,91,0.0,62300.0,0.0
O01374,A0582,Account 0582,Enterprise,Logistics,West,R020,Elliot Mori,Event,Closed Won,295400.0,2025-05-01,2025-11-19,2025-Q4,true,true,202,295400.0,0.0,0.0
O01375,A0132,Account 0132,Mid-Market,Manufacturing,West,R004,Cameron Cohen,Inbound,Closed Won,71300.0,2025-09-14,2025-12-05,2025-Q4,true,true,82,71300.0,0.0,0.0
O01376,A0217,Account 0217,SMB,Education,Central,R022,Shay Volkov,Partner,Closed Won,11800.0,2024-11-06,2024-11-29,2024-Q4,true,true,23,11800.0,0.0,0.0
O01377,A0530,Account 0530,Enterprise,Manufacturing,East,R020,Elliot Mori,Outbound,Closed Lost,391200.0,2025-05-03,2025-09-13,2025-Q3,false,true,133,0.0,391200.0,0.0
O01378,A0514,Account 0514,SMB,Education,Central,R012,Devon Costa,Partner,Closed Lost,8700.0,2025-06-19,2025-07-26,2025-Q3,false,true,37,0.0,8700.0,0.0
O01379,A0538,Account 0538,SMB,Manufacturing,East,R018,Sawyer Walsh,Referral,Closed Won,16500.0,2024-06-28,2024-08-11,2024-Q3,true,true,44,16500.0,0.0,0.0
O01380,A0351,Account 0351,Mid-Market,Retail,Central,R006,Taylor Larsson,Event,Closed Lost,31900.0,2024-11-12,2025-01-22,2025-Q1,false,true,71,0.0,31900.0,0.0
O01381,A0123,Account 0123,SMB,Healthcare,East,R024,Wren Park,Partner,Closed Lost,10500.0,2024-07-20,2024-08-25,2024-Q3,false,true,36,0.0,10500.0,0.0
O01382,A0013,Account 0013,SMB,Manufacturing,East,R021,Marlowe Silva,Partner,Closed Won,8500.0,2024-08-21,2024-09-16,2024-Q3,true,true,26,8500.0,0.0,0.0
O01383,A0338,Account 0338,Mid-Market,Technology,Central,R016,Logan Reyes,Partner,Closed Lost,52300.0,2024-03-09,2024-05-27,2024-Q2,false,true,79,0.0,52300.0,0.0
O01384,A0082,Account 0082,SMB,Retail,East,R002,Jordan Patel,Event,Closed Won,10800.0,2025-04-02,2025-05-22,2025-Q2,true,true,50,10800.0,0.0,0.0
O01385,A0188,Account 0188,SMB,Technology,Central,R024,Wren Park,Inbound,Closed Lost,13300.0,2024-09-07,2024-10-05,2024-Q4,false,true,28,0.0,13300.0,0.0
O01386,A0273,Account 0273,SMB,Financial Services,East,R021,Marlowe Silva,Referral,Closed Lost,14100.0,2024-10-11,2024-10-30,2024-Q4,false,true,19,0.0,14100.0,0.0
O01387,A0136,Account 0136,Mid-Market,Retail,Central,R016,Logan Reyes,Event,Closed Won,30900.0,2024-11-06,2024-12-28,2024-Q4,true,true,52,30900.0,0.0,0.0
O01388,A0489,Account 0489,SMB,Logistics,East,R018,Sawyer Walsh,Event,Closed Won,16200.0,2024-04-10,2024-05-28,2024-Q2,true,true,48,16200.0,0.0,0.0
O01389,A0075,Account 0075,Enterprise,Financial Services,Central,R017,Parker Schmidt,Inbound,Closed Lost,221400.0,2025-05-04,2025-08-31,2025-Q3,false,true,119,0.0,221400.0,0.0
O01390,A0221,Account 0221,SMB,Education,East,R022,Shay Volkov,Event,Closed Lost,11500.0,2025-05-13,2025-06-15,2025-Q2,false,true,33,0.0,11500.0,0.0
O01391,A0115,Account 0115,Mid-Market,Energy,Central,R014,Emerson Ibrahim,Referral,Closed Lost,54500.0,2025-10-20,2025-12-28,2025-Q4,false,true,69,0.0,54500.0,0.0
O01392,A0258,Account 0258,Enterprise,Financial Services,East,R020,Elliot Mori,Outbound,Closed Won,237600.0,2025-09-07,2026-02-13,2026-Q1,true,true,159,237600.0,0.0,0.0
O01393,A0307,Account 0307,SMB,Technology,West,R011,Sky Haddad,Outbound,Closed Lost,8100.0,2025-06-28,2025-07-27,2025-Q3,false,true,29,0.0,8100.0,0.0
O01394,A0451,Account 0451,SMB,Technology,Central,R005,Morgan Okafor,Outbound,Closed Lost,3100.0,2024-07-05,2024-08-19,2024-Q3,false,true,45,0.0,3100.0,0.0
O01395,A0508,Account 0508,Mid-Market,Manufacturing,East,R004,Cameron Cohen,Inbound,Closed Lost,65100.0,2024-07-02,2024-08-24,2024-Q3,false,true,53,0.0,65100.0,0.0
O01396,A0454,Account 0454,SMB,Logistics,Central,R012,Devon Costa,Event,Closed Won,11100.0,2025-10-15,2025-12-11,2025-Q4,true,true,57,11100.0,0.0,0.0
O01397,A0238,Account 0238,SMB,Logistics,West,R009,Drew Mbeki,Outbound,Closed Lost,7600.0,2024-11-10,2024-12-26,2024-Q4,false,true,46,0.0,7600.0,0.0
O01398,A0308,Account 0308,SMB,Manufacturing,East,R022,Shay Volkov,Inbound,Closed Lost,13100.0,2024-08-03,2024-09-22,2024-Q3,false,true,50,0.0,13100.0,0.0
O01399,A0406,Account 0406,Mid-Market,Logistics,Central,R004,Cameron Cohen,Outbound,Closed Lost,38200.0,2024-06-10,2024-08-14,2024-Q3,false,true,65,0.0,38200.0,0.0
O01400,A0427,Account 0427,SMB,Energy,West,R011,Sky Haddad,Inbound,Closed Lost,10100.0,2024-08-22,2024-09-21,2024-Q3,false,true,30,0.0,10100.0,0.0
O01401,A0149,Account 0149,Mid-Market,Healthcare,East,R007,Casey Rossi,Inbound,Closed Lost,69400.0,2024-12-07,2025-03-07,2025-Q1,false,true,90,0.0,69400.0,0.0
O01402,A0577,Account 0577,SMB,Healthcare,West,R015,Rowan Andersen,Referral,Closed Lost,14400.0,2025-03-03,2025-03-17,2025-Q1,false,true,14,0.0,14400.0,0.0
O01403,A0363,Account 0363,SMB,Logistics,West,R024,Wren Park,Partner,Closed Won,14500.0,2024-05-23,2024-07-05,2024-Q3,true,true,43,14500.0,0.0,0.0
O01404,A0214,Account 0214,Enterprise,Logistics,Central,R020,Elliot Mori,Outbound,Closed Lost,87600.0,2024-10-28,2025-05-01,2025-Q2,false,true,185,0.0,87600.0,0.0
O01405,A0572,Account 0572,SMB,Education,West,R021,Marlowe Silva,Inbound,Closed Lost,12300.0,2024-07-23,2024-08-19,2024-Q3,false,true,27,0.0,12300.0,0.0
O01406,A0077,Account 0077,Mid-Market,Healthcare,West,R006,Taylor Larsson,Outbound,Closed Lost,62800.0,2024-06-13,2024-09-07,2024-Q3,false,true,86,0.0,62800.0,0.0
O01407,A0048,Account 0048,Mid-Market,Technology,East,R023,Tatum Adeyemi,Outbound,Closed Lost,33500.0,2025-02-03,2025-05-21,2025-Q2,false,true,107,0.0,33500.0,0.0
O01408,A0061,Account 0061,SMB,Education,West,R005,Morgan Okafor,Outbound,Closed Lost,8100.0,2024-02-27,2024-04-21,2024-Q2,false,true,54,0.0,8100.0,0.0
O01409,A0292,Account 0292,SMB,Financial Services,Central,R005,Morgan Okafor,Referral,Closed Won,16200.0,2025-04-28,2025-05-20,2025-Q2,true,true,22,16200.0,0.0,0.0
O01410,A0424,Account 0424,SMB,Education,East,R008,Quinn Kim,Inbound,Closed Won,7500.0,2024-06-03,2024-07-24,2024-Q3,true,true,51,7500.0,0.0,0.0
O01411,A0252,Account 0252,SMB,Manufacturing,East,R012,Devon Costa,Outbound,Closed Won,14400.0,2025-08-09,2025-09-26,2025-Q3,true,true,48,14400.0,0.0,0.0
O01412,A0299,Account 0299,SMB,Education,East,R002,Jordan Patel,Partner,Closed Lost,16100.0,2024-05-23,2024-06-10,2024-Q2,false,true,18,0.0,16100.0,0.0
O01413,A0370,Account 0370,SMB,Technology,West,R018,Sawyer Walsh,Outbound,Closed Won,7800.0,2024-08-07,2024-09-01,2024-Q3,true,true,25,7800.0,0.0,0.0
O01414,A0204,Account 0204,Enterprise,Energy,West,R020,Elliot Mori,Outbound,Closed Lost,124900.0,2024-09-18,2024-12-22,2024-Q4,false,true,95,0.0,124900.0,0.0
O01415,A0499,Account 0499,Mid-Market,Manufacturing,East,R001,Avery Nguyen,Inbound,Closed Lost,74600.0,2025-06-25,2025-08-16,2025-Q3,false,true,52,0.0,74600.0,0.0
O01416,A0448,Account 0448,SMB,Logistics,West,R002,Jordan Patel,Outbound,Closed Lost,14900.0,2025-05-31,2025-07-04,2025-Q3,false,true,34,0.0,14900.0,0.0
O01417,A0069,Account 0069,Mid-Market,Manufacturing,East,R003,Riley Garcia,Outbound,Closed Lost,78400.0,2025-08-01,2025-09-26,2025-Q3,false,true,56,0.0,78400.0,0.0
O01418,A0526,Account 0526,SMB,Manufacturing,West,R005,Morgan Okafor,Partner,Closed Lost,12200.0,2025-08-10,2025-09-22,2025-Q3,false,true,43,0.0,12200.0,0.0
O01419,A0442,Account 0442,SMB,Energy,East,R011,Sky Haddad,Inbound,Closed Lost,16300.0,2025-04-21,2025-06-02,2025-Q2,false,true,42,0.0,16300.0,0.0
O01420,A0339,Account 0339,SMB,Energy,West,R005,Morgan Okafor,Event,Closed Lost,11600.0,2024-07-05,2024-08-29,2024-Q3,false,true,55,0.0,11600.0,0.0
O01421,A0443,Account 0443,SMB,Education,West,R002,Jordan Patel,Outbound,Closed Lost,7400.0,2025-02-15,2025-04-06,2025-Q2,false,true,50,0.0,7400.0,0.0
O01422,A0009,Account 0009,SMB,Financial Services,Central,R009,Drew Mbeki,Outbound,Closed Lost,5300.0,2024-11-26,2025-01-06,2025-Q1,false,true,41,0.0,5300.0,0.0
O01423,A0335,Account 0335,Mid-Market,Education,East,R016,Logan Reyes,Outbound,Closed Lost,65700.0,2025-04-13,2025-06-22,2025-Q2,false,true,70,0.0,65700.0,0.0
O01424,A0591,Account 0591,SMB,Retail,East,R008,Quinn Kim,Inbound,Closed Won,6100.0,2024-07-12,2024-08-04,2024-Q3,true,true,23,6100.0,0.0,0.0
O01425,A0041,Account 0041,SMB,Education,West,R008,Quinn Kim,Inbound,Closed Lost,17300.0,2025-07-07,2025-08-12,2025-Q3,false,true,36,0.0,17300.0,0.0
O01426,A0236,Account 0236,SMB,Financial Services,Central,R024,Wren Park,Inbound,Closed Lost,7500.0,2024-08-01,2024-08-27,2024-Q3,false,true,26,0.0,7500.0,0.0
O01427,A0223,Account 0223,SMB,Financial Services,East,R012,Devon Costa,Inbound,Closed Lost,16200.0,2024-01-28,2024-02-19,2024-Q1,false,true,22,0.0,16200.0,0.0
O01428,A0385,Account 0385,Enterprise,Education,Central,R017,Parker Schmidt,Outbound,Closed Lost,201700.0,2025-03-30,2025-08-20,2025-Q3,false,true,143,0.0,201700.0,0.0
O01429,A0211,Account 0211,Mid-Market,Financial Services,East,R013,Hayden Novak,Referral,Closed Won,23800.0,2025-08-27,2025-10-26,2025-Q4,true,true,60,23800.0,0.0,0.0
O01430,A0529,Account 0529,Enterprise,Financial Services,West,R017,Parker Schmidt,Outbound,Closed Lost,118500.0,2024-06-15,2024-11-05,2024-Q4,false,true,143,0.0,118500.0,0.0
O01431,A0325,Account 0325,Enterprise,Manufacturing,West,R020,Elliot Mori,Outbound,Closed Lost,395200.0,2024-07-14,2024-12-04,2024-Q4,false,true,143,0.0,395200.0,0.0
O01432,A0262,Account 0262,SMB,Retail,East,R021,Marlowe Silva,Outbound,Closed Lost,3200.0,2024-04-24,2024-06-06,2024-Q2,false,true,43,0.0,3200.0,0.0
O01433,A0103,Account 0103,Enterprise,Retail,West,R020,Elliot Mori,Event,Closed Lost,347700.0,2025-01-04,2025-06-22,2025-Q2,false,true,169,0.0,347700.0,0.0
O01434,A0308,Account 0308,SMB,Manufacturing,East,R009,Drew Mbeki,Outbound,Closed Lost,12700.0,2024-03-27,2024-05-21,2024-Q2,false,true,55,0.0,12700.0,0.0
O01435,A0282,Account 0282,Mid-Market,Financial Services,East,R023,Tatum Adeyemi,Outbound,Closed Won,26700.0,2024-11-27,2025-01-16,2025-Q1,true,true,50,26700.0,0.0,0.0
O01436,A0132,Account 0132,Mid-Market,Manufacturing,West,R016,Logan Reyes,Inbound,Closed Lost,61100.0,2024-06-08,2024-08-09,2024-Q3,false,true,62,0.0,61100.0,0.0
O01437,A0215,Account 0215,Mid-Market,Energy,West,R023,Tatum Adeyemi,Outbound,Closed Lost,56300.0,2024-10-27,2025-01-27,2025-Q1,false,true,92,0.0,56300.0,0.0
O01438,A0179,Account 0179,SMB,Education,East,R021,Marlowe Silva,Inbound,Closed Lost,5700.0,2024-06-04,2024-07-30,2024-Q3,false,true,56,0.0,5700.0,0.0
O01439,A0167,Account 0167,Enterprise,Financial Services,Central,R017,Parker Schmidt,Referral,Closed Lost,177900.0,2025-05-24,2025-10-13,2025-Q4,false,true,142,0.0,177900.0,0.0
O01440,A0272,Account 0272,Enterprise,Energy,West,R020,Elliot Mori,Inbound,Closed Lost,186100.0,2024-01-30,2024-05-05,2024-Q2,false,true,96,0.0,186100.0,0.0
O01441,A0148,Account 0148,SMB,Education,West,R015,Rowan Andersen,Outbound,Closed Lost,8700.0,2024-02-17,2024-04-05,2024-Q2,false,true,48,0.0,8700.0,0.0
O01442,A0162,Account 0162,Enterprise,Retail,East,R017,Parker Schmidt,Referral,Closed Won,367100.0,2024-01-16,2024-07-13,2024-Q3,true,true,179,367100.0,0.0,0.0
O01443,A0116,Account 0116,SMB,Retail,Central,R018,Sawyer Walsh,Inbound,Closed Lost,15800.0,2025-04-20,2025-05-30,2025-Q2,false,true,40,0.0,15800.0,0.0
O01444,A0001,Account 0001,SMB,Retail,West,R011,Sky Haddad,Inbound,Closed Won,16500.0,2025-05-02,2025-06-15,2025-Q2,true,true,44,16500.0,0.0,0.0
O01445,A0553,Account 0553,Enterprise,Financial Services,West,R020,Elliot Mori,Inbound,Closed Lost,232900.0,2025-09-20,2026-01-12,2026-Q1,false,true,114,0.0,232900.0,0.0
O01446,A0225,Account 0225,Enterprise,Logistics,East,R017,Parker Schmidt,Partner,Closed Lost,290900.0,2024-05-26,2024-10-20,2024-Q4,false,true,147,0.0,290900.0,0.0
O01447,A0290,Account 0290,Mid-Market,Logistics,West,R019,Blake Fischer,Partner,Closed Won,32000.0,2024-04-17,2024-07-02,2024-Q3,true,true,76,32000.0,0.0,0.0
O01448,A0337,Account 0337,SMB,Healthcare,Central,R018,Sawyer Walsh,Partner,Closed Lost,10800.0,2025-11-15,2026-01-05,2026-Q1,false,true,51,0.0,10800.0,0.0
O01449,A0135,Account 0135,Enterprise,Financial Services,East,R020,Elliot Mori,Referral,Closed Lost,291600.0,2025-03-08,2025-09-09,2025-Q3,false,true,185,0.0,291600.0,0.0
O01450,A0036,Account 0036,Mid-Market,Manufacturing,West,R013,Hayden Novak,Inbound,Closed Lost,67200.0,2025-10-09,2025-11-29,2025-Q4,false,true,51,0.0,67200.0,0.0
O01451,A0035,Account 0035,Enterprise,Healthcare,East,R017,Parker Schmidt,Outbound,Closed Lost,183200.0,2024-06-14,2024-12-22,2024-Q4,false,true,191,0.0,183200.0,0.0
O01452,A0353,Account 0353,Mid-Market,Financial Services,West,R006,Taylor Larsson,Outbound,Prospecting,43200.0,2025-10-05,,2025-Q4,false,false,,0.0,0.0,43200.0
O01453,A0287,Account 0287,Mid-Market,Education,West,R023,Tatum Adeyemi,Inbound,Closed Lost,38900.0,2025-06-10,2025-09-06,2025-Q3,false,true,88,0.0,38900.0,0.0
O01454,A0500,Account 0500,Mid-Market,Education,East,R016,Logan Reyes,Outbound,Closed Lost,59400.0,2025-04-12,2025-06-08,2025-Q2,false,true,57,0.0,59400.0,0.0
O01455,A0065,Account 0065,SMB,Retail,Central,R012,Devon Costa,Inbound,Closed Lost,3400.0,2025-03-12,2025-05-06,2025-Q2,false,true,55,0.0,3400.0,0.0
O01456,A0469,Account 0469,SMB,Healthcare,Central,R005,Morgan Okafor,Outbound,Closed Won,13700.0,2024-05-03,2024-06-21,2024-Q2,true,true,49,13700.0,0.0,0.0
O01457,A0464,Account 0464,Enterprise,Education,West,R020,Elliot Mori,Inbound,Closed Lost,389200.0,2025-07-20,2025-11-08,2025-Q4,false,true,111,0.0,389200.0,0.0
O01458,A0524,Account 0524,Enterprise,Financial Services,Central,R017,Parker Schmidt,Partner,Closed Won,328300.0,2024-05-25,2024-10-18,2024-Q4,true,true,146,328300.0,0.0,0.0
O01459,A0539,Account 0539,Enterprise,Healthcare,West,R017,Parker Schmidt,Referral,Prospecting,248000.0,2025-07-30,,2025-Q3,false,false,,0.0,0.0,248000.0
O01460,A0544,Account 0544,Mid-Market,Retail,Central,R004,Cameron Cohen,Partner,Closed Won,24200.0,2025-01-18,2025-03-24,2025-Q1,true,true,65,24200.0,0.0,0.0
O01461,A0232,Account 0232,Mid-Market,Logistics,West,R004,Cameron Cohen,Referral,Closed Lost,71200.0,2025-07-07,2025-10-14,2025-Q4,false,true,99,0.0,71200.0,0.0
O01462,A0411,Account 0411,Mid-Market,Manufacturing,East,R007,Casey Rossi,Outbound,Closed Lost,78300.0,2025-02-03,2025-05-25,2025-Q2,false,true,111,0.0,78300.0,0.0
O01463,A0140,Account 0140,SMB,Healthcare,Central,R011,Sky Haddad,Inbound,Closed Lost,6800.0,2024-01-01,2024-01-19,2024-Q1,false,true,18,0.0,6800.0,0.0
O01464,A0069,Account 0069,Mid-Market,Manufacturing,East,R001,Avery Nguyen,Event,Closed Lost,26900.0,2025-02-24,2025-04-27,2025-Q2,false,true,62,0.0,26900.0,0.0
O01465,A0249,Account 0249,SMB,Manufacturing,West,R015,Rowan Andersen,Inbound,Closed Lost,9300.0,2024-06-12,2024-08-06,2024-Q3,false,true,55,0.0,9300.0,0.0
O01466,A0359,Account 0359,SMB,Technology,Central,R005,Morgan Okafor,Partner,Closed Lost,5100.0,2024-08-19,2024-09-19,2024-Q3,false,true,31,0.0,5100.0,0.0
O01467,A0600,Account 0600,SMB,Healthcare,West,R024,Wren Park,Event,Closed Lost,9700.0,2024-06-04,2024-07-01,2024-Q3,false,true,27,0.0,9700.0,0.0
O01468,A0012,Account 0012,SMB,Energy,West,R024,Wren Park,Partner,Closed Won,7700.0,2024-04-30,2024-06-16,2024-Q2,true,true,47,7700.0,0.0,0.0
O01469,A0483,Account 0483,SMB,Logistics,Central,R009,Drew Mbeki,Outbound,Closed Won,7500.0,2025-11-07,2025-12-19,2025-Q4,true,true,42,7500.0,0.0,0.0
O01470,A0073,Account 0073,SMB,Education,West,R012,Devon Costa,Inbound,Closed Lost,8700.0,2024-10-05,2024-10-21,2024-Q4,false,true,16,0.0,8700.0,0.0
O01471,A0478,Account 0478,SMB,Technology,West,R015,Rowan Andersen,Event,Closed Lost,16100.0,2025-08-22,2025-09-15,2025-Q3,false,true,24,0.0,16100.0,0.0
O01472,A0299,Account 0299,SMB,Education,East,R009,Drew Mbeki,Referral,Closed Lost,4300.0,2025-06-19,2025-07-09,2025-Q3,false,true,20,0.0,4300.0,0.0
O01473,A0372,Account 0372,Enterprise,Technology,Central,R017,Parker Schmidt,Event,Proposal,347700.0,2025-11-11,,2025-Q4,false,false,,0.0,0.0,347700.0
O01474,A0287,Account 0287,Mid-Market,Education,West,R007,Casey Rossi,Inbound,Closed Lost,38400.0,2024-09-14,2025-01-02,2025-Q1,false,true,110,0.0,38400.0,0.0
O01475,A0366,Account 0366,Mid-Market,Energy,East,R003,Riley Garcia,Outbound,Closed Lost,62200.0,2024-01-14,2024-03-11,2024-Q1,false,true,57,0.0,62200.0,0.0
O01476,A0227,Account 0227,Mid-Market,Retail,West,R019,Blake Fischer,Partner,Closed Lost,24400.0,2025-03-20,2025-06-07,2025-Q2,false,true,79,0.0,24400.0,0.0
O01477,A0575,Account 0575,SMB,Manufacturing,Central,R022,Shay Volkov,Partner,Closed Lost,12100.0,2025-08-02,2025-09-09,2025-Q3,false,true,38,0.0,12100.0,0.0
O01478,A0044,Account 0044,SMB,Technology,East,R022,Shay Volkov,Inbound,Closed Lost,15600.0,2024-04-20,2024-06-10,2024-Q2,false,true,51,0.0,15600.0,0.0
O01479,A0098,Account 0098,SMB,Healthcare,West,R005,Morgan Okafor,Outbound,Closed Lost,11700.0,2024-09-01,2024-10-08,2024-Q4,false,true,37,0.0,11700.0,0.0
O01480,A0404,Account 0404,Enterprise,Energy,West,R017,Parker Schmidt,Outbound,Closed Lost,352700.0,2024-12-21,2025-07-11,2025-Q3,false,true,202,0.0,352700.0,0.0
O01481,A0409,Account 0409,SMB,Manufacturing,East,R024,Wren Park,Inbound,Closed Won,16600.0,2025-03-18,2025-05-13,2025-Q2,true,true,56,16600.0,0.0,0.0
O01482,A0337,Account 0337,SMB,Healthcare,Central,R005,Morgan Okafor,Event,Closed Lost,15000.0,2024-10-26,2024-12-05,2024-Q4,false,true,40,0.0,15000.0,0.0
O01483,A0260,Account 0260,SMB,Energy,East,R012,Devon Costa,Inbound,Proposal,8300.0,2025-11-30,,2025-Q4,false,false,,0.0,0.0,8300.0
O01484,A0270,Account 0270,Enterprise,Financial Services,East,R017,Parker Schmidt,Inbound,Closed Lost,326700.0,2024-08-02,2025-03-22,2025-Q1,false,true,232,0.0,326700.0,0.0
O01485,A0411,Account 0411,Mid-Market,Manufacturing,East,R010,Reese Dubois,Outbound,Closed Lost,71100.0,2024-06-25,2024-10-11,2024-Q4,false,true,108,0.0,71100.0,0.0
O01486,A0234,Account 0234,SMB,Education,West,R012,Devon Costa,Outbound,Closed Won,16700.0,2024-11-09,2024-11-29,2024-Q4,true,true,20,16700.0,0.0,0.0
O01487,A0510,Account 0510,SMB,Financial Services,West,R024,Wren Park,Outbound,Closed Lost,6000.0,2024-07-09,2024-08-16,2024-Q3,false,true,38,0.0,6000.0,0.0
O01488,A0346,Account 0346,SMB,Technology,Central,R018,Sawyer Walsh,Inbound,Closed Lost,17400.0,2025-01-05,2025-01-29,2025-Q1,false,true,24,0.0,17400.0,0.0
O01489,A0596,Account 0596,SMB,Retail,West,R011,Sky Haddad,Outbound,Closed Won,12600.0,2025-06-02,2025-07-30,2025-Q3,true,true,58,12600.0,0.0,0.0
O01490,A0183,Account 0183,SMB,Healthcare,East,R015,Rowan Andersen,Partner,Closed Won,4100.0,2025-09-25,2025-11-22,2025-Q4,true,true,58,4100.0,0.0,0.0
O01491,A0415,Account 0415,SMB,Retail,East,R011,Sky Haddad,Inbound,Closed Lost,8100.0,2024-05-29,2024-07-27,2024-Q3,false,true,59,0.0,8100.0,0.0
O01492,A0395,Account 0395,SMB,Technology,West,R005,Morgan Okafor,Referral,Closed Won,11600.0,2024-10-27,2024-12-19,2024-Q4,true,true,53,11600.0,0.0,0.0
O01493,A0454,Account 0454,SMB,Logistics,Central,R002,Jordan Patel,Inbound,Closed Lost,5300.0,2024-09-08,2024-10-27,2024-Q4,false,true,49,0.0,5300.0,0.0
O01494,A0230,Account 0230,SMB,Manufacturing,Central,R009,Drew Mbeki,Inbound,Closed Lost,9600.0,2024-09-08,2024-10-06,2024-Q4,false,true,28,0.0,9600.0,0.0
O01495,A0304,Account 0304,SMB,Education,West,R009,Drew Mbeki,Outbound,Closed Lost,10200.0,2024-01-22,2024-03-15,2024-Q1,false,true,53,0.0,10200.0,0.0
O01496,A0582,Account 0582,Enterprise,Logistics,West,R017,Parker Schmidt,Partner,Closed Lost,351300.0,2025-02-26,2025-07-13,2025-Q3,false,true,137,0.0,351300.0,0.0
O01497,A0397,Account 0397,SMB,Retail,West,R011,Sky Haddad,Referral,Closed Lost,9500.0,2025-01-07,2025-02-06,2025-Q1,false,true,30,0.0,9500.0,0.0
O01498,A0241,Account 0241,Mid-Market,Technology,Central,R010,Reese Dubois,Inbound,Closed Lost,22800.0,2025-07-07,2025-10-05,2025-Q4,false,true,90,0.0,22800.0,0.0
O01499,A0253,Account 0253,SMB,Energy,East,R021,Marlowe Silva,Referral,Closed Lost,4400.0,2025-08-15,2025-09-06,2025-Q3,false,true,22,0.0,4400.0,0.0
O01500,A0488,Account 0488,Mid-Market,Financial Services,Central,R016,Logan Reyes,Partner,Closed Lost,68000.0,2024-11-17,2025-01-14,2025-Q1,false,true,58,0.0,68000.0,0.0
O01501,A0568,Account 0568,Enterprise,Retail,West,R017,Parker Schmidt,Outbound,Closed Won,263800.0,2025-04-21,2025-09-26,2025-Q3,true,true,158,263800.0,0.0,0.0
O01502,A0510,Account 0510,SMB,Financial Services,West,R022,Shay Volkov,Outbound,Closed Won,17300.0,2025-03-22,2025-04-09,2025-Q2,true,true,18,17300.0,0.0,0.0
O01503,A0573,Account 0573,Mid-Market,Healthcare,Central,R023,Tatum Adeyemi,Inbound,Closed Lost,47600.0,2024-02-28,2024-05-27,2024-Q2,false,true,89,0.0,47600.0,0.0
O01504,A0363,Account 0363,SMB,Logistics,West,R005,Morgan Okafor,Inbound,Closed Lost,6800.0,2024-10-09,2024-11-28,2024-Q4,false,true,50,0.0,6800.0,0.0
O01505,A0503,Account 0503,SMB,Retail,West,R015,Rowan Andersen,Outbound,Closed Lost,6200.0,2024-05-16,2024-06-24,2024-Q2,false,true,39,0.0,6200.0,0.0
O01506,A0312,Account 0312,Enterprise,Healthcare,West,R020,Elliot Mori,Outbound,Closed Lost,335500.0,2024-08-26,2025-04-18,2025-Q2,false,true,235,0.0,335500.0,0.0
O01507,A0553,Account 0553,Enterprise,Financial Services,West,R020,Elliot Mori,Inbound,Closed Lost,307900.0,2024-01-07,2024-04-19,2024-Q2,false,true,103,0.0,307900.0,0.0
O01508,A0073,Account 0073,SMB,Education,West,R022,Shay Volkov,Inbound,Closed Won,9200.0,2024-03-06,2024-04-22,2024-Q2,true,true,47,9200.0,0.0,0.0
O01509,A0184,Account 0184,Mid-Market,Retail,East,R004,Cameron Cohen,Inbound,Closed Lost,63200.0,2024-01-31,2024-05-18,2024-Q2,false,true,108,0.0,63200.0,0.0
O01510,A0414,Account 0414,SMB,Logistics,West,R022,Shay Volkov,Event,Closed Lost,8700.0,2025-01-31,2025-03-12,2025-Q1,false,true,40,0.0,8700.0,0.0
O01511,A0188,Account 0188,SMB,Technology,Central,R005,Morgan Okafor,Inbound,Closed Lost,5700.0,2024-11-14,2024-12-20,2024-Q4,false,true,36,0.0,5700.0,0.0
O01512,A0093,Account 0093,Enterprise,Healthcare,West,R017,Parker Schmidt,Partner,Closed Lost,144200.0,2024-09-23,2025-04-03,2025-Q2,false,true,192,0.0,144200.0,0.0
O01513,A0084,Account 0084,SMB,Technology,Central,R012,Devon Costa,Outbound,Closed Won,10900.0,2025-04-07,2025-04-27,2025-Q2,true,true,20,10900.0,0.0,0.0
O01514,A0571,Account 0571,SMB,Energy,Central,R002,Jordan Patel,Inbound,Closed Won,4400.0,2025-11-30,2026-01-06,2026-Q1,true,true,37,4400.0,0.0,0.0
O01515,A0335,Account 0335,Mid-Market,Education,East,R013,Hayden Novak,Outbound,Closed Lost,67600.0,2024-11-09,2024-12-27,2024-Q4,false,true,48,0.0,67600.0,0.0
O01516,A0072,Account 0072,SMB,Energy,East,R008,Quinn Kim,Inbound,Closed Won,12300.0,2024-07-12,2024-09-04,2024-Q3,true,true,54,12300.0,0.0,0.0
O01517,A0354,Account 0354,Mid-Market,Education,East,R003,Riley Garcia,Partner,Closed Lost,55200.0,2025-11-30,2026-02-02,2026-Q1,false,true,64,0.0,55200.0,0.0
O01518,A0182,Account 0182,Enterprise,Technology,West,R017,Parker Schmidt,Event,Closed Lost,279100.0,2025-03-31,2025-07-06,2025-Q3,false,true,97,0.0,279100.0,0.0
O01519,A0124,Account 0124,Mid-Market,Energy,West,R007,Casey Rossi,Outbound,Closed Won,39600.0,2024-10-25,2024-12-22,2024-Q4,true,true,58,39600.0,0.0,0.0
O01520,A0103,Account 0103,Enterprise,Retail,West,R020,Elliot Mori,Referral,Closed Lost,399100.0,2024-07-16,2024-11-22,2024-Q4,false,true,129,0.0,399100.0,0.0
O01521,A0562,Account 0562,Mid-Market,Financial Services,West,R013,Hayden Novak,Inbound,Closed Won,59500.0,2025-04-03,2025-06-01,2025-Q2,true,true,59,59500.0,0.0,0.0
O01522,A0145,Account 0145,Enterprise,Energy,Central,R017,Parker Schmidt,Inbound,Closed Won,334100.0,2025-05-17,2025-10-02,2025-Q4,true,true,138,334100.0,0.0,0.0
O01523,A0492,Account 0492,SMB,Education,Central,R024,Wren Park,Partner,Closed Won,15700.0,2025-08-28,2025-09-17,2025-Q3,true,true,20,15700.0,0.0,0.0
O01524,A0540,Account 0540,SMB,Manufacturing,Central,R022,Shay Volkov,Outbound,Closed Lost,11000.0,2025-08-11,2025-10-08,2025-Q4,false,true,58,0.0,11000.0,0.0
O01525,A0206,Account 0206,Mid-Market,Retail,West,R007,Casey Rossi,Referral,Closed Won,45800.0,2024-11-24,2025-01-25,2025-Q1,true,true,62,45800.0,0.0,0.0
O01526,A0437,Account 0437,Enterprise,Energy,West,R020,Elliot Mori,Inbound,Closed Won,106400.0,2025-03-21,2025-09-23,2025-Q3,true,true,186,106400.0,0.0,0.0
O01527,A0575,Account 0575,SMB,Manufacturing,Central,R018,Sawyer Walsh,Event,Closed Lost,7600.0,2025-09-16,2025-10-24,2025-Q4,false,true,38,0.0,7600.0,0.0
O01528,A0057,Account 0057,Mid-Market,Retail,Central,R016,Logan Reyes,Outbound,Closed Lost,76700.0,2024-02-12,2024-04-21,2024-Q2,false,true,69,0.0,76700.0,0.0
O01529,A0585,Account 0585,Mid-Market,Retail,Central,R016,Logan Reyes,Inbound,Closed Lost,63800.0,2024-06-26,2024-09-19,2024-Q3,false,true,85,0.0,63800.0,0.0
O01530,A0311,Account 0311,Enterprise,Education,East,R020,Elliot Mori,Event,Closed Won,388500.0,2024-07-11,2025-01-07,2025-Q1,true,true,180,388500.0,0.0,0.0
O01531,A0445,Account 0445,Enterprise,Healthcare,West,R017,Parker Schmidt,Inbound,Closed Won,298000.0,2025-06-04,2025-12-05,2025-Q4,true,true,184,298000.0,0.0,0.0
O01532,A0469,Account 0469,SMB,Healthcare,Central,R008,Quinn Kim,Outbound,Closed Lost,7800.0,2024-08-14,2024-10-12,2024-Q4,false,true,59,0.0,7800.0,0.0
O01533,A0585,Account 0585,Mid-Market,Retail,Central,R023,Tatum Adeyemi,Referral,Closed Lost,20800.0,2025-09-19,2025-11-04,2025-Q4,false,true,46,0.0,20800.0,0.0
O01534,A0120,Account 0120,Enterprise,Manufacturing,West,R020,Elliot Mori,Inbound,Closed Lost,291100.0,2024-01-05,2024-06-04,2024-Q2,false,true,151,0.0,291100.0,0.0
O01535,A0182,Account 0182,Enterprise,Technology,West,R020,Elliot Mori,Inbound,Closed Lost,373600.0,2024-08-21,2025-02-22,2025-Q1,false,true,185,0.0,373600.0,0.0
O01536,A0253,Account 0253,SMB,Energy,East,R022,Shay Volkov,Outbound,Closed Lost,16200.0,2025-11-15,2025-12-15,2025-Q4,false,true,30,0.0,16200.0,0.0
O01537,A0318,Account 0318,SMB,Financial Services,West,R009,Drew Mbeki,Event,Closed Won,9100.0,2025-10-31,2025-12-01,2025-Q4,true,true,31,9100.0,0.0,0.0
O01538,A0387,Account 0387,Mid-Market,Education,West,R007,Casey Rossi,Partner,Closed Won,33700.0,2024-07-13,2024-10-28,2024-Q4,true,true,107,33700.0,0.0,0.0
O01539,A0043,Account 0043,SMB,Education,West,R018,Sawyer Walsh,Inbound,Closed Won,13300.0,2024-05-11,2024-07-06,2024-Q3,true,true,56,13300.0,0.0,0.0
O01540,A0163,Account 0163,SMB,Energy,East,R018,Sawyer Walsh,Partner,Closed Won,11100.0,2024-03-09,2024-04-03,2024-Q2,true,true,25,11100.0,0.0,0.0
O01541,A0408,Account 0408,SMB,Healthcare,West,R011,Sky Haddad,Inbound,Closed Lost,7300.0,2025-07-03,2025-08-04,2025-Q3,false,true,32,0.0,7300.0,0.0
O01542,A0123,Account 0123,SMB,Healthcare,East,R015,Rowan Andersen,Inbound,Closed Lost,11300.0,2024-07-25,2024-08-13,2024-Q3,false,true,19,0.0,11300.0,0.0
O01543,A0037,Account 0037,SMB,Financial Services,East,R018,Sawyer Walsh,Outbound,Closed Won,4700.0,2025-05-05,2025-05-25,2025-Q2,true,true,20,4700.0,0.0,0.0
O01544,A0086,Account 0086,SMB,Logistics,Central,R005,Morgan Okafor,Inbound,Closed Lost,12200.0,2024-09-04,2024-10-15,2024-Q4,false,true,41,0.0,12200.0,0.0
O01545,A0043,Account 0043,SMB,Education,West,R024,Wren Park,Inbound,Closed Lost,14500.0,2025-05-30,2025-06-25,2025-Q2,false,true,26,0.0,14500.0,0.0
O01546,A0015,Account 0015,SMB,Healthcare,East,R008,Quinn Kim,Inbound,Closed Lost,16800.0,2024-12-15,2025-01-14,2025-Q1,false,true,30,0.0,16800.0,0.0
O01547,A0058,Account 0058,SMB,Healthcare,Central,R015,Rowan Andersen,Inbound,Closed Lost,17200.0,2025-01-24,2025-02-16,2025-Q1,false,true,23,0.0,17200.0,0.0
O01548,A0200,Account 0200,SMB,Manufacturing,Central,R012,Devon Costa,Outbound,Prospecting,9600.0,2025-11-04,,2025-Q4,false,false,,0.0,0.0,9600.0
O01549,A0571,Account 0571,SMB,Energy,Central,R008,Quinn Kim,Partner,Closed Won,17500.0,2024-05-26,2024-07-14,2024-Q3,true,true,49,17500.0,0.0,0.0
O01550,A0420,Account 0420,Mid-Market,Education,East,R016,Logan Reyes,Referral,Closed Won,56400.0,2025-07-01,2025-08-17,2025-Q3,true,true,47,56400.0,0.0,0.0
O01551,A0380,Account 0380,Mid-Market,Energy,Central,R001,Avery Nguyen,Inbound,Closed Won,60400.0,2024-05-26,2024-07-23,2024-Q3,true,true,58,60400.0,0.0,0.0
O01552,A0060,Account 0060,SMB,Technology,West,R015,Rowan Andersen,Inbound,Closed Lost,15900.0,2025-08-03,2025-08-24,2025-Q3,false,true,21,0.0,15900.0,0.0
O01553,A0559,Account 0559,SMB,Financial Services,West,R005,Morgan Okafor,Outbound,Closed Lost,15400.0,2024-01-21,2024-03-16,2024-Q1,false,true,55,0.0,15400.0,0.0
O01554,A0396,Account 0396,Enterprise,Technology,East,R020,Elliot Mori,Outbound,Closed Lost,223900.0,2025-09-22,2026-03-30,2026-Q1,false,true,189,0.0,223900.0,0.0
O01555,A0354,Account 0354,Mid-Market,Education,East,R023,Tatum Adeyemi,Outbound,Closed Won,75000.0,2025-04-10,2025-07-25,2025-Q3,true,true,106,75000.0,0.0,0.0
O01556,A0369,Account 0369,SMB,Technology,East,R009,Drew Mbeki,Referral,Closed Won,12600.0,2024-05-27,2024-06-28,2024-Q2,true,true,32,12600.0,0.0,0.0
O01557,A0264,Account 0264,SMB,Education,East,R008,Quinn Kim,Inbound,Closed Won,9500.0,2025-01-11,2025-01-26,2025-Q1,true,true,15,9500.0,0.0,0.0
O01558,A0421,Account 0421,Mid-Market,Retail,Central,R016,Logan Reyes,Inbound,Closed Lost,25800.0,2024-08-20,2024-11-24,2024-Q4,false,true,96,0.0,25800.0,0.0
O01559,A0416,Account 0416,SMB,Healthcare,West,R015,Rowan Andersen,Outbound,Closed Lost,14000.0,2025-03-03,2025-04-15,2025-Q2,false,true,43,0.0,14000.0,0.0
O01560,A0373,Account 0373,SMB,Logistics,Central,R012,Devon Costa,Inbound,Closed Lost,9000.0,2024-11-29,2025-01-24,2025-Q1,false,true,56,0.0,9000.0,0.0
O01561,A0223,Account 0223,SMB,Financial Services,East,R009,Drew Mbeki,Event,Closed Lost,17200.0,2025-08-05,2025-08-31,2025-Q3,false,true,26,0.0,17200.0,0.0
O01562,A0373,Account 0373,SMB,Logistics,Central,R018,Sawyer Walsh,Outbound,Closed Won,8600.0,2025-07-15,2025-08-24,2025-Q3,true,true,40,8600.0,0.0,0.0
O01563,A0482,Account 0482,Mid-Market,Energy,East,R003,Riley Garcia,Event,Closed Lost,36600.0,2025-07-09,2025-10-19,2025-Q4,false,true,102,0.0,36600.0,0.0
O01564,A0423,Account 0423,Enterprise,Manufacturing,East,R017,Parker Schmidt,Partner,Closed Lost,188100.0,2024-07-23,2024-12-15,2024-Q4,false,true,145,0.0,188100.0,0.0
O01565,A0530,Account 0530,Enterprise,Manufacturing,East,R020,Elliot Mori,Outbound,Closed Lost,87600.0,2024-07-03,2025-01-22,2025-Q1,false,true,203,0.0,87600.0,0.0
O01566,A0177,Account 0177,SMB,Technology,Central,R011,Sky Haddad,Event,Closed Lost,14500.0,2025-11-27,2026-01-16,2026-Q1,false,true,50,0.0,14500.0,0.0
O01567,A0155,Account 0155,Mid-Market,Energy,East,R013,Hayden Novak,Event,Closed Lost,33200.0,2024-11-20,2025-03-04,2025-Q1,false,true,104,0.0,33200.0,0.0
O01568,A0499,Account 0499,Mid-Market,Manufacturing,East,R010,Reese Dubois,Event,Closed Lost,63600.0,2025-09-17,2026-01-07,2026-Q1,false,true,112,0.0,63600.0,0.0
O01569,A0088,Account 0088,Enterprise,Healthcare,East,R017,Parker Schmidt,Referral,Closed Won,186100.0,2024-01-09,2024-04-21,2024-Q2,true,true,103,186100.0,0.0,0.0
O01570,A0366,Account 0366,Mid-Market,Energy,East,R006,Taylor Larsson,Partner,Closed Won,37100.0,2024-06-03,2024-08-14,2024-Q3,true,true,72,37100.0,0.0,0.0
O01571,A0324,Account 0324,Enterprise,Manufacturing,Central,R020,Elliot Mori,Inbound,Closed Lost,305200.0,2025-05-01,2025-10-24,2025-Q4,false,true,176,0.0,305200.0,0.0
O01572,A0576,Account 0576,Enterprise,Financial Services,West,R017,Parker Schmidt,Outbound,Closed Lost,212900.0,2024-06-04,2024-10-13,2024-Q4,false,true,131,0.0,212900.0,0.0
O01573,A0163,Account 0163,SMB,Energy,East,R021,Marlowe Silva,Partner,Closed Lost,10000.0,2025-07-19,2025-09-11,2025-Q3,false,true,54,0.0,10000.0,0.0
O01574,A0256,Account 0256,Mid-Market,Education,East,R003,Riley Garcia,Outbound,Negotiation,74400.0,2025-11-10,,2025-Q4,false,false,,0.0,0.0,74400.0
O01575,A0489,Account 0489,SMB,Logistics,East,R008,Quinn Kim,Referral,Closed Lost,13300.0,2024-01-21,2024-03-12,2024-Q1,false,true,51,0.0,13300.0,0.0
O01576,A0599,Account 0599,SMB,Financial Services,West,R022,Shay Volkov,Referral,Closed Lost,16400.0,2024-07-05,2024-08-16,2024-Q3,false,true,42,0.0,16400.0,0.0
O01577,A0581,Account 0581,SMB,Healthcare,West,R012,Devon Costa,Inbound,Closed Won,16300.0,2024-12-13,2025-01-01,2025-Q1,true,true,19,16300.0,0.0,0.0
O01578,A0308,Account 0308,SMB,Manufacturing,East,R024,Wren Park,Referral,Closed Lost,4700.0,2025-02-07,2025-03-02,2025-Q1,false,true,23,0.0,4700.0,0.0
O01579,A0202,Account 0202,SMB,Retail,Central,R024,Wren Park,Inbound,Closed Lost,13700.0,2024-11-24,2024-12-26,2024-Q4,false,true,32,0.0,13700.0,0.0
O01580,A0507,Account 0507,SMB,Logistics,East,R002,Jordan Patel,Event,Closed Won,9300.0,2025-09-28,2025-11-18,2025-Q4,true,true,51,9300.0,0.0,0.0
O01581,A0197,Account 0197,Mid-Market,Financial Services,West,R016,Logan Reyes,Inbound,Closed Won,74100.0,2024-10-13,2025-02-01,2025-Q1,true,true,111,74100.0,0.0,0.0
O01582,A0171,Account 0171,Mid-Market,Technology,West,R001,Avery Nguyen,Inbound,Closed Lost,61400.0,2025-10-26,2026-01-09,2026-Q1,false,true,75,0.0,61400.0,0.0
O01583,A0280,Account 0280,SMB,Logistics,West,R024,Wren Park,Inbound,Closed Lost,4200.0,2025-04-14,2025-06-09,2025-Q2,false,true,56,0.0,4200.0,0.0
O01584,A0011,Account 0011,Enterprise,Technology,East,R017,Parker Schmidt,Outbound,Closed Lost,143900.0,2024-11-05,2025-05-11,2025-Q2,false,true,187,0.0,143900.0,0.0
O01585,A0277,Account 0277,SMB,Energy,East,R015,Rowan Andersen,Event,Closed Lost,15000.0,2024-12-09,2025-01-15,2025-Q1,false,true,37,0.0,15000.0,0.0
O01586,A0417,Account 0417,Mid-Market,Energy,East,R010,Reese Dubois,Outbound,Closed Lost,62600.0,2024-05-15,2024-08-12,2024-Q3,false,true,89,0.0,62600.0,0.0
O01587,A0274,Account 0274,SMB,Education,East,R005,Morgan Okafor,Inbound,Closed Lost,4300.0,2025-04-05,2025-05-31,2025-Q2,false,true,56,0.0,4300.0,0.0
O01588,A0522,Account 0522,SMB,Retail,Central,R005,Morgan Okafor,Inbound,Closed Won,15100.0,2024-01-24,2024-02-15,2024-Q1,true,true,22,15100.0,0.0,0.0
O01589,A0383,Account 0383,Enterprise,Healthcare,Central,R017,Parker Schmidt,Event,Closed Lost,336500.0,2024-06-06,2025-01-28,2025-Q1,false,true,236,0.0,336500.0,0.0
O01590,A0010,Account 0010,SMB,Healthcare,East,R002,Jordan Patel,Referral,Closed Lost,4100.0,2024-12-15,2025-02-06,2025-Q1,false,true,53,0.0,4100.0,0.0
O01591,A0472,Account 0472,Mid-Market,Education,Central,R023,Tatum Adeyemi,Inbound,Closed Won,56000.0,2024-12-04,2025-01-31,2025-Q1,true,true,58,56000.0,0.0,0.0
O01592,A0084,Account 0084,SMB,Technology,Central,R008,Quinn Kim,Event,Closed Won,17300.0,2024-04-03,2024-06-01,2024-Q2,true,true,59,17300.0,0.0,0.0
O01593,A0239,Account 0239,Mid-Market,Technology,West,R006,Taylor Larsson,Inbound,Closed Lost,42000.0,2024-02-21,2024-04-16,2024-Q2,false,true,55,0.0,42000.0,0.0
O01594,A0203,Account 0203,SMB,Education,West,R018,Sawyer Walsh,Partner,Closed Won,5800.0,2025-09-11,2025-11-09,2025-Q4,true,true,59,5800.0,0.0,0.0
O01595,A0063,Account 0063,SMB,Education,Central,R018,Sawyer Walsh,Inbound,Closed Won,3100.0,2024-07-08,2024-08-23,2024-Q3,true,true,46,3100.0,0.0,0.0
O01596,A0148,Account 0148,SMB,Education,West,R021,Marlowe Silva,Inbound,Closed Lost,13500.0,2025-08-12,2025-09-07,2025-Q3,false,true,26,0.0,13500.0,0.0
O01597,A0192,Account 0192,Mid-Market,Logistics,East,R010,Reese Dubois,Inbound,Closed Lost,42500.0,2024-08-21,2024-10-25,2024-Q4,false,true,65,0.0,42500.0,0.0
O01598,A0423,Account 0423,Enterprise,Manufacturing,East,R020,Elliot Mori,Inbound,Closed Lost,160300.0,2024-08-11,2025-02-26,2025-Q1,false,true,199,0.0,160300.0,0.0
O01599,A0008,Account 0008,Mid-Market,Financial Services,West,R023,Tatum Adeyemi,Referral,Qualification,35400.0,2025-11-30,,2025-Q4,false,false,,0.0,0.0,35400.0
O01600,A0062,Account 0062,SMB,Technology,West,R022,Shay Volkov,Outbound,Closed Lost,13100.0,2025-03-16,2025-04-04,2025-Q2,false,true,19,0.0,13100.0,0.0
O01601,A0091,Account 0091,SMB,Logistics,Central,R012,Devon Costa,Referral,Closed Lost,13500.0,2025-08-25,2025-10-01,2025-Q4,false,true,37,0.0,13500.0,0.0
O01602,A0583,Account 0583,Mid-Market,Technology,Central,R007,Casey Rossi,Outbound,Closed Lost,40200.0,2024-11-22,2025-03-04,2025-Q1,false,true,102,0.0,40200.0,0.0
O01603,A0308,Account 0308,SMB,Manufacturing,East,R018,Sawyer Walsh,Outbound,Closed Won,18000.0,2024-11-16,2025-01-03,2025-Q1,true,true,48,18000.0,0.0,0.0
O01604,A0044,Account 0044,SMB,Technology,East,R012,Devon Costa,Event,Closed Lost,16200.0,2025-02-23,2025-04-07,2025-Q2,false,true,43,0.0,16200.0,0.0
O01605,A0413,Account 0413,Mid-Market,Healthcare,Central,R014,Emerson Ibrahim,Outbound,Closed Lost,27500.0,2025-04-20,2025-07-31,2025-Q3,false,true,102,0.0,27500.0,0.0
O01606,A0026,Account 0026,SMB,Financial Services,East,R008,Quinn Kim,Outbound,Closed Lost,17800.0,2024-11-20,2024-12-28,2024-Q4,false,true,38,0.0,17800.0,0.0
O01607,A0015,Account 0015,SMB,Healthcare,East,R015,Rowan Andersen,Inbound,Closed Lost,5300.0,2025-11-08,2025-12-03,2025-Q4,false,true,25,0.0,5300.0,0.0
O01608,A0017,Account 0017,Enterprise,Financial Services,West,R020,Elliot Mori,Outbound,Closed Won,166700.0,2025-04-28,2025-09-03,2025-Q3,true,true,128,166700.0,0.0,0.0
O01609,A0163,Account 0163,SMB,Energy,East,R011,Sky Haddad,Partner,Closed Lost,6400.0,2025-07-16,2025-08-16,2025-Q3,false,true,31,0.0,6400.0,0.0
O01610,A0444,Account 0444,SMB,Healthcare,East,R015,Rowan Andersen,Referral,Closed Won,17500.0,2024-06-12,2024-07-27,2024-Q3,true,true,45,17500.0,0.0,0.0
O01611,A0069,Account 0069,Mid-Market,Manufacturing,East,R010,Reese Dubois,Outbound,Closed Lost,26800.0,2025-05-03,2025-07-24,2025-Q3,false,true,82,0.0,26800.0,0.0
O01612,A0222,Account 0222,Mid-Market,Energy,West,R013,Hayden Novak,Inbound,Closed Lost,77300.0,2025-05-17,2025-07-02,2025-Q3,false,true,46,0.0,77300.0,0.0
O01613,A0319,Account 0319,SMB,Financial Services,Central,R024,Wren Park,Outbound,Closed Lost,12200.0,2025-09-25,2025-11-05,2025-Q4,false,true,41,0.0,12200.0,0.0
O01614,A0350,Account 0350,Mid-Market,Logistics,Central,R010,Reese Dubois,Inbound,Closed Lost,53100.0,2024-05-11,2024-08-11,2024-Q3,false,true,92,0.0,53100.0,0.0
O01615,A0379,Account 0379,SMB,Manufacturing,West,R015,Rowan Andersen,Referral,Closed Lost,17200.0,2024-09-09,2024-10-06,2024-Q4,false,true,27,0.0,17200.0,0.0
O01616,A0321,Account 0321,SMB,Financial Services,Central,R024,Wren Park,Inbound,Closed Lost,11300.0,2025-05-02,2025-06-02,2025-Q2,false,true,31,0.0,11300.0,0.0
O01617,A0200,Account 0200,SMB,Manufacturing,Central,R008,Quinn Kim,Partner,Closed Lost,11600.0,2024-11-25,2025-01-18,2025-Q1,false,true,54,0.0,11600.0,0.0
O01618,A0243,Account 0243,SMB,Education,West,R009,Drew Mbeki,Outbound,Closed Won,10000.0,2025-05-15,2025-07-04,2025-Q3,true,true,50,10000.0,0.0,0.0
O01619,A0098,Account 0098,SMB,Healthcare,West,R015,Rowan Andersen,Outbound,Closed Lost,7800.0,2024-05-31,2024-07-23,2024-Q3,false,true,53,0.0,7800.0,0.0
O01620,A0273,Account 0273,SMB,Financial Services,East,R005,Morgan Okafor,Inbound,Closed Lost,14700.0,2025-04-05,2025-05-13,2025-Q2,false,true,38,0.0,14700.0,0.0
O01621,A0147,Account 0147,SMB,Logistics,East,R012,Devon Costa,Inbound,Closed Lost,6700.0,2024-03-01,2024-04-14,2024-Q2,false,true,44,0.0,6700.0,0.0
O01622,A0495,Account 0495,SMB,Financial Services,West,R021,Marlowe Silva,Inbound,Closed Lost,17400.0,2024-05-29,2024-06-29,2024-Q2,false,true,31,0.0,17400.0,0.0
O01623,A0550,Account 0550,Mid-Market,Manufacturing,West,R006,Taylor Larsson,Partner,Proposal,77400.0,2025-10-23,,2025-Q4,false,false,,0.0,0.0,77400.0
O01624,A0200,Account 0200,SMB,Manufacturing,Central,R021,Marlowe Silva,Partner,Closed Lost,6700.0,2025-05-31,2025-07-02,2025-Q3,false,true,32,0.0,6700.0,0.0
O01625,A0012,Account 0012,SMB,Energy,West,R011,Sky Haddad,Partner,Closed Won,5200.0,2024-09-24,2024-10-21,2024-Q4,true,true,27,5200.0,0.0,0.0
O01626,A0432,Account 0432,Mid-Market,Retail,Central,R003,Riley Garcia,Outbound,Closed Lost,66100.0,2025-01-12,2025-04-26,2025-Q2,false,true,104,0.0,66100.0,0.0
O01627,A0392,Account 0392,SMB,Logistics,West,R021,Marlowe Silva,Referral,Closed Won,9700.0,2024-06-09,2024-07-31,2024-Q3,true,true,52,9700.0,0.0,0.0
O01628,A0467,Account 0467,Mid-Market,Financial Services,Central,R007,Casey Rossi,Inbound,Closed Lost,35700.0,2024-07-21,2024-11-01,2024-Q4,false,true,103,0.0,35700.0,0.0
O01629,A0018,Account 0018,Enterprise,Manufacturing,West,R017,Parker Schmidt,Inbound,Closed Lost,256800.0,2024-02-23,2024-08-14,2024-Q3,false,true,173,0.0,256800.0,0.0
O01630,A0385,Account 0385,Enterprise,Education,Central,R017,Parker Schmidt,Inbound,Proposal,286800.0,2025-10-05,,2025-Q4,false,false,,0.0,0.0,286800.0
O01631,A0290,Account 0290,Mid-Market,Logistics,West,R010,Reese Dubois,Partner,Closed Lost,20400.0,2025-08-02,2025-11-27,2025-Q4,false,true,117,0.0,20400.0,0.0
O01632,A0136,Account 0136,Mid-Market,Retail,Central,R014,Emerson Ibrahim,Inbound,Closed Won,26700.0,2024-03-06,2024-04-28,2024-Q2,true,true,53,26700.0,0.0,0.0
O01633,A0241,Account 0241,Mid-Market,Technology,Central,R003,Riley Garcia,Partner,Closed Lost,39000.0,2025-01-03,2025-04-03,2025-Q2,false,true,90,0.0,39000.0,0.0
O01634,A0505,Account 0505,SMB,Education,West,R015,Rowan Andersen,Outbound,Closed Lost,10900.0,2025-07-12,2025-07-29,2025-Q3,false,true,17,0.0,10900.0,0.0
O01635,A0159,Account 0159,SMB,Healthcare,Central,R021,Marlowe Silva,Referral,Closed Won,9700.0,2024-04-01,2024-04-28,2024-Q2,true,true,27,9700.0,0.0,0.0
O01636,A0268,Account 0268,Mid-Market,Manufacturing,East,R006,Taylor Larsson,Inbound,Closed Lost,58000.0,2024-09-02,2024-10-24,2024-Q4,false,true,52,0.0,58000.0,0.0
O01637,A0231,Account 0231,Enterprise,Education,West,R020,Elliot Mori,Inbound,Closed Lost,150100.0,2024-02-13,2024-05-23,2024-Q2,false,true,100,0.0,150100.0,0.0
O01638,A0141,Account 0141,SMB,Financial Services,West,R021,Marlowe Silva,Outbound,Closed Lost,8800.0,2024-11-23,2024-12-27,2024-Q4,false,true,34,0.0,8800.0,0.0
O01639,A0523,Account 0523,Mid-Market,Technology,West,R007,Casey Rossi,Outbound,Closed Lost,59500.0,2025-05-19,2025-07-06,2025-Q3,false,true,48,0.0,59500.0,0.0
O01640,A0042,Account 0042,Enterprise,Financial Services,West,R017,Parker Schmidt,Inbound,Closed Lost,146800.0,2025-08-26,2025-12-03,2025-Q4,false,true,99,0.0,146800.0,0.0
O01641,A0083,Account 0083,SMB,Retail,Central,R022,Shay Volkov,Inbound,Closed Won,16500.0,2025-01-11,2025-02-26,2025-Q1,true,true,46,16500.0,0.0,0.0
O01642,A0550,Account 0550,Mid-Market,Manufacturing,West,R001,Avery Nguyen,Partner,Proposal,34500.0,2025-10-04,,2025-Q4,false,false,,0.0,0.0,34500.0
O01643,A0263,Account 0263,SMB,Manufacturing,Central,R012,Devon Costa,Partner,Closed Lost,16500.0,2024-07-19,2024-08-22,2024-Q3,false,true,34,0.0,16500.0,0.0
O01644,A0463,Account 0463,Mid-Market,Education,East,R001,Avery Nguyen,Inbound,Closed Won,65700.0,2025-04-01,2025-07-20,2025-Q3,true,true,110,65700.0,0.0,0.0
O01645,A0397,Account 0397,SMB,Retail,West,R005,Morgan Okafor,Inbound,Closed Lost,14400.0,2024-07-29,2024-08-24,2024-Q3,false,true,26,0.0,14400.0,0.0
O01646,A0220,Account 0220,SMB,Energy,Central,R022,Shay Volkov,Inbound,Closed Lost,10000.0,2024-11-06,2024-12-13,2024-Q4,false,true,37,0.0,10000.0,0.0
O01647,A0259,Account 0259,SMB,Healthcare,Central,R009,Drew Mbeki,Inbound,Closed Won,7600.0,2025-06-07,2025-06-22,2025-Q2,true,true,15,7600.0,0.0,0.0
O01648,A0342,Account 0342,Mid-Market,Financial Services,Central,R006,Taylor Larsson,Outbound,Closed Lost,62600.0,2025-05-26,2025-08-28,2025-Q3,false,true,94,0.0,62600.0,0.0
O01649,A0170,Account 0170,Enterprise,Healthcare,East,R020,Elliot Mori,Referral,Closed Lost,271000.0,2025-05-06,2025-12-25,2025-Q4,false,true,233,0.0,271000.0,0.0
O01650,A0080,Account 0080,SMB,Energy,East,R022,Shay Volkov,Event,Closed Lost,15800.0,2024-04-19,2024-05-03,2024-Q2,false,true,14,0.0,15800.0,0.0
O01651,A0281,Account 0281,SMB,Technology,West,R002,Jordan Patel,Inbound,Closed Lost,8700.0,2024-11-06,2024-12-18,2024-Q4,false,true,42,0.0,8700.0,0.0
O01652,A0055,Account 0055,Enterprise,Manufacturing,West,R020,Elliot Mori,Outbound,Closed Lost,390700.0,2024-08-08,2024-12-24,2024-Q4,false,true,138,0.0,390700.0,0.0
O01653,A0287,Account 0287,Mid-Market,Education,West,R013,Hayden Novak,Outbound,Prospecting,36400.0,2025-10-31,,2025-Q4,false,false,,0.0,0.0,36400.0
O01654,A0210,Account 0210,Mid-Market,Healthcare,West,R003,Riley Garcia,Inbound,Closed Lost,72600.0,2025-10-13,2025-11-30,2025-Q4,false,true,48,0.0,72600.0,0.0
O01655,A0116,Account 0116,SMB,Retail,Central,R005,Morgan Okafor,Outbound,Closed Lost,16000.0,2024-08-28,2024-10-10,2024-Q4,false,true,43,0.0,16000.0,0.0
O01656,A0277,Account 0277,SMB,Energy,East,R002,Jordan Patel,Inbound,Closed Lost,3900.0,2025-07-30,2025-09-12,2025-Q3,false,true,44,0.0,3900.0,0.0
O01657,A0408,Account 0408,SMB,Healthcare,West,R024,Wren Park,Outbound,Closed Lost,3600.0,2025-01-21,2025-02-05,2025-Q1,false,true,15,0.0,3600.0,0.0
O01658,A0180,Account 0180,Mid-Market,Energy,Central,R001,Avery Nguyen,Event,Closed Lost,58700.0,2025-08-13,2025-10-02,2025-Q4,false,true,50,0.0,58700.0,0.0
O01659,A0289,Account 0289,SMB,Healthcare,West,R018,Sawyer Walsh,Event,Closed Won,3400.0,2024-07-26,2024-08-26,2024-Q3,true,true,31,3400.0,0.0,0.0
O01660,A0241,Account 0241,Mid-Market,Technology,Central,R014,Emerson Ibrahim,Outbound,Closed Lost,72200.0,2024-01-02,2024-02-21,2024-Q1,false,true,50,0.0,72200.0,0.0
O01661,A0501,Account 0501,Mid-Market,Manufacturing,West,R006,Taylor Larsson,Outbound,Closed Lost,40600.0,2024-02-18,2024-05-09,2024-Q2,false,true,81,0.0,40600.0,0.0
O01662,A0484,Account 0484,Mid-Market,Manufacturing,East,R016,Logan Reyes,Outbound,Closed Lost,58800.0,2024-06-16,2024-09-16,2024-Q3,false,true,92,0.0,58800.0,0.0
O01663,A0150,Account 0150,SMB,Education,East,R012,Devon Costa,Outbound,Closed Lost,9100.0,2025-10-16,2025-11-21,2025-Q4,false,true,36,0.0,9100.0,0.0
O01664,A0356,Account 0356,SMB,Education,Central,R011,Sky Haddad,Outbound,Closed Lost,14300.0,2024-05-31,2024-07-27,2024-Q3,false,true,57,0.0,14300.0,0.0
O01665,A0369,Account 0369,SMB,Technology,East,R015,Rowan Andersen,Referral,Closed Won,6800.0,2024-03-29,2024-05-20,2024-Q2,true,true,52,6800.0,0.0,0.0
O01666,A0478,Account 0478,SMB,Technology,West,R018,Sawyer Walsh,Outbound,Closed Won,5500.0,2025-07-06,2025-09-01,2025-Q3,true,true,57,5500.0,0.0,0.0
O01667,A0149,Account 0149,Mid-Market,Healthcare,East,R019,Blake Fischer,Event,Closed Lost,57200.0,2024-12-15,2025-04-08,2025-Q2,false,true,114,0.0,57200.0,0.0
O01668,A0588,Account 0588,Mid-Market,Healthcare,Central,R004,Cameron Cohen,Inbound,Closed Lost,23100.0,2024-07-29,2024-11-01,2024-Q4,false,true,95,0.0,23100.0,0.0
O01669,A0514,Account 0514,SMB,Education,Central,R021,Marlowe Silva,Referral,Closed Won,4600.0,2024-02-12,2024-03-30,2024-Q1,true,true,47,4600.0,0.0,0.0
O01670,A0169,Account 0169,SMB,Education,East,R009,Drew Mbeki,Outbound,Proposal,14800.0,2025-12-01,,2025-Q4,false,false,,0.0,0.0,14800.0
O01671,A0405,Account 0405,SMB,Healthcare,East,R021,Marlowe Silva,Outbound,Closed Lost,6300.0,2025-11-03,2025-12-12,2025-Q4,false,true,39,0.0,6300.0,0.0
O01672,A0109,Account 0109,SMB,Technology,Central,R009,Drew Mbeki,Event,Closed Lost,9800.0,2025-10-17,2025-12-11,2025-Q4,false,true,55,0.0,9800.0,0.0
O01673,A0193,Account 0193,SMB,Financial Services,Central,R002,Jordan Patel,Partner,Closed Lost,10400.0,2025-05-31,2025-06-20,2025-Q2,false,true,20,0.0,10400.0,0.0
O01674,A0314,Account 0314,Mid-Market,Energy,West,R006,Taylor Larsson,Inbound,Closed Lost,69200.0,2025-02-19,2025-05-13,2025-Q2,false,true,83,0.0,69200.0,0.0
O01675,A0196,Account 0196,SMB,Financial Services,East,R002,Jordan Patel,Event,Closed Won,7400.0,2024-01-17,2024-02-01,2024-Q1,true,true,15,7400.0,0.0,0.0
O01676,A0074,Account 0074,SMB,Retail,West,R005,Morgan Okafor,Outbound,Closed Lost,17300.0,2024-09-16,2024-10-28,2024-Q4,false,true,42,0.0,17300.0,0.0
O01677,A0413,Account 0413,Mid-Market,Healthcare,Central,R001,Avery Nguyen,Inbound,Closed Lost,39300.0,2025-09-03,2025-11-25,2025-Q4,false,true,83,0.0,39300.0,0.0
O01678,A0490,Account 0490,Mid-Market,Financial Services,West,R023,Tatum Adeyemi,Inbound,Qualification,20600.0,2025-09-21,,2025-Q3,false,false,,0.0,0.0,20600.0
O01679,A0485,Account 0485,SMB,Retail,Central,R015,Rowan Andersen,Event,Closed Lost,9300.0,2025-07-05,2025-07-25,2025-Q3,false,true,20,0.0,9300.0,0.0
O01680,A0503,Account 0503,SMB,Retail,West,R002,Jordan Patel,Inbound,Closed Lost,17400.0,2025-01-24,2025-02-09,2025-Q1,false,true,16,0.0,17400.0,0.0
O01681,A0259,Account 0259,SMB,Healthcare,Central,R021,Marlowe Silva,Partner,Closed Lost,6700.0,2024-04-04,2024-04-23,2024-Q2,false,true,19,0.0,6700.0,0.0
O01682,A0097,Account 0097,SMB,Education,West,R018,Sawyer Walsh,Inbound,Closed Lost,6600.0,2025-01-23,2025-02-27,2025-Q1,false,true,35,0.0,6600.0,0.0
O01683,A0318,Account 0318,SMB,Financial Services,West,R021,Marlowe Silva,Partner,Closed Won,12200.0,2025-04-07,2025-05-04,2025-Q2,true,true,27,12200.0,0.0,0.0
O01684,A0029,Account 0029,SMB,Manufacturing,Central,R021,Marlowe Silva,Partner,Closed Lost,10500.0,2025-03-31,2025-04-18,2025-Q2,false,true,18,0.0,10500.0,0.0
O01685,A0398,Account 0398,SMB,Education,Central,R021,Marlowe Silva,Outbound,Closed Lost,3700.0,2025-10-31,2025-12-30,2025-Q4,false,true,60,0.0,3700.0,0.0
O01686,A0463,Account 0463,Mid-Market,Education,East,R007,Casey Rossi,Inbound,Closed Lost,36000.0,2024-06-15,2024-08-04,2024-Q3,false,true,50,0.0,36000.0,0.0
O01687,A0159,Account 0159,SMB,Healthcare,Central,R005,Morgan Okafor,Event,Closed Won,10300.0,2024-07-22,2024-09-04,2024-Q3,true,true,44,10300.0,0.0,0.0
O01688,A0181,Account 0181,SMB,Logistics,East,R015,Rowan Andersen,Partner,Closed Lost,5700.0,2024-02-14,2024-03-18,2024-Q1,false,true,33,0.0,5700.0,0.0
O01689,A0506,Account 0506,Mid-Market,Energy,East,R006,Taylor Larsson,Partner,Closed Won,24300.0,2025-03-31,2025-05-29,2025-Q2,true,true,59,24300.0,0.0,0.0
O01690,A0577,Account 0577,SMB,Healthcare,West,R002,Jordan Patel,Inbound,Closed Lost,8500.0,2025-03-24,2025-05-08,2025-Q2,false,true,45,0.0,8500.0,0.0
O01691,A0538,Account 0538,SMB,Manufacturing,East,R012,Devon Costa,Inbound,Closed Lost,4600.0,2025-10-12,2025-11-29,2025-Q4,false,true,48,0.0,4600.0,0.0
O01692,A0571,Account 0571,SMB,Energy,Central,R015,Rowan Andersen,Partner,Closed Lost,4300.0,2024-03-09,2024-03-27,2024-Q1,false,true,18,0.0,4300.0,0.0
O01693,A0487,Account 0487,SMB,Technology,East,R015,Rowan Andersen,Inbound,Closed Lost,16600.0,2025-06-03,2025-07-02,2025-Q3,false,true,29,0.0,16600.0,0.0
O01694,A0166,Account 0166,Enterprise,Healthcare,East,R017,Parker Schmidt,Outbound,Closed Lost,292700.0,2025-08-07,2025-12-22,2025-Q4,false,true,137,0.0,292700.0,0.0
O01695,A0270,Account 0270,Enterprise,Financial Services,East,R020,Elliot Mori,Inbound,Closed Won,266300.0,2024-03-09,2024-07-24,2024-Q3,true,true,137,266300.0,0.0,0.0
O01696,A0208,Account 0208,SMB,Manufacturing,West,R008,Quinn Kim,Outbound,Closed Lost,14200.0,2024-11-03,2024-11-25,2024-Q4,false,true,22,0.0,14200.0,0.0
O01697,A0523,Account 0523,Mid-Market,Technology,West,R001,Avery Nguyen,Inbound,Closed Lost,59300.0,2024-04-25,2024-08-15,2024-Q3,false,true,112,0.0,59300.0,0.0
O01698,A0141,Account 0141,SMB,Financial Services,West,R012,Devon Costa,Outbound,Closed Won,15000.0,2024-09-06,2024-10-20,2024-Q4,true,true,44,15000.0,0.0,0.0
O01699,A0491,Account 0491,SMB,Healthcare,East,R009,Drew Mbeki,Outbound,Closed Lost,8800.0,2024-04-11,2024-05-06,2024-Q2,false,true,25,0.0,8800.0,0.0
O01700,A0073,Account 0073,SMB,Education,West,R008,Quinn Kim,Event,Closed Won,15900.0,2025-11-14,2025-12-06,2025-Q4,true,true,22,15900.0,0.0,0.0
O01701,A0490,Account 0490,Mid-Market,Financial Services,West,R016,Logan Reyes,Outbound,Closed Lost,28200.0,2024-03-15,2024-07-10,2024-Q3,false,true,117,0.0,28200.0,0.0
O01702,A0371,Account 0371,Mid-Market,Energy,Central,R006,Taylor Larsson,Event,Closed Lost,21700.0,2024-09-25,2024-12-31,2024-Q4,false,true,97,0.0,21700.0,0.0
O01703,A0405,Account 0405,SMB,Healthcare,East,R002,Jordan Patel,Outbound,Closed Lost,13900.0,2024-07-16,2024-09-10,2024-Q3,false,true,56,0.0,13900.0,0.0
O01704,A0231,Account 0231,Enterprise,Education,West,R017,Parker Schmidt,Partner,Closed Lost,364400.0,2025-05-05,2025-12-11,2025-Q4,false,true,220,0.0,364400.0,0.0
O01705,A0162,Account 0162,Enterprise,Retail,East,R017,Parker Schmidt,Inbound,Prospecting,172000.0,2025-09-05,,2025-Q3,false,false,,0.0,0.0,172000.0
O01706,A0087,Account 0087,SMB,Retail,Central,R008,Quinn Kim,Outbound,Closed Lost,8500.0,2025-10-18,2025-11-03,2025-Q4,false,true,16,0.0,8500.0,0.0
O01707,A0350,Account 0350,Mid-Market,Logistics,Central,R007,Casey Rossi,Outbound,Closed Lost,75000.0,2025-07-02,2025-09-26,2025-Q3,false,true,86,0.0,75000.0,0.0
O01708,A0500,Account 0500,Mid-Market,Education,East,R013,Hayden Novak,Outbound,Closed Lost,75300.0,2025-08-26,2025-12-20,2025-Q4,false,true,116,0.0,75300.0,0.0
O01709,A0481,Account 0481,SMB,Education,West,R012,Devon Costa,Outbound,Closed Lost,10300.0,2024-04-03,2024-05-31,2024-Q2,false,true,58,0.0,10300.0,0.0
O01710,A0065,Account 0065,SMB,Retail,Central,R011,Sky Haddad,Outbound,Closed Lost,17000.0,2025-10-06,2025-11-06,2025-Q4,false,true,31,0.0,17000.0,0.0
O01711,A0234,Account 0234,SMB,Education,West,R012,Devon Costa,Inbound,Closed Lost,11500.0,2024-11-27,2024-12-26,2024-Q4,false,true,29,0.0,11500.0,0.0
O01712,A0344,Account 0344,Enterprise,Logistics,West,R020,Elliot Mori,Inbound,Closed Lost,271300.0,2024-10-12,2025-03-18,2025-Q1,false,true,157,0.0,271300.0,0.0
O01713,A0143,Account 0143,Mid-Market,Manufacturing,Central,R007,Casey Rossi,Inbound,Closed Lost,62200.0,2024-07-13,2024-10-12,2024-Q4,false,true,91,0.0,62200.0,0.0
O01714,A0474,Account 0474,SMB,Logistics,West,R022,Shay Volkov,Inbound,Closed Lost,4800.0,2025-06-16,2025-07-11,2025-Q3,false,true,25,0.0,4800.0,0.0
O01715,A0253,Account 0253,SMB,Energy,East,R009,Drew Mbeki,Partner,Closed Won,15500.0,2025-09-04,2025-10-28,2025-Q4,true,true,54,15500.0,0.0,0.0
O01716,A0509,Account 0509,Enterprise,Financial Services,East,R020,Elliot Mori,Outbound,Closed Lost,235000.0,2024-09-08,2025-03-17,2025-Q1,false,true,190,0.0,235000.0,0.0
O01717,A0551,Account 0551,Mid-Market,Manufacturing,Central,R010,Reese Dubois,Referral,Closed Won,55600.0,2024-05-29,2024-08-14,2024-Q3,true,true,77,55600.0,0.0,0.0
O01718,A0564,Account 0564,Mid-Market,Logistics,Central,R013,Hayden Novak,Referral,Closed Lost,29700.0,2024-01-04,2024-02-26,2024-Q1,false,true,53,0.0,29700.0,0.0
O01719,A0466,Account 0466,Mid-Market,Logistics,West,R016,Logan Reyes,Inbound,Closed Lost,49700.0,2025-08-20,2025-11-08,2025-Q4,false,true,80,0.0,49700.0,0.0
O01720,A0438,Account 0438,Enterprise,Education,Central,R020,Elliot Mori,Outbound,Prospecting,232400.0,2025-09-01,,2025-Q3,false,false,,0.0,0.0,232400.0
O01721,A0056,Account 0056,Enterprise,Healthcare,West,R017,Parker Schmidt,Inbound,Closed Lost,114400.0,2024-03-12,2024-08-20,2024-Q3,false,true,161,0.0,114400.0,0.0
O01722,A0099,Account 0099,Mid-Market,Retail,West,R023,Tatum Adeyemi,Inbound,Closed Lost,20500.0,2025-03-09,2025-05-19,2025-Q2,false,true,71,0.0,20500.0,0.0
O01723,A0115,Account 0115,Mid-Market,Energy,Central,R010,Reese Dubois,Partner,Proposal,35600.0,2025-10-01,,2025-Q4,false,false,,0.0,0.0,35600.0
O01724,A0566,Account 0566,SMB,Retail,West,R012,Devon Costa,Event,Closed Lost,3300.0,2024-08-30,2024-09-22,2024-Q3,false,true,23,0.0,3300.0,0.0
O01725,A0176,Account 0176,Enterprise,Retail,Central,R020,Elliot Mori,Inbound,Closed Lost,277200.0,2024-07-27,2025-03-12,2025-Q1,false,true,228,0.0,277200.0,0.0
O01726,A0277,Account 0277,SMB,Energy,East,R018,Sawyer Walsh,Inbound,Closed Lost,6700.0,2024-05-07,2024-05-27,2024-Q2,false,true,20,0.0,6700.0,0.0
O01727,A0170,Account 0170,Enterprise,Healthcare,East,R017,Parker Schmidt,Inbound,Closed Lost,114400.0,2024-08-13,2025-01-21,2025-Q1,false,true,161,0.0,114400.0,0.0
O01728,A0594,Account 0594,SMB,Manufacturing,West,R022,Shay Volkov,Inbound,Closed Won,6200.0,2025-01-30,2025-03-13,2025-Q1,true,true,42,6200.0,0.0,0.0
O01729,A0455,Account 0455,Mid-Market,Manufacturing,West,R014,Emerson Ibrahim,Inbound,Closed Lost,70700.0,2024-06-02,2024-09-04,2024-Q3,false,true,94,0.0,70700.0,0.0
O01730,A0279,Account 0279,SMB,Energy,Central,R009,Drew Mbeki,Outbound,Prospecting,9500.0,2025-11-20,,2025-Q4,false,false,,0.0,0.0,9500.0
O01731,A0398,Account 0398,SMB,Education,Central,R018,Sawyer Walsh,Outbound,Closed Lost,8600.0,2025-09-13,2025-10-10,2025-Q4,false,true,27,0.0,8600.0,0.0
O01732,A0387,Account 0387,Mid-Market,Education,West,R004,Cameron Cohen,Inbound,Closed Lost,31500.0,2025-02-17,2025-04-29,2025-Q2,false,true,71,0.0,31500.0,0.0
O01733,A0298,Account 0298,SMB,Financial Services,East,R009,Drew Mbeki,Partner,Closed Lost,16200.0,2025-01-23,2025-03-16,2025-Q1,false,true,52,0.0,16200.0,0.0
O01734,A0577,Account 0577,SMB,Healthcare,West,R009,Drew Mbeki,Outbound,Qualification,4000.0,2025-10-22,,2025-Q4,false,false,,0.0,0.0,4000.0
O01735,A0021,Account 0021,SMB,Energy,West,R018,Sawyer Walsh,Outbound,Closed Lost,9700.0,2025-03-22,2025-05-21,2025-Q2,false,true,60,0.0,9700.0,0.0
O01736,A0357,Account 0357,Mid-Market,Manufacturing,Central,R006,Taylor Larsson,Inbound,Closed Won,74500.0,2024-10-02,2025-01-01,2025-Q1,true,true,91,74500.0,0.0,0.0
O01737,A0225,Account 0225,Enterprise,Logistics,East,R017,Parker Schmidt,Inbound,Closed Lost,196700.0,2024-02-07,2024-08-12,2024-Q3,false,true,187,0.0,196700.0,0.0
O01738,A0163,Account 0163,SMB,Energy,East,R005,Morgan Okafor,Outbound,Closed Won,11300.0,2025-09-22,2025-11-19,2025-Q4,true,true,58,11300.0,0.0,0.0
O01739,A0262,Account 0262,SMB,Retail,East,R018,Sawyer Walsh,Event,Closed Lost,5100.0,2024-06-01,2024-07-03,2024-Q3,false,true,32,0.0,5100.0,0.0
O01740,A0191,Account 0191,SMB,Financial Services,West,R009,Drew Mbeki,Event,Closed Won,5500.0,2025-02-23,2025-03-28,2025-Q1,true,true,33,5500.0,0.0,0.0
O01741,A0054,Account 0054,Mid-Market,Financial Services,Central,R019,Blake Fischer,Inbound,Prospecting,35900.0,2025-11-01,,2025-Q4,false,false,,0.0,0.0,35900.0
O01742,A0201,Account 0201,Mid-Market,Technology,West,R019,Blake Fischer,Event,Closed Lost,65900.0,2024-03-19,2024-05-11,2024-Q2,false,true,53,0.0,65900.0,0.0
O01743,A0547,Account 0547,Mid-Market,Logistics,East,R003,Riley Garcia,Inbound,Closed Lost,65200.0,2025-04-18,2025-08-11,2025-Q3,false,true,115,0.0,65200.0,0.0
O01744,A0192,Account 0192,Mid-Market,Logistics,East,R006,Taylor Larsson,Outbound,Closed Lost,71000.0,2024-01-09,2024-04-04,2024-Q2,false,true,86,0.0,71000.0,0.0
O01745,A0022,Account 0022,SMB,Retail,East,R021,Marlowe Silva,Outbound,Closed Won,8900.0,2025-05-31,2025-06-17,2025-Q2,true,true,17,8900.0,0.0,0.0
O01746,A0136,Account 0136,Mid-Market,Retail,Central,R006,Taylor Larsson,Inbound,Prospecting,53600.0,2025-09-15,,2025-Q3,false,false,,0.0,0.0,53600.0
O01747,A0255,Account 0255,SMB,Energy,East,R008,Quinn Kim,Outbound,Closed Won,14300.0,2025-10-17,2025-12-08,2025-Q4,true,true,52,14300.0,0.0,0.0
O01748,A0001,Account 0001,SMB,Retail,West,R011,Sky Haddad,Outbound,Closed Lost,15000.0,2025-04-16,2025-06-02,2025-Q2,false,true,47,0.0,15000.0,0.0
O01749,A0555,Account 0555,SMB,Financial Services,West,R015,Rowan Andersen,Outbound,Closed Lost,17400.0,2025-06-21,2025-08-03,2025-Q3,false,true,43,0.0,17400.0,0.0
O01750,A0592,Account 0592,SMB,Financial Services,East,R015,Rowan Andersen,Event,Closed Won,17100.0,2024-09-14,2024-10-31,2024-Q4,true,true,47,17100.0,0.0,0.0
O01751,A0130,Account 0130,SMB,Logistics,Central,R002,Jordan Patel,Inbound,Closed Lost,12000.0,2024-07-30,2024-08-17,2024-Q3,false,true,18,0.0,12000.0,0.0
O01752,A0423,Account 0423,Enterprise,Manufacturing,East,R020,Elliot Mori,Inbound,Closed Lost,199600.0,2025-01-19,2025-07-04,2025-Q3,false,true,166,0.0,199600.0,0.0
O01753,A0017,Account 0017,Enterprise,Financial Services,West,R017,Parker Schmidt,Partner,Closed Lost,224000.0,2025-03-21,2025-07-26,2025-Q3,false,true,127,0.0,224000.0,0.0
O01754,A0144,Account 0144,Enterprise,Manufacturing,East,R020,Elliot Mori,Referral,Closed Lost,125500.0,2025-02-09,2025-07-11,2025-Q3,false,true,152,0.0,125500.0,0.0
O01755,A0259,Account 0259,SMB,Healthcare,Central,R018,Sawyer Walsh,Inbound,Closed Lost,13700.0,2025-02-12,2025-03-27,2025-Q1,false,true,43,0.0,13700.0,0.0
O01756,A0134,Account 0134,SMB,Retail,Central,R015,Rowan Andersen,Referral,Closed Lost,17200.0,2024-02-22,2024-03-22,2024-Q1,false,true,29,0.0,17200.0,0.0
O01757,A0303,Account 0303,SMB,Energy,Central,R012,Devon Costa,Partner,Closed Lost,10000.0,2024-02-24,2024-03-31,2024-Q1,false,true,36,0.0,10000.0,0.0
O01758,A0444,Account 0444,SMB,Healthcare,East,R005,Morgan Okafor,Outbound,Closed Lost,8300.0,2025-09-04,2025-10-06,2025-Q4,false,true,32,0.0,8300.0,0.0
O01759,A0491,Account 0491,SMB,Healthcare,East,R005,Morgan Okafor,Inbound,Closed Lost,5900.0,2024-12-26,2025-01-30,2025-Q1,false,true,35,0.0,5900.0,0.0
O01760,A0104,Account 0104,SMB,Technology,East,R008,Quinn Kim,Partner,Closed Lost,3900.0,2025-07-29,2025-08-29,2025-Q3,false,true,31,0.0,3900.0,0.0
O01761,A0381,Account 0381,SMB,Healthcare,West,R002,Jordan Patel,Outbound,Closed Lost,8000.0,2025-04-04,2025-05-13,2025-Q2,false,true,39,0.0,8000.0,0.0
O01762,A0335,Account 0335,Mid-Market,Education,East,R007,Casey Rossi,Event,Closed Lost,67700.0,2025-01-11,2025-03-03,2025-Q1,false,true,51,0.0,67700.0,0.0
O01763,A0500,Account 0500,Mid-Market,Education,East,R013,Hayden Novak,Partner,Closed Lost,59300.0,2025-06-10,2025-07-29,2025-Q3,false,true,49,0.0,59300.0,0.0
O01764,A0519,Account 0519,SMB,Manufacturing,Central,R005,Morgan Okafor,Partner,Closed Lost,8000.0,2024-06-06,2024-07-14,2024-Q3,false,true,38,0.0,8000.0,0.0
O01765,A0274,Account 0274,SMB,Education,East,R008,Quinn Kim,Outbound,Closed Lost,4400.0,2024-05-25,2024-06-20,2024-Q2,false,true,26,0.0,4400.0,0.0
O01766,A0043,Account 0043,SMB,Education,West,R002,Jordan Patel,Outbound,Closed Won,17300.0,2024-11-06,2024-11-20,2024-Q4,true,true,14,17300.0,0.0,0.0
O01767,A0428,Account 0428,Mid-Market,Manufacturing,Central,R004,Cameron Cohen,Inbound,Closed Lost,53200.0,2025-03-13,2025-07-06,2025-Q3,false,true,115,0.0,53200.0,0.0
O01768,A0068,Account 0068,Mid-Market,Retail,Central,R004,Cameron Cohen,Inbound,Closed Lost,63100.0,2024-02-08,2024-04-26,2024-Q2,false,true,78,0.0,63100.0,0.0
O01769,A0170,Account 0170,Enterprise,Healthcare,East,R020,Elliot Mori,Outbound,Closed Lost,294200.0,2024-04-26,2024-08-14,2024-Q3,false,true,110,0.0,294200.0,0.0
O01770,A0382,Account 0382,SMB,Healthcare,West,R018,Sawyer Walsh,Event,Closed Lost,11400.0,2024-09-21,2024-11-10,2024-Q4,false,true,50,0.0,11400.0,0.0
O01771,A0339,Account 0339,SMB,Energy,West,R024,Wren Park,Event,Closed Lost,10900.0,2025-11-11,2025-12-15,2025-Q4,false,true,34,0.0,10900.0,0.0
O01772,A0533,Account 0533,SMB,Financial Services,Central,R024,Wren Park,Event,Closed Won,14700.0,2024-10-12,2024-12-03,2024-Q4,true,true,52,14700.0,0.0,0.0
O01773,A0445,Account 0445,Enterprise,Healthcare,West,R020,Elliot Mori,Referral,Closed Lost,380800.0,2024-10-05,2025-03-28,2025-Q1,false,true,174,0.0,380800.0,0.0
O01774,A0415,Account 0415,SMB,Retail,East,R002,Jordan Patel,Event,Closed Won,15000.0,2025-08-28,2025-09-30,2025-Q3,true,true,33,15000.0,0.0,0.0
O01775,A0569,Account 0569,SMB,Healthcare,Central,R009,Drew Mbeki,Inbound,Closed Won,10000.0,2024-08-12,2024-09-10,2024-Q3,true,true,29,10000.0,0.0,0.0
O01776,A0556,Account 0556,Mid-Market,Technology,East,R016,Logan Reyes,Inbound,Closed Lost,64000.0,2025-01-06,2025-04-13,2025-Q2,false,true,97,0.0,64000.0,0.0
O01777,A0084,Account 0084,SMB,Technology,Central,R009,Drew Mbeki,Inbound,Closed Lost,10200.0,2024-06-15,2024-08-07,2024-Q3,false,true,53,0.0,10200.0,0.0
O01778,A0322,Account 0322,Enterprise,Education,East,R017,Parker Schmidt,Outbound,Closed Won,340800.0,2025-03-22,2025-10-01,2025-Q4,true,true,193,340800.0,0.0,0.0
O01779,A0032,Account 0032,SMB,Retail,Central,R012,Devon Costa,Referral,Closed Lost,7600.0,2025-01-14,2025-02-04,2025-Q1,false,true,21,0.0,7600.0,0.0
O01780,A0406,Account 0406,Mid-Market,Logistics,Central,R019,Blake Fischer,Inbound,Closed Won,44700.0,2024-08-07,2024-11-11,2024-Q4,true,true,96,44700.0,0.0,0.0
O01781,A0169,Account 0169,SMB,Education,East,R012,Devon Costa,Inbound,Closed Lost,7900.0,2024-06-12,2024-08-03,2024-Q3,false,true,52,0.0,7900.0,0.0
O01782,A0085,Account 0085,SMB,Retail,Central,R005,Morgan Okafor,Inbound,Closed Lost,11100.0,2024-01-09,2024-02-01,2024-Q1,false,true,23,0.0,11100.0,0.0
O01783,A0156,Account 0156,SMB,Energy,Central,R002,Jordan Patel,Referral,Closed Won,5700.0,2024-01-03,2024-02-16,2024-Q1,true,true,44,5700.0,0.0,0.0
O01784,A0376,Account 0376,Mid-Market,Manufacturing,West,R023,Tatum Adeyemi,Inbound,Closed Won,23400.0,2024-12-31,2025-04-28,2025-Q2,true,true,118,23400.0,0.0,0.0
O01785,A0103,Account 0103,Enterprise,Retail,West,R017,Parker Schmidt,Event,Closed Lost,396200.0,2025-08-19,2025-12-08,2025-Q4,false,true,111,0.0,396200.0,0.0
O01786,A0197,Account 0197,Mid-Market,Financial Services,West,R004,Cameron Cohen,Outbound,Closed Lost,24700.0,2025-02-04,2025-05-22,2025-Q2,false,true,107,0.0,24700.0,0.0
O01787,A0539,Account 0539,Enterprise,Healthcare,West,R017,Parker Schmidt,Inbound,Closed Lost,124400.0,2025-09-19,2026-02-28,2026-Q1,false,true,162,0.0,124400.0,0.0
O01788,A0528,Account 0528,Enterprise,Technology,Central,R017,Parker Schmidt,Event,Closed Won,300500.0,2025-05-23,2025-10-17,2025-Q4,true,true,147,300500.0,0.0,0.0
O01789,A0167,Account 0167,Enterprise,Financial Services,Central,R020,Elliot Mori,Partner,Closed Lost,384500.0,2025-04-08,2025-10-06,2025-Q4,false,true,181,0.0,384500.0,0.0
O01790,A0411,Account 0411,Mid-Market,Manufacturing,East,R013,Hayden Novak,Outbound,Closed Won,59300.0,2024-08-28,2024-11-20,2024-Q4,true,true,84,59300.0,0.0,0.0
O01791,A0159,Account 0159,SMB,Healthcare,Central,R002,Jordan Patel,Inbound,Closed Won,11800.0,2024-03-22,2024-04-08,2024-Q2,true,true,17,11800.0,0.0,0.0
O01792,A0460,Account 0460,SMB,Logistics,East,R008,Quinn Kim,Partner,Closed Lost,4100.0,2024-06-01,2024-07-31,2024-Q3,false,true,60,0.0,4100.0,0.0
O01793,A0594,Account 0594,SMB,Manufacturing,West,R009,Drew Mbeki,Partner,Closed Lost,9100.0,2025-05-08,2025-06-18,2025-Q2,false,true,41,0.0,9100.0,0.0
O01794,A0566,Account 0566,SMB,Retail,West,R022,Shay Volkov,Inbound,Closed Lost,6100.0,2024-11-05,2025-01-03,2025-Q1,false,true,59,0.0,6100.0,0.0
O01795,A0161,Account 0161,SMB,Logistics,Central,R015,Rowan Andersen,Event,Closed Won,4000.0,2024-07-15,2024-08-20,2024-Q3,true,true,36,4000.0,0.0,0.0
O01796,A0259,Account 0259,SMB,Healthcare,Central,R015,Rowan Andersen,Event,Closed Lost,10000.0,2024-07-10,2024-08-24,2024-Q3,false,true,45,0.0,10000.0,0.0
O01797,A0332,Account 0332,Enterprise,Retail,Central,R020,Elliot Mori,Partner,Closed Lost,318500.0,2024-05-16,2024-11-05,2024-Q4,false,true,173,0.0,318500.0,0.0
O01798,A0581,Account 0581,SMB,Healthcare,West,R008,Quinn Kim,Outbound,Closed Lost,17300.0,2024-01-08,2024-02-01,2024-Q1,false,true,24,0.0,17300.0,0.0
O01799,A0343,Account 0343,SMB,Retail,West,R008,Quinn Kim,Referral,Closed Lost,6600.0,2024-02-13,2024-03-06,2024-Q1,false,true,22,0.0,6600.0,0.0
O01800,A0208,Account 0208,SMB,Manufacturing,West,R008,Quinn Kim,Partner,Closed Lost,14600.0,2025-03-03,2025-03-19,2025-Q1,false,true,16,0.0,14600.0,0.0
O01801,A0382,Account 0382,SMB,Healthcare,West,R012,Devon Costa,Outbound,Closed Lost,10200.0,2024-01-03,2024-01-23,2024-Q1,false,true,20,0.0,10200.0,0.0
O01802,A0217,Account 0217,SMB,Education,Central,R008,Quinn Kim,Outbound,Closed Lost,12900.0,2024-12-06,2025-02-01,2025-Q1,false,true,57,0.0,12900.0,0.0
O01803,A0544,Account 0544,Mid-Market,Retail,Central,R013,Hayden Novak,Outbound,Closed Lost,56000.0,2025-06-25,2025-10-23,2025-Q4,false,true,120,0.0,56000.0,0.0
O01804,A0041,Account 0041,SMB,Education,West,R018,Sawyer Walsh,Outbound,Closed Lost,7400.0,2025-08-28,2025-10-16,2025-Q4,false,true,49,0.0,7400.0,0.0
O01805,A0292,Account 0292,SMB,Financial Services,Central,R012,Devon Costa,Inbound,Closed Lost,11800.0,2024-01-19,2024-02-28,2024-Q1,false,true,40,0.0,11800.0,0.0
O01806,A0428,Account 0428,Mid-Market,Manufacturing,Central,R014,Emerson Ibrahim,Outbound,Closed Lost,32300.0,2025-09-15,2026-01-11,2026-Q1,false,true,118,0.0,32300.0,0.0
O01807,A0308,Account 0308,SMB,Manufacturing,East,R024,Wren Park,Outbound,Closed Lost,13000.0,2024-02-09,2024-03-08,2024-Q1,false,true,28,0.0,13000.0,0.0
O01808,A0005,Account 0005,Enterprise,Energy,West,R017,Parker Schmidt,Outbound,Closed Lost,384600.0,2024-02-11,2024-07-06,2024-Q3,false,true,146,0.0,384600.0,0.0
O01809,A0441,Account 0441,SMB,Retail,Central,R002,Jordan Patel,Referral,Closed Lost,11000.0,2024-03-18,2024-04-18,2024-Q2,false,true,31,0.0,11000.0,0.0
O01810,A0017,Account 0017,Enterprise,Financial Services,West,R020,Elliot Mori,Outbound,Closed Lost,238900.0,2025-09-06,2025-12-18,2025-Q4,false,true,103,0.0,238900.0,0.0
O01811,A0119,Account 0119,SMB,Retail,Central,R009,Drew Mbeki,Partner,Closed Won,13900.0,2025-02-02,2025-03-23,2025-Q1,true,true,49,13900.0,0.0,0.0
O01812,A0015,Account 0015,SMB,Healthcare,East,R024,Wren Park,Outbound,Closed Won,7900.0,2025-03-15,2025-04-03,2025-Q2,true,true,19,7900.0,0.0,0.0
O01813,A0102,Account 0102,SMB,Technology,East,R008,Quinn Kim,Outbound,Closed Lost,12900.0,2024-09-21,2024-10-15,2024-Q4,false,true,24,0.0,12900.0,0.0
O01814,A0437,Account 0437,Enterprise,Energy,West,R017,Parker Schmidt,Inbound,Closed Lost,111200.0,2024-06-16,2024-12-15,2024-Q4,false,true,182,0.0,111200.0,0.0
O01815,A0556,Account 0556,Mid-Market,Technology,East,R016,Logan Reyes,Inbound,Closed Won,22700.0,2025-10-16,2025-12-08,2025-Q4,true,true,53,22700.0,0.0,0.0
O01816,A0004,Account 0004,SMB,Education,West,R009,Drew Mbeki,Outbound,Closed Won,17500.0,2024-03-08,2024-04-08,2024-Q2,true,true,31,17500.0,0.0,0.0
O01817,A0125,Account 0125,SMB,Energy,Central,R021,Marlowe Silva,Outbound,Closed Lost,10700.0,2025-07-01,2025-08-13,2025-Q3,false,true,43,0.0,10700.0,0.0
O01818,A0086,Account 0086,SMB,Logistics,Central,R012,Devon Costa,Outbound,Closed Lost,5600.0,2024-04-04,2024-05-10,2024-Q2,false,true,36,0.0,5600.0,0.0
O01819,A0257,Account 0257,SMB,Healthcare,Central,R002,Jordan Patel,Outbound,Closed Won,17900.0,2025-09-27,2025-10-16,2025-Q4,true,true,19,17900.0,0.0,0.0
O01820,A0535,Account 0535,SMB,Financial Services,East,R021,Marlowe Silva,Outbound,Closed Lost,17900.0,2024-07-17,2024-08-30,2024-Q3,false,true,44,0.0,17900.0,0.0
O01821,A0349,Account 0349,SMB,Healthcare,West,R015,Rowan Andersen,Outbound,Closed Lost,15100.0,2025-03-18,2025-04-07,2025-Q2,false,true,20,0.0,15100.0,0.0
O01822,A0172,Account 0172,Mid-Market,Financial Services,Central,R006,Taylor Larsson,Inbound,Negotiation,66000.0,2025-09-27,,2025-Q3,false,false,,0.0,0.0,66000.0
O01823,A0507,Account 0507,SMB,Logistics,East,R021,Marlowe Silva,Event,Closed Lost,7800.0,2025-04-13,2025-05-21,2025-Q2,false,true,38,0.0,7800.0,0.0
O01824,A0038,Account 0038,Enterprise,Retail,East,R020,Elliot Mori,Partner,Closed Won,262700.0,2024-07-11,2024-10-09,2024-Q4,true,true,90,262700.0,0.0,0.0
O01825,A0382,Account 0382,SMB,Healthcare,West,R024,Wren Park,Inbound,Closed Won,14200.0,2024-12-12,2025-01-21,2025-Q1,true,true,40,14200.0,0.0,0.0
O01826,A0475,Account 0475,SMB,Manufacturing,West,R005,Morgan Okafor,Inbound,Closed Lost,11900.0,2024-05-17,2024-06-06,2024-Q2,false,true,20,0.0,11900.0,0.0
O01827,A0140,Account 0140,SMB,Healthcare,Central,R018,Sawyer Walsh,Outbound,Closed Lost,17900.0,2025-05-21,2025-07-09,2025-Q3,false,true,49,0.0,17900.0,0.0
O01828,A0034,Account 0034,Mid-Market,Energy,West,R023,Tatum Adeyemi,Inbound,Closed Lost,37300.0,2024-11-20,2025-02-04,2025-Q1,false,true,76,0.0,37300.0,0.0
O01829,A0110,Account 0110,SMB,Energy,West,R002,Jordan Patel,Inbound,Closed Won,17500.0,2024-11-03,2024-12-29,2024-Q4,true,true,56,17500.0,0.0,0.0
O01830,A0389,Account 0389,Mid-Market,Retail,West,R004,Cameron Cohen,Referral,Closed Lost,70700.0,2024-10-14,2025-01-10,2025-Q1,false,true,88,0.0,70700.0,0.0
O01831,A0373,Account 0373,SMB,Logistics,Central,R005,Morgan Okafor,Inbound,Closed Lost,14100.0,2025-05-25,2025-06-27,2025-Q2,false,true,33,0.0,14100.0,0.0
O01832,A0292,Account 0292,SMB,Financial Services,Central,R012,Devon Costa,Outbound,Closed Won,4400.0,2024-07-08,2024-09-05,2024-Q3,true,true,59,4400.0,0.0,0.0
O01833,A0103,Account 0103,Enterprise,Retail,West,R020,Elliot Mori,Inbound,Closed Lost,391900.0,2024-04-26,2024-08-18,2024-Q3,false,true,114,0.0,391900.0,0.0
O01834,A0127,Account 0127,SMB,Healthcare,West,R008,Quinn Kim,Inbound,Closed Won,11700.0,2025-08-13,2025-09-09,2025-Q3,true,true,27,11700.0,0.0,0.0
O01835,A0319,Account 0319,SMB,Financial Services,Central,R021,Marlowe Silva,Outbound,Closed Lost,15200.0,2025-07-08,2025-07-27,2025-Q3,false,true,19,0.0,15200.0,0.0
O01836,A0560,Account 0560,SMB,Healthcare,Central,R011,Sky Haddad,Partner,Closed Lost,7500.0,2025-07-19,2025-09-13,2025-Q3,false,true,56,0.0,7500.0,0.0
O01837,A0042,Account 0042,Enterprise,Financial Services,West,R020,Elliot Mori,Inbound,Closed Lost,290500.0,2025-03-06,2025-06-27,2025-Q2,false,true,113,0.0,290500.0,0.0
O01838,A0071,Account 0071,Mid-Market,Education,Central,R003,Riley Garcia,Outbound,Closed Lost,24600.0,2025-08-25,2025-10-09,2025-Q4,false,true,45,0.0,24600.0,0.0
O01839,A0370,Account 0370,SMB,Technology,West,R015,Rowan Andersen,Outbound,Closed Lost,7000.0,2025-07-08,2025-07-28,2025-Q3,false,true,20,0.0,7000.0,0.0
O01840,A0254,Account 0254,Enterprise,Education,East,R017,Parker Schmidt,Partner,Closed Lost,139200.0,2024-12-08,2025-04-20,2025-Q2,false,true,133,0.0,139200.0,0.0
O01841,A0107,Account 0107,SMB,Education,East,R024,Wren Park,Inbound,Closed Lost,6300.0,2024-01-18,2024-03-02,2024-Q1,false,true,44,0.0,6300.0,0.0
O01842,A0522,Account 0522,SMB,Retail,Central,R009,Drew Mbeki,Outbound,Closed Lost,13200.0,2025-02-21,2025-03-07,2025-Q1,false,true,14,0.0,13200.0,0.0
O01843,A0193,Account 0193,SMB,Financial Services,Central,R018,Sawyer Walsh,Partner,Closed Won,3900.0,2025-07-14,2025-08-12,2025-Q3,true,true,29,3900.0,0.0,0.0
O01844,A0198,Account 0198,Enterprise,Financial Services,West,R020,Elliot Mori,Referral,Closed Lost,209400.0,2024-12-18,2025-04-21,2025-Q2,false,true,124,0.0,209400.0,0.0
O01845,A0295,Account 0295,Mid-Market,Financial Services,East,R007,Casey Rossi,Outbound,Closed Won,61800.0,2024-09-12,2024-11-11,2024-Q4,true,true,60,61800.0,0.0,0.0
O01846,A0002,Account 0002,Enterprise,Retail,East,R017,Parker Schmidt,Outbound,Closed Lost,319000.0,2025-02-19,2025-07-07,2025-Q3,false,true,138,0.0,319000.0,0.0
O01847,A0595,Account 0595,Enterprise,Logistics,East,R017,Parker Schmidt,Partner,Closed Won,122400.0,2025-11-18,2026-04-20,2026-Q2,true,true,153,122400.0,0.0,0.0
O01848,A0074,Account 0074,SMB,Retail,West,R024,Wren Park,Inbound,Closed Won,17500.0,2025-02-08,2025-03-02,2025-Q1,true,true,22,17500.0,0.0,0.0
O01849,A0003,Account 0003,SMB,Healthcare,Central,R024,Wren Park,Outbound,Closed Lost,4700.0,2024-08-03,2024-10-01,2024-Q4,false,true,59,0.0,4700.0,0.0
O01850,A0350,Account 0350,Mid-Market,Logistics,Central,R006,Taylor Larsson,Inbound,Closed Lost,27100.0,2025-04-02,2025-06-04,2025-Q2,false,true,63,0.0,27100.0,0.0
O01851,A0378,Account 0378,SMB,Financial Services,Central,R012,Devon Costa,Outbound,Closed Lost,12900.0,2025-02-24,2025-04-03,2025-Q2,false,true,38,0.0,12900.0,0.0
O01852,A0207,Account 0207,SMB,Retail,Central,R024,Wren Park,Partner,Closed Won,8800.0,2024-05-29,2024-06-25,2024-Q2,true,true,27,8800.0,0.0,0.0
O01853,A0249,Account 0249,SMB,Manufacturing,West,R018,Sawyer Walsh,Outbound,Closed Won,9600.0,2025-05-15,2025-06-15,2025-Q2,true,true,31,9600.0,0.0,0.0
O01854,A0163,Account 0163,SMB,Energy,East,R002,Jordan Patel,Inbound,Closed Won,10900.0,2024-03-02,2024-04-14,2024-Q2,true,true,43,10900.0,0.0,0.0
O01855,A0295,Account 0295,Mid-Market,Financial Services,East,R004,Cameron Cohen,Outbound,Closed Lost,29000.0,2024-10-17,2025-01-05,2025-Q1,false,true,80,0.0,29000.0,0.0
O01856,A0543,Account 0543,Enterprise,Manufacturing,West,R017,Parker Schmidt,Inbound,Proposal,191300.0,2025-08-23,,2025-Q3,false,false,,0.0,0.0,191300.0
O01857,A0489,Account 0489,SMB,Logistics,East,R015,Rowan Andersen,Inbound,Closed Lost,10200.0,2024-10-03,2024-10-27,2024-Q4,false,true,24,0.0,10200.0,0.0
O01858,A0241,Account 0241,Mid-Market,Technology,Central,R023,Tatum Adeyemi,Outbound,Closed Lost,31600.0,2025-05-12,2025-08-14,2025-Q3,false,true,94,0.0,31600.0,0.0
O01859,A0149,Account 0149,Mid-Market,Healthcare,East,R003,Riley Garcia,Inbound,Closed Lost,50400.0,2024-10-01,2025-01-01,2025-Q1,false,true,92,0.0,50400.0,0.0
O01860,A0529,Account 0529,Enterprise,Financial Services,West,R020,Elliot Mori,Inbound,Closed Lost,100100.0,2025-02-17,2025-05-23,2025-Q2,false,true,95,0.0,100100.0,0.0
O01861,A0290,Account 0290,Mid-Market,Logistics,West,R007,Casey Rossi,Referral,Closed Lost,71100.0,2024-09-07,2025-01-01,2025-Q1,false,true,116,0.0,71100.0,0.0
O01862,A0188,Account 0188,SMB,Technology,Central,R024,Wren Park,Inbound,Closed Lost,3100.0,2025-05-23,2025-07-09,2025-Q3,false,true,47,0.0,3100.0,0.0
O01863,A0568,Account 0568,Enterprise,Retail,West,R020,Elliot Mori,Event,Qualification,80500.0,2025-08-04,,2025-Q3,false,false,,0.0,0.0,80500.0
O01864,A0258,Account 0258,Enterprise,Financial Services,East,R020,Elliot Mori,Outbound,Closed Lost,281200.0,2025-08-23,2026-01-11,2026-Q1,false,true,141,0.0,281200.0,0.0
O01865,A0366,Account 0366,Mid-Market,Energy,East,R003,Riley Garcia,Inbound,Closed Lost,56700.0,2025-01-24,2025-05-09,2025-Q2,false,true,105,0.0,56700.0,0.0
O01866,A0345,Account 0345,Enterprise,Education,West,R020,Elliot Mori,Outbound,Closed Lost,250400.0,2025-04-27,2025-09-25,2025-Q3,false,true,151,0.0,250400.0,0.0
O01867,A0576,Account 0576,Enterprise,Financial Services,West,R017,Parker Schmidt,Outbound,Closed Won,260900.0,2024-03-19,2024-07-13,2024-Q3,true,true,116,260900.0,0.0,0.0
O01868,A0045,Account 0045,Mid-Market,Technology,East,R006,Taylor Larsson,Inbound,Closed Lost,51200.0,2025-04-23,2025-07-29,2025-Q3,false,true,97,0.0,51200.0,0.0
O01869,A0562,Account 0562,Mid-Market,Financial Services,West,R014,Emerson Ibrahim,Inbound,Closed Won,63800.0,2024-05-18,2024-07-30,2024-Q3,true,true,73,63800.0,0.0,0.0
O01870,A0263,Account 0263,SMB,Manufacturing,Central,R002,Jordan Patel,Outbound,Closed Won,4800.0,2025-08-24,2025-10-03,2025-Q4,true,true,40,4800.0,0.0,0.0
O01871,A0461,Account 0461,Mid-Market,Manufacturing,East,R006,Taylor Larsson,Inbound,Closed Lost,75300.0,2024-04-05,2024-07-02,2024-Q3,false,true,88,0.0,75300.0,0.0
O01872,A0257,Account 0257,SMB,Healthcare,Central,R022,Shay Volkov,Outbound,Closed Won,17100.0,2025-07-03,2025-08-26,2025-Q3,true,true,54,17100.0,0.0,0.0
O01873,A0284,Account 0284,Mid-Market,Financial Services,West,R016,Logan Reyes,Referral,Closed Lost,75400.0,2024-06-20,2024-08-04,2024-Q3,false,true,45,0.0,75400.0,0.0
O01874,A0422,Account 0422,SMB,Technology,Central,R012,Devon Costa,Outbound,Closed Won,10600.0,2024-04-12,2024-05-01,2024-Q2,true,true,19,10600.0,0.0,0.0
O01875,A0001,Account 0001,SMB,Retail,West,R015,Rowan Andersen,Inbound,Closed Lost,14300.0,2024-12-23,2025-01-28,2025-Q1,false,true,36,0.0,14300.0,0.0
O01876,A0100,Account 0100,Mid-Market,Retail,Central,R023,Tatum Adeyemi,Event,Closed Won,59400.0,2025-08-08,2025-09-24,2025-Q3,true,true,47,59400.0,0.0,0.0
O01877,A0240,Account 0240,SMB,Retail,Central,R002,Jordan Patel,Inbound,Closed Won,15400.0,2024-07-02,2024-07-28,2024-Q3,true,true,26,15400.0,0.0,0.0
O01878,A0063,Account 0063,SMB,Education,Central,R024,Wren Park,Partner,Closed Won,12300.0,2025-04-05,2025-05-03,2025-Q2,true,true,28,12300.0,0.0,0.0
O01879,A0210,Account 0210,Mid-Market,Healthcare,West,R010,Reese Dubois,Event,Closed Lost,69800.0,2025-10-04,2025-12-26,2025-Q4,false,true,83,0.0,69800.0,0.0
O01880,A0163,Account 0163,SMB,Energy,East,R018,Sawyer Walsh,Inbound,Closed Won,5600.0,2025-01-22,2025-02-05,2025-Q1,true,true,14,5600.0,0.0,0.0
O01881,A0431,Account 0431,Mid-Market,Healthcare,West,R003,Riley Garcia,Inbound,Closed Won,31100.0,2024-03-27,2024-05-31,2024-Q2,true,true,65,31100.0,0.0,0.0
O01882,A0235,Account 0235,SMB,Financial Services,West,R008,Quinn Kim,Partner,Closed Lost,10800.0,2024-09-29,2024-11-27,2024-Q4,false,true,59,0.0,10800.0,0.0
O01883,A0600,Account 0600,SMB,Healthcare,West,R012,Devon Costa,Partner,Closed Lost,15400.0,2025-04-08,2025-05-02,2025-Q2,false,true,24,0.0,15400.0,0.0
O01884,A0221,Account 0221,SMB,Education,East,R018,Sawyer Walsh,Inbound,Closed Lost,12200.0,2025-03-11,2025-04-05,2025-Q2,false,true,25,0.0,12200.0,0.0
O01885,A0267,Account 0267,SMB,Manufacturing,Central,R022,Shay Volkov,Inbound,Closed Lost,15000.0,2024-08-07,2024-10-06,2024-Q4,false,true,60,0.0,15000.0,0.0
O01886,A0303,Account 0303,SMB,Energy,Central,R015,Rowan Andersen,Inbound,Closed Lost,16900.0,2025-07-02,2025-08-14,2025-Q3,false,true,43,0.0,16900.0,0.0
O01887,A0130,Account 0130,SMB,Logistics,Central,R002,Jordan Patel,Outbound,Closed Lost,11000.0,2024-08-23,2024-10-20,2024-Q4,false,true,58,0.0,11000.0,0.0
O01888,A0405,Account 0405,SMB,Healthcare,East,R024,Wren Park,Outbound,Closed Won,14100.0,2025-08-17,2025-10-15,2025-Q4,true,true,59,14100.0,0.0,0.0
O01889,A0552,Account 0552,Mid-Market,Manufacturing,Central,R006,Taylor Larsson,Outbound,Closed Lost,74300.0,2024-05-09,2024-07-23,2024-Q3,false,true,75,0.0,74300.0,0.0
O01890,A0076,Account 0076,SMB,Logistics,Central,R009,Drew Mbeki,Inbound,Closed Lost,4300.0,2025-07-05,2025-08-23,2025-Q3,false,true,49,0.0,4300.0,0.0
O01891,A0268,Account 0268,Mid-Market,Manufacturing,East,R010,Reese Dubois,Outbound,Closed Won,69300.0,2025-07-16,2025-09-16,2025-Q3,true,true,62,69300.0,0.0,0.0
O01892,A0211,Account 0211,Mid-Market,Financial Services,East,R004,Cameron Cohen,Inbound,Closed Lost,50100.0,2024-08-13,2024-10-08,2024-Q4,false,true,56,0.0,50100.0,0.0
O01893,A0560,Account 0560,SMB,Healthcare,Central,R005,Morgan Okafor,Event,Closed Won,5500.0,2024-11-25,2025-01-07,2025-Q1,true,true,43,5500.0,0.0,0.0
O01894,A0031,Account 0031,Mid-Market,Healthcare,West,R001,Avery Nguyen,Event,Closed Lost,66100.0,2024-01-12,2024-02-29,2024-Q1,false,true,48,0.0,66100.0,0.0
O01895,A0032,Account 0032,SMB,Retail,Central,R005,Morgan Okafor,Outbound,Closed Lost,14400.0,2024-11-26,2024-12-20,2024-Q4,false,true,24,0.0,14400.0,0.0
O01896,A0085,Account 0085,SMB,Retail,Central,R009,Drew Mbeki,Partner,Closed Lost,9600.0,2025-05-07,2025-05-27,2025-Q2,false,true,20,0.0,9600.0,0.0
O01897,A0059,Account 0059,SMB,Retail,West,R024,Wren Park,Inbound,Closed Lost,13800.0,2025-09-11,2025-09-26,2025-Q3,false,true,15,0.0,13800.0,0.0
O01898,A0118,Account 0118,SMB,Energy,Central,R021,Marlowe Silva,Inbound,Closed Won,14300.0,2025-10-23,2025-11-24,2025-Q4,true,true,32,14300.0,0.0,0.0
O01899,A0152,Account 0152,SMB,Energy,West,R022,Shay Volkov,Event,Closed Won,11100.0,2025-11-15,2026-01-04,2026-Q1,true,true,50,11100.0,0.0,0.0
O01900,A0155,Account 0155,Mid-Market,Energy,East,R004,Cameron Cohen,Outbound,Closed Won,56500.0,2024-10-22,2025-02-08,2025-Q1,true,true,109,56500.0,0.0,0.0
O01901,A0042,Account 0042,Enterprise,Financial Services,West,R020,Elliot Mori,Partner,Closed Won,94100.0,2025-04-23,2025-07-28,2025-Q3,true,true,96,94100.0,0.0,0.0
O01902,A0252,Account 0252,SMB,Manufacturing,East,R015,Rowan Andersen,Outbound,Closed Lost,8100.0,2024-12-19,2025-02-11,2025-Q1,false,true,54,0.0,8100.0,0.0
O01903,A0543,Account 0543,Enterprise,Manufacturing,West,R017,Parker Schmidt,Inbound,Closed Lost,260200.0,2025-02-18,2025-08-23,2025-Q3,false,true,186,0.0,260200.0,0.0
O01904,A0276,Account 0276,Mid-Market,Healthcare,Central,R016,Logan Reyes,Inbound,Closed Won,40900.0,2024-08-21,2024-11-15,2024-Q4,true,true,86,40900.0,0.0,0.0
O01905,A0175,Account 0175,Mid-Market,Manufacturing,West,R019,Blake Fischer,Outbound,Closed Won,52300.0,2025-01-19,2025-03-10,2025-Q1,true,true,50,52300.0,0.0,0.0
O01906,A0417,Account 0417,Mid-Market,Energy,East,R006,Taylor Larsson,Outbound,Closed Lost,55300.0,2024-09-03,2024-12-09,2024-Q4,false,true,97,0.0,55300.0,0.0
O01907,A0364,Account 0364,Mid-Market,Financial Services,West,R001,Avery Nguyen,Inbound,Prospecting,29500.0,2025-10-01,,2025-Q4,false,false,,0.0,0.0,29500.0
O01908,A0402,Account 0402,Mid-Market,Manufacturing,West,R007,Casey Rossi,Partner,Closed Lost,73200.0,2025-06-25,2025-08-24,2025-Q3,false,true,60,0.0,73200.0,0.0
O01909,A0268,Account 0268,Mid-Market,Manufacturing,East,R023,Tatum Adeyemi,Event,Closed Lost,51900.0,2024-09-21,2024-11-27,2024-Q4,false,true,67,0.0,51900.0,0.0
O01910,A0255,Account 0255,SMB,Energy,East,R021,Marlowe Silva,Partner,Closed Won,13800.0,2024-07-17,2024-08-24,2024-Q3,true,true,38,13800.0,0.0,0.0
O01911,A0410,Account 0410,SMB,Logistics,Central,R011,Sky Haddad,Outbound,Closed Won,13100.0,2024-09-05,2024-09-28,2024-Q3,true,true,23,13100.0,0.0,0.0
O01912,A0303,Account 0303,SMB,Energy,Central,R008,Quinn Kim,Inbound,Closed Lost,12700.0,2025-06-18,2025-08-07,2025-Q3,false,true,50,0.0,12700.0,0.0
O01913,A0305,Account 0305,SMB,Education,Central,R008,Quinn Kim,Inbound,Closed Lost,16200.0,2024-01-22,2024-02-20,2024-Q1,false,true,29,0.0,16200.0,0.0
O01914,A0542,Account 0542,SMB,Education,Central,R015,Rowan Andersen,Inbound,Closed Lost,7600.0,2024-08-07,2024-08-27,2024-Q3,false,true,20,0.0,7600.0,0.0
O01915,A0042,Account 0042,Enterprise,Financial Services,West,R020,Elliot Mori,Outbound,Closed Lost,130100.0,2024-10-25,2025-05-02,2025-Q2,false,true,189,0.0,130100.0,0.0
O01916,A0298,Account 0298,SMB,Financial Services,East,R002,Jordan Patel,Outbound,Closed Lost,14800.0,2024-07-10,2024-08-18,2024-Q3,false,true,39,0.0,14800.0,0.0
O01917,A0557,Account 0557,Enterprise,Retail,East,R017,Parker Schmidt,Inbound,Closed Lost,386900.0,2024-10-27,2025-03-15,2025-Q1,false,true,139,0.0,386900.0,0.0
O01918,A0087,Account 0087,SMB,Retail,Central,R018,Sawyer Walsh,Inbound,Closed Won,9200.0,2025-01-21,2025-02-23,2025-Q1,true,true,33,9200.0,0.0,0.0
O01919,A0590,Account 0590,SMB,Healthcare,West,R021,Marlowe Silva,Outbound,Closed Lost,14600.0,2025-06-01,2025-06-16,2025-Q2,false,true,15,0.0,14600.0,0.0
O01920,A0570,Account 0570,Mid-Market,Financial Services,West,R016,Logan Reyes,Partner,Closed Lost,69500.0,2025-06-15,2025-08-21,2025-Q3,false,true,67,0.0,69500.0,0.0
O01921,A0138,Account 0138,Mid-Market,Technology,Central,R014,Emerson Ibrahim,Inbound,Closed Lost,59800.0,2025-09-16,2025-11-07,2025-Q4,false,true,52,0.0,59800.0,0.0
O01922,A0059,Account 0059,SMB,Retail,West,R011,Sky Haddad,Event,Closed Won,16700.0,2024-09-01,2024-09-28,2024-Q3,true,true,27,16700.0,0.0,0.0
O01923,A0364,Account 0364,Mid-Market,Financial Services,West,R006,Taylor Larsson,Inbound,Closed Lost,54400.0,2025-06-22,2025-09-07,2025-Q3,false,true,77,0.0,54400.0,0.0
O01924,A0228,Account 0228,SMB,Technology,East,R008,Quinn Kim,Outbound,Closed Lost,4400.0,2024-04-14,2024-05-03,2024-Q2,false,true,19,0.0,4400.0,0.0
O01925,A0127,Account 0127,SMB,Healthcare,West,R021,Marlowe Silva,Inbound,Closed Won,17600.0,2024-02-19,2024-04-11,2024-Q2,true,true,52,17600.0,0.0,0.0
O01926,A0203,Account 0203,SMB,Education,West,R018,Sawyer Walsh,Inbound,Closed Lost,9100.0,2024-08-09,2024-08-31,2024-Q3,false,true,22,0.0,9100.0,0.0
O01927,A0417,Account 0417,Mid-Market,Energy,East,R001,Avery Nguyen,Outbound,Closed Lost,74900.0,2024-03-19,2024-05-13,2024-Q2,false,true,55,0.0,74900.0,0.0
O01928,A0336,Account 0336,SMB,Technology,East,R015,Rowan Andersen,Event,Closed Lost,17400.0,2024-04-07,2024-05-20,2024-Q2,false,true,43,0.0,17400.0,0.0
O01929,A0538,Account 0538,SMB,Manufacturing,East,R002,Jordan Patel,Event,Closed Won,6100.0,2024-01-11,2024-02-05,2024-Q1,true,true,25,6100.0,0.0,0.0
O01930,A0110,Account 0110,SMB,Energy,West,R012,Devon Costa,Outbound,Closed Lost,11200.0,2025-02-28,2025-03-21,2025-Q1,false,true,21,0.0,11200.0,0.0
O01931,A0014,Account 0014,SMB,Retail,West,R009,Drew Mbeki,Inbound,Closed Lost,10100.0,2025-01-21,2025-02-25,2025-Q1,false,true,35,0.0,10100.0,0.0
O01932,A0291,Account 0291,SMB,Retail,Central,R022,Shay Volkov,Event,Closed Lost,16600.0,2024-05-02,2024-07-01,2024-Q3,false,true,60,0.0,16600.0,0.0
O01933,A0219,Account 0219,Mid-Market,Retail,Central,R013,Hayden Novak,Inbound,Closed Won,26300.0,2025-01-11,2025-04-10,2025-Q2,true,true,89,26300.0,0.0,0.0
O01934,A0073,Account 0073,SMB,Education,West,R005,Morgan Okafor,Outbound,Closed Won,14600.0,2025-06-22,2025-08-15,2025-Q3,true,true,54,14600.0,0.0,0.0
O01935,A0232,Account 0232,Mid-Market,Logistics,West,R006,Taylor Larsson,Outbound,Closed Lost,47600.0,2025-02-10,2025-06-02,2025-Q2,false,true,112,0.0,47600.0,0.0
O01936,A0418,Account 0418,SMB,Healthcare,Central,R009,Drew Mbeki,Outbound,Closed Won,5400.0,2024-06-23,2024-08-22,2024-Q3,true,true,60,5400.0,0.0,0.0
O01937,A0152,Account 0152,SMB,Energy,West,R005,Morgan Okafor,Inbound,Closed Lost,7100.0,2024-09-02,2024-10-14,2024-Q4,false,true,42,0.0,7100.0,0.0
O01938,A0262,Account 0262,SMB,Retail,East,R002,Jordan Patel,Partner,Closed Lost,10800.0,2024-10-28,2024-11-19,2024-Q4,false,true,22,0.0,10800.0,0.0
O01939,A0376,Account 0376,Mid-Market,Manufacturing,West,R023,Tatum Adeyemi,Outbound,Closed Lost,32700.0,2024-01-22,2024-04-19,2024-Q2,false,true,88,0.0,32700.0,0.0
O01940,A0048,Account 0048,Mid-Market,Technology,East,R016,Logan Reyes,Event,Closed Lost,64300.0,2024-04-08,2024-06-06,2024-Q2,false,true,59,0.0,64300.0,0.0
O01941,A0044,Account 0044,SMB,Technology,East,R009,Drew Mbeki,Outbound,Closed Lost,16300.0,2024-02-26,2024-04-13,2024-Q2,false,true,47,0.0,16300.0,0.0
O01942,A0091,Account 0091,SMB,Logistics,Central,R002,Jordan Patel,Referral,Closed Won,13300.0,2025-01-30,2025-02-22,2025-Q1,true,true,23,13300.0,0.0,0.0
O01943,A0218,Account 0218,SMB,Logistics,West,R005,Morgan Okafor,Inbound,Closed Lost,6800.0,2024-06-28,2024-07-25,2024-Q3,false,true,27,0.0,6800.0,0.0
O01944,A0441,Account 0441,SMB,Retail,Central,R021,Marlowe Silva,Partner,Closed Won,9500.0,2025-07-17,2025-08-11,2025-Q3,true,true,25,9500.0,0.0,0.0
O01945,A0497,Account 0497,SMB,Energy,East,R015,Rowan Andersen,Referral,Closed Lost,16500.0,2025-07-28,2025-09-21,2025-Q3,false,true,55,0.0,16500.0,0.0
O01946,A0271,Account 0271,SMB,Education,Central,R011,Sky Haddad,Inbound,Closed Lost,6600.0,2024-02-11,2024-03-03,2024-Q1,false,true,21,0.0,6600.0,0.0
O01947,A0541,Account 0541,SMB,Manufacturing,East,R018,Sawyer Walsh,Partner,Closed Lost,7500.0,2024-07-17,2024-08-21,2024-Q3,false,true,35,0.0,7500.0,0.0
O01948,A0564,Account 0564,Mid-Market,Logistics,Central,R016,Logan Reyes,Outbound,Closed Won,20900.0,2024-05-19,2024-08-24,2024-Q3,true,true,97,20900.0,0.0,0.0
O01949,A0128,Account 0128,Enterprise,Financial Services,West,R017,Parker Schmidt,Outbound,Closed Lost,224500.0,2024-04-14,2024-10-15,2024-Q4,false,true,184,0.0,224500.0,0.0
O01950,A0049,Account 0049,SMB,Logistics,Central,R021,Marlowe Silva,Inbound,Closed Won,11700.0,2025-01-12,2025-03-03,2025-Q1,true,true,50,11700.0,0.0,0.0
O01951,A0588,Account 0588,Mid-Market,Healthcare,Central,R004,Cameron Cohen,Inbound,Closed Lost,79500.0,2024-01-17,2024-04-28,2024-Q2,false,true,102,0.0,79500.0,0.0
O01952,A0587,Account 0587,SMB,Logistics,West,R022,Shay Volkov,Outbound,Closed Lost,14500.0,2025-10-02,2025-11-11,2025-Q4,false,true,40,0.0,14500.0,0.0
O01953,A0304,Account 0304,SMB,Education,West,R021,Marlowe Silva,Partner,Closed Lost,14400.0,2025-10-19,2025-12-10,2025-Q4,false,true,52,0.0,14400.0,0.0
O01954,A0468,Account 0468,Mid-Market,Manufacturing,East,R003,Riley Garcia,Outbound,Closed Lost,27000.0,2025-06-18,2025-09-08,2025-Q3,false,true,82,0.0,27000.0,0.0
O01955,A0583,Account 0583,Mid-Market,Technology,Central,R006,Taylor Larsson,Event,Closed Lost,53100.0,2024-05-30,2024-08-25,2024-Q3,false,true,87,0.0,53100.0,0.0
O01956,A0318,Account 0318,SMB,Financial Services,West,R022,Shay Volkov,Inbound,Closed Lost,17300.0,2025-09-25,2025-10-21,2025-Q4,false,true,26,0.0,17300.0,0.0
O01957,A0229,Account 0229,Mid-Market,Healthcare,East,R007,Casey Rossi,Referral,Closed Lost,43100.0,2024-05-24,2024-09-01,2024-Q3,false,true,100,0.0,43100.0,0.0
O01958,A0418,Account 0418,SMB,Healthcare,Central,R022,Shay Volkov,Inbound,Closed Lost,10100.0,2024-01-24,2024-03-13,2024-Q1,false,true,49,0.0,10100.0,0.0
O01959,A0428,Account 0428,Mid-Market,Manufacturing,Central,R001,Avery Nguyen,Referral,Closed Won,28800.0,2025-10-19,2026-01-28,2026-Q1,true,true,101,28800.0,0.0,0.0
O01960,A0234,Account 0234,SMB,Education,West,R021,Marlowe Silva,Referral,Closed Lost,7900.0,2025-09-13,2025-10-11,2025-Q4,false,true,28,0.0,7900.0,0.0
O01961,A0250,Account 0250,SMB,Retail,Central,R021,Marlowe Silva,Event,Closed Lost,16500.0,2024-05-21,2024-07-16,2024-Q3,false,true,56,0.0,16500.0,0.0
O01962,A0292,Account 0292,SMB,Financial Services,Central,R002,Jordan Patel,Inbound,Closed Won,16300.0,2024-12-18,2025-01-27,2025-Q1,true,true,40,16300.0,0.0,0.0
O01963,A0580,Account 0580,Enterprise,Education,Central,R020,Elliot Mori,Inbound,Closed Lost,255800.0,2024-12-15,2025-03-22,2025-Q1,false,true,97,0.0,255800.0,0.0
O01964,A0368,Account 0368,SMB,Education,West,R021,Marlowe Silva,Outbound,Closed Won,9500.0,2025-11-23,2025-12-16,2025-Q4,true,true,23,9500.0,0.0,0.0
O01965,A0388,Account 0388,SMB,Manufacturing,West,R012,Devon Costa,Inbound,Closed Lost,4100.0,2025-02-20,2025-04-15,2025-Q2,false,true,54,0.0,4100.0,0.0
O01966,A0494,Account 0494,Mid-Market,Manufacturing,Central,R013,Hayden Novak,Inbound,Closed Lost,65500.0,2024-04-10,2024-06-12,2024-Q2,false,true,63,0.0,65500.0,0.0
O01967,A0345,Account 0345,Enterprise,Education,West,R017,Parker Schmidt,Inbound,Closed Lost,328700.0,2024-09-14,2025-01-31,2025-Q1,false,true,139,0.0,328700.0,0.0
O01968,A0319,Account 0319,SMB,Financial Services,Central,R021,Marlowe Silva,Event,Closed Lost,16500.0,2024-10-05,2024-11-28,2024-Q4,false,true,54,0.0,16500.0,0.0
O01969,A0169,Account 0169,SMB,Education,East,R018,Sawyer Walsh,Outbound,Closed Lost,3100.0,2024-08-17,2024-08-31,2024-Q3,false,true,14,0.0,3100.0,0.0
O01970,A0401,Account 0401,SMB,Financial Services,West,R015,Rowan Andersen,Outbound,Closed Lost,4800.0,2024-03-05,2024-03-22,2024-Q1,false,true,17,0.0,4800.0,0.0
O01971,A0207,Account 0207,SMB,Retail,Central,R005,Morgan Okafor,Event,Closed Lost,5900.0,2024-03-24,2024-05-19,2024-Q2,false,true,56,0.0,5900.0,0.0
O01972,A0027,Account 0027,SMB,Healthcare,East,R002,Jordan Patel,Inbound,Closed Lost,10900.0,2024-03-08,2024-04-15,2024-Q2,false,true,38,0.0,10900.0,0.0
O01973,A0301,Account 0301,Mid-Market,Financial Services,East,R023,Tatum Adeyemi,Outbound,Closed Lost,71200.0,2025-09-13,2025-11-06,2025-Q4,false,true,54,0.0,71200.0,0.0
O01974,A0182,Account 0182,Enterprise,Technology,West,R017,Parker Schmidt,Partner,Qualification,285500.0,2025-08-19,,2025-Q3,false,false,,0.0,0.0,285500.0
O01975,A0277,Account 0277,SMB,Energy,East,R002,Jordan Patel,Inbound,Closed Won,9600.0,2025-05-22,2025-07-03,2025-Q3,true,true,42,9600.0,0.0,0.0
O01976,A0460,Account 0460,SMB,Logistics,East,R008,Quinn Kim,Outbound,Closed Lost,13100.0,2025-02-16,2025-03-28,2025-Q1,false,true,40,0.0,13100.0,0.0
O01977,A0569,Account 0569,SMB,Healthcare,Central,R005,Morgan Okafor,Outbound,Closed Lost,12400.0,2025-05-18,2025-07-17,2025-Q3,false,true,60,0.0,12400.0,0.0
O01978,A0049,Account 0049,SMB,Logistics,Central,R008,Quinn Kim,Event,Closed Won,17000.0,2025-08-01,2025-09-28,2025-Q3,true,true,58,17000.0,0.0,0.0
O01979,A0024,Account 0024,SMB,Retail,Central,R015,Rowan Andersen,Inbound,Closed Won,11000.0,2025-06-20,2025-08-16,2025-Q3,true,true,57,11000.0,0.0,0.0
O01980,A0208,Account 0208,SMB,Manufacturing,West,R018,Sawyer Walsh,Inbound,Closed Lost,17100.0,2024-08-25,2024-09-13,2024-Q3,false,true,19,0.0,17100.0,0.0
O01981,A0176,Account 0176,Enterprise,Retail,Central,R017,Parker Schmidt,Inbound,Closed Lost,114800.0,2024-12-19,2025-06-29,2025-Q2,false,true,192,0.0,114800.0,0.0
O01982,A0011,Account 0011,Enterprise,Technology,East,R017,Parker Schmidt,Outbound,Closed Won,105200.0,2024-06-17,2024-10-11,2024-Q4,true,true,116,105200.0,0.0,0.0
O01983,A0225,Account 0225,Enterprise,Logistics,East,R020,Elliot Mori,Outbound,Closed Lost,393500.0,2024-08-31,2025-04-09,2025-Q2,false,true,221,0.0,393500.0,0.0
O01984,A0560,Account 0560,SMB,Healthcare,Central,R022,Shay Volkov,Inbound,Closed Won,4800.0,2024-12-19,2025-01-26,2025-Q1,true,true,38,4800.0,0.0,0.0
O01985,A0559,Account 0559,SMB,Financial Services,West,R011,Sky Haddad,Inbound,Closed Lost,11900.0,2024-11-10,2024-12-10,2024-Q4,false,true,30,0.0,11900.0,0.0
O01986,A0593,Account 0593,Mid-Market,Logistics,West,R010,Reese Dubois,Inbound,Closed Lost,71600.0,2024-02-18,2024-04-21,2024-Q2,false,true,63,0.0,71600.0,0.0
O01987,A0097,Account 0097,SMB,Education,West,R015,Rowan Andersen,Inbound,Closed Won,17900.0,2024-10-09,2024-11-10,2024-Q4,true,true,32,17900.0,0.0,0.0
O01988,A0257,Account 0257,SMB,Healthcare,Central,R005,Morgan Okafor,Referral,Closed Lost,11000.0,2025-02-11,2025-03-27,2025-Q1,false,true,44,0.0,11000.0,0.0
O01989,A0512,Account 0512,SMB,Energy,East,R024,Wren Park,Event,Closed Won,16700.0,2025-06-09,2025-07-03,2025-Q3,true,true,24,16700.0,0.0,0.0
O01990,A0095,Account 0095,SMB,Education,Central,R018,Sawyer Walsh,Inbound,Closed Won,15400.0,2025-08-26,2025-10-13,2025-Q4,true,true,48,15400.0,0.0,0.0
O01991,A0532,Account 0532,Mid-Market,Technology,East,R013,Hayden Novak,Outbound,Closed Lost,51900.0,2024-06-24,2024-10-20,2024-Q4,false,true,118,0.0,51900.0,0.0
O01992,A0449,Account 0449,SMB,Technology,West,R009,Drew Mbeki,Event,Closed Lost,16100.0,2025-03-12,2025-04-09,2025-Q2,false,true,28,0.0,16100.0,0.0
O01993,A0528,Account 0528,Enterprise,Technology,Central,R017,Parker Schmidt,Outbound,Closed Lost,210700.0,2025-07-10,2025-12-28,2025-Q4,false,true,171,0.0,210700.0,0.0
O01994,A0024,Account 0024,SMB,Retail,Central,R018,Sawyer Walsh,Partner,Closed Lost,13800.0,2025-08-25,2025-10-12,2025-Q4,false,true,48,0.0,13800.0,0.0
O01995,A0122,Account 0122,SMB,Technology,West,R018,Sawyer Walsh,Outbound,Closed Lost,3900.0,2025-05-04,2025-07-01,2025-Q3,false,true,58,0.0,3900.0,0.0
O01996,A0415,Account 0415,SMB,Retail,East,R021,Marlowe Silva,Outbound,Closed Won,8500.0,2024-05-30,2024-06-13,2024-Q2,true,true,14,8500.0,0.0,0.0
O01997,A0087,Account 0087,SMB,Retail,Central,R024,Wren Park,Partner,Closed Lost,6400.0,2024-06-24,2024-07-19,2024-Q3,false,true,25,0.0,6400.0,0.0
O01998,A0089,Account 0089,Enterprise,Technology,Central,R020,Elliot Mori,Referral,Closed Lost,84700.0,2025-11-26,2026-05-28,2026-Q2,false,true,183,0.0,84700.0,0.0
O01999,A0272,Account 0272,Enterprise,Energy,West,R020,Elliot Mori,Event,Closed Lost,314400.0,2025-08-06,2025-12-12,2025-Q4,false,true,128,0.0,314400.0,0.0
O02000,A0179,Account 0179,SMB,Education,East,R005,Morgan Okafor,Outbound,Closed Lost,7900.0,2025-08-07,2025-08-29,2025-Q3,false,true,22,0.0,7900.0,0.0
O02001,A0041,Account 0041,SMB,Education,West,R021,Marlowe Silva,Outbound,Closed Won,14600.0,2025-08-27,2025-10-14,2025-Q4,true,true,48,14600.0,0.0,0.0
O02002,A0555,Account 0555,SMB,Financial Services,West,R011,Sky Haddad,Referral,Closed Won,17300.0,2025-07-13,2025-07-28,2025-Q3,true,true,15,17300.0,0.0,0.0
O02003,A0339,Account 0339,SMB,Energy,West,R002,Jordan Patel,Outbound,Closed Lost,13900.0,2025-09-11,2025-11-08,2025-Q4,false,true,58,0.0,13900.0,0.0
O02004,A0257,Account 0257,SMB,Healthcare,Central,R021,Marlowe Silva,Inbound,Closed Lost,4900.0,2024-10-25,2024-12-19,2024-Q4,false,true,55,0.0,4900.0,0.0
O02005,A0525,Account 0525,SMB,Education,East,R021,Marlowe Silva,Outbound,Closed Won,12700.0,2025-10-06,2025-10-24,2025-Q4,true,true,18,12700.0,0.0,0.0
O02006,A0559,Account 0559,SMB,Financial Services,West,R021,Marlowe Silva,Outbound,Closed Lost,13400.0,2025-04-13,2025-04-29,2025-Q2,false,true,16,0.0,13400.0,0.0
O02007,A0184,Account 0184,Mid-Market,Retail,East,R006,Taylor Larsson,Outbound,Closed Lost,45700.0,2025-07-11,2025-10-15,2025-Q4,false,true,96,0.0,45700.0,0.0
O02008,A0192,Account 0192,Mid-Market,Logistics,East,R001,Avery Nguyen,Inbound,Closed Lost,35000.0,2025-09-22,2026-01-02,2026-Q1,false,true,102,0.0,35000.0,0.0
O02009,A0473,Account 0473,SMB,Financial Services,East,R018,Sawyer Walsh,Event,Closed Lost,10400.0,2025-09-17,2025-11-04,2025-Q4,false,true,48,0.0,10400.0,0.0
O02010,A0589,Account 0589,SMB,Technology,West,R015,Rowan Andersen,Event,Closed Won,13800.0,2025-06-01,2025-07-16,2025-Q3,true,true,45,13800.0,0.0,0.0
O02011,A0328,Account 0328,SMB,Logistics,Central,R021,Marlowe Silva,Event,Closed Lost,10400.0,2025-08-13,2025-09-08,2025-Q3,false,true,26,0.0,10400.0,0.0
O02012,A0545,Account 0545,SMB,Retail,Central,R012,Devon Costa,Event,Closed Lost,3000.0,2025-11-28,2026-01-14,2026-Q1,false,true,47,0.0,3000.0,0.0
O02013,A0378,Account 0378,SMB,Financial Services,Central,R002,Jordan Patel,Partner,Closed Lost,13000.0,2024-10-02,2024-10-17,2024-Q4,false,true,15,0.0,13000.0,0.0
O02014,A0400,Account 0400,Enterprise,Financial Services,East,R020,Elliot Mori,Inbound,Prospecting,299400.0,2025-09-26,,2025-Q3,false,false,,0.0,0.0,299400.0
O02015,A0555,Account 0555,SMB,Financial Services,West,R008,Quinn Kim,Outbound,Closed Won,7000.0,2024-12-16,2025-01-22,2025-Q1,true,true,37,7000.0,0.0,0.0
O02016,A0472,Account 0472,Mid-Market,Education,Central,R019,Blake Fischer,Outbound,Closed Lost,26700.0,2025-02-07,2025-04-18,2025-Q2,false,true,70,0.0,26700.0,0.0
O02017,A0191,Account 0191,SMB,Financial Services,West,R024,Wren Park,Partner,Closed Lost,17300.0,2024-09-09,2024-11-02,2024-Q4,false,true,54,0.0,17300.0,0.0
O02018,A0276,Account 0276,Mid-Market,Healthcare,Central,R013,Hayden Novak,Outbound,Closed Lost,51900.0,2024-08-15,2024-10-23,2024-Q4,false,true,69,0.0,51900.0,0.0
O02019,A0106,Account 0106,SMB,Education,West,R012,Devon Costa,Referral,Closed Lost,6900.0,2025-02-18,2025-03-14,2025-Q1,false,true,24,0.0,6900.0,0.0
O02020,A0192,Account 0192,Mid-Market,Logistics,East,R016,Logan Reyes,Outbound,Closed Lost,29000.0,2024-12-11,2025-03-27,2025-Q1,false,true,106,0.0,29000.0,0.0
O02021,A0590,Account 0590,SMB,Healthcare,West,R008,Quinn Kim,Outbound,Closed Lost,6300.0,2025-02-17,2025-04-09,2025-Q2,false,true,51,0.0,6300.0,0.0
O02022,A0379,Account 0379,SMB,Manufacturing,West,R005,Morgan Okafor,Outbound,Closed Lost,4600.0,2024-08-16,2024-10-01,2024-Q4,false,true,46,0.0,4600.0,0.0
O02023,A0027,Account 0027,SMB,Healthcare,East,R024,Wren Park,Event,Closed Lost,6900.0,2025-05-16,2025-07-02,2025-Q3,false,true,47,0.0,6900.0,0.0
O02024,A0333,Account 0333,SMB,Technology,West,R002,Jordan Patel,Inbound,Closed Lost,14300.0,2025-09-16,2025-10-20,2025-Q4,false,true,34,0.0,14300.0,0.0
O02025,A0268,Account 0268,Mid-Market,Manufacturing,East,R006,Taylor Larsson,Event,Closed Lost,37000.0,2024-01-08,2024-03-17,2024-Q1,false,true,69,0.0,37000.0,0.0
O02026,A0525,Account 0525,SMB,Education,East,R022,Shay Volkov,Inbound,Closed Lost,16700.0,2024-03-17,2024-04-07,2024-Q2,false,true,21,0.0,16700.0,0.0
O02027,A0204,Account 0204,Enterprise,Energy,West,R020,Elliot Mori,Inbound,Closed Won,166100.0,2025-08-18,2026-01-15,2026-Q1,true,true,150,166100.0,0.0,0.0
O02028,A0315,Account 0315,Mid-Market,Education,Central,R003,Riley Garcia,Inbound,Closed Lost,46100.0,2024-11-29,2025-02-19,2025-Q1,false,true,82,0.0,46100.0,0.0
O02029,A0110,Account 0110,SMB,Energy,West,R009,Drew Mbeki,Outbound,Closed Won,12300.0,2024-06-26,2024-08-02,2024-Q3,true,true,37,12300.0,0.0,0.0
O02030,A0538,Account 0538,SMB,Manufacturing,East,R005,Morgan Okafor,Inbound,Closed Won,9700.0,2024-08-31,2024-10-11,2024-Q4,true,true,41,9700.0,0.0,0.0
O02031,A0273,Account 0273,SMB,Financial Services,East,R008,Quinn Kim,Inbound,Closed Lost,7300.0,2025-10-20,2025-11-09,2025-Q4,false,true,20,0.0,7300.0,0.0
O02032,A0363,Account 0363,SMB,Logistics,West,R008,Quinn Kim,Inbound,Closed Lost,12200.0,2025-04-12,2025-05-20,2025-Q2,false,true,38,0.0,12200.0,0.0
O02033,A0537,Account 0537,Mid-Market,Energy,Central,R014,Emerson Ibrahim,Partner,Closed Lost,55500.0,2025-07-28,2025-09-18,2025-Q3,false,true,52,0.0,55500.0,0.0
O02034,A0007,Account 0007,SMB,Retail,West,R011,Sky Haddad,Outbound,Closed Lost,6500.0,2025-01-04,2025-01-26,2025-Q1,false,true,22,0.0,6500.0,0.0
O02035,A0357,Account 0357,Mid-Market,Manufacturing,Central,R013,Hayden Novak,Referral,Closed Lost,76000.0,2024-06-15,2024-08-16,2024-Q3,false,true,62,0.0,76000.0,0.0
O02036,A0439,Account 0439,Enterprise,Manufacturing,West,R020,Elliot Mori,Outbound,Closed Lost,356500.0,2024-02-29,2024-08-20,2024-Q3,false,true,173,0.0,356500.0,0.0
O02037,A0461,Account 0461,Mid-Market,Manufacturing,East,R016,Logan Reyes,Outbound,Closed Won,36500.0,2025-03-28,2025-06-16,2025-Q2,true,true,80,36500.0,0.0,0.0
O02038,A0346,Account 0346,SMB,Technology,Central,R021,Marlowe Silva,Partner,Closed Lost,7200.0,2024-12-11,2025-02-05,2025-Q1,false,true,56,0.0,7200.0,0.0
O02039,A0433,Account 0433,SMB,Healthcare,West,R012,Devon Costa,Outbound,Closed Won,15600.0,2024-11-20,2025-01-18,2025-Q1,true,true,59,15600.0,0.0,0.0
O02040,A0312,Account 0312,Enterprise,Healthcare,West,R017,Parker Schmidt,Referral,Closed Won,395300.0,2024-03-25,2024-10-10,2024-Q4,true,true,199,395300.0,0.0,0.0
O02041,A0007,Account 0007,SMB,Retail,West,R002,Jordan Patel,Inbound,Closed Lost,15000.0,2024-02-13,2024-03-07,2024-Q1,false,true,23,0.0,15000.0,0.0
O02042,A0238,Account 0238,SMB,Logistics,West,R005,Morgan Okafor,Referral,Closed Lost,12600.0,2024-08-30,2024-09-21,2024-Q3,false,true,22,0.0,12600.0,0.0
O02043,A0119,Account 0119,SMB,Retail,Central,R012,Devon Costa,Outbound,Closed Lost,6100.0,2024-11-20,2024-12-08,2024-Q4,false,true,18,0.0,6100.0,0.0
O02044,A0535,Account 0535,SMB,Financial Services,East,R009,Drew Mbeki,Partner,Closed Lost,9400.0,2025-10-10,2025-12-03,2025-Q4,false,true,54,0.0,9400.0,0.0
O02045,A0291,Account 0291,SMB,Retail,Central,R011,Sky Haddad,Outbound,Closed Lost,10900.0,2024-10-18,2024-12-04,2024-Q4,false,true,47,0.0,10900.0,0.0
O02046,A0503,Account 0503,SMB,Retail,West,R008,Quinn Kim,Outbound,Closed Won,17900.0,2025-05-26,2025-07-23,2025-Q3,true,true,58,17900.0,0.0,0.0
O02047,A0452,Account 0452,SMB,Logistics,Central,R011,Sky Haddad,Outbound,Closed Won,5200.0,2025-10-20,2025-11-29,2025-Q4,true,true,40,5200.0,0.0,0.0
O02048,A0528,Account 0528,Enterprise,Technology,Central,R017,Parker Schmidt,Outbound,Closed Lost,146900.0,2025-01-12,2025-06-24,2025-Q2,false,true,163,0.0,146900.0,0.0
O02049,A0178,Account 0178,Enterprise,Energy,Central,R017,Parker Schmidt,Outbound,Closed Won,347600.0,2024-05-16,2024-10-01,2024-Q4,true,true,138,347600.0,0.0,0.0
O02050,A0008,Account 0008,Mid-Market,Financial Services,West,R023,Tatum Adeyemi,Event,Closed Lost,21700.0,2024-11-08,2025-01-03,2025-Q1,false,true,56,0.0,21700.0,0.0
O02051,A0533,Account 0533,SMB,Financial Services,Central,R009,Drew Mbeki,Outbound,Closed Won,10300.0,2025-03-01,2025-03-31,2025-Q1,true,true,30,10300.0,0.0,0.0
O02052,A0354,Account 0354,Mid-Market,Education,East,R001,Avery Nguyen,Partner,Closed Lost,65500.0,2025-06-29,2025-09-03,2025-Q3,false,true,66,0.0,65500.0,0.0
O02053,A0467,Account 0467,Mid-Market,Financial Services,Central,R004,Cameron Cohen,Partner,Closed Lost,47800.0,2024-07-04,2024-10-01,2024-Q4,false,true,89,0.0,47800.0,0.0
O02054,A0372,Account 0372,Enterprise,Technology,Central,R020,Elliot Mori,Referral,Closed Lost,201300.0,2025-05-10,2025-09-11,2025-Q3,false,true,124,0.0,201300.0,0.0
O02055,A0334,Account 0334,SMB,Manufacturing,East,R008,Quinn Kim,Partner,Closed Lost,10700.0,2025-09-25,2025-10-14,2025-Q4,false,true,19,0.0,10700.0,0.0
O02056,A0465,Account 0465,SMB,Education,East,R015,Rowan Andersen,Partner,Negotiation,6600.0,2025-11-04,,2025-Q4,false,false,,0.0,0.0,6600.0
O02057,A0124,Account 0124,Mid-Market,Energy,West,R023,Tatum Adeyemi,Inbound,Closed Lost,21900.0,2025-04-25,2025-07-01,2025-Q3,false,true,67,0.0,21900.0,0.0
O02058,A0223,Account 0223,SMB,Financial Services,East,R022,Shay Volkov,Inbound,Closed Lost,17500.0,2025-11-02,2025-12-23,2025-Q4,false,true,51,0.0,17500.0,0.0
O02059,A0177,Account 0177,SMB,Technology,Central,R008,Quinn Kim,Outbound,Closed Won,16600.0,2025-08-13,2025-10-02,2025-Q4,true,true,50,16600.0,0.0,0.0
O02060,A0176,Account 0176,Enterprise,Retail,Central,R017,Parker Schmidt,Partner,Closed Lost,290300.0,2025-03-13,2025-09-02,2025-Q3,false,true,173,0.0,290300.0,0.0
O02061,A0242,Account 0242,Mid-Market,Manufacturing,West,R016,Logan Reyes,Partner,Closed Won,32700.0,2025-07-17,2025-09-18,2025-Q3,true,true,63,32700.0,0.0,0.0
O02062,A0251,Account 0251,Mid-Market,Retail,West,R019,Blake Fischer,Inbound,Closed Lost,37900.0,2025-07-07,2025-09-16,2025-Q3,false,true,71,0.0,37900.0,0.0
O02063,A0126,Account 0126,Enterprise,Energy,West,R020,Elliot Mori,Inbound,Proposal,315900.0,2025-10-22,,2025-Q4,false,false,,0.0,0.0,315900.0
O02064,A0021,Account 0021,SMB,Energy,West,R022,Shay Volkov,Referral,Closed Lost,16000.0,2024-12-06,2025-01-05,2025-Q1,false,true,30,0.0,16000.0,0.0
O02065,A0511,Account 0511,SMB,Logistics,East,R022,Shay Volkov,Event,Closed Lost,16400.0,2024-04-29,2024-05-24,2024-Q2,false,true,25,0.0,16400.0,0.0
O02066,A0597,Account 0597,SMB,Financial Services,West,R018,Sawyer Walsh,Inbound,Closed Lost,11600.0,2024-01-03,2024-01-28,2024-Q1,false,true,25,0.0,11600.0,0.0
O02067,A0340,Account 0340,SMB,Energy,Central,R009,Drew Mbeki,Outbound,Prospecting,10000.0,2025-11-13,,2025-Q4,false,false,,0.0,0.0,10000.0
O02068,A0335,Account 0335,Mid-Market,Education,East,R004,Cameron Cohen,Inbound,Closed Lost,76600.0,2025-08-16,2025-12-10,2025-Q4,false,true,116,0.0,76600.0,0.0
O02069,A0029,Account 0029,SMB,Manufacturing,Central,R024,Wren Park,Event,Closed Lost,14900.0,2024-04-10,2024-05-02,2024-Q2,false,true,22,0.0,14900.0,0.0
O02070,A0056,Account 0056,Enterprise,Healthcare,West,R017,Parker Schmidt,Outbound,Closed Lost,362700.0,2024-06-26,2024-10-03,2024-Q4,false,true,99,0.0,362700.0,0.0
O02071,A0477,Account 0477,Mid-Market,Energy,East,R016,Logan Reyes,Partner,Closed Lost,71500.0,2025-05-30,2025-09-16,2025-Q3,false,true,109,0.0,71500.0,0.0
O02072,A0382,Account 0382,SMB,Healthcare,West,R024,Wren Park,Outbound,Closed Lost,5800.0,2025-06-10,2025-07-16,2025-Q3,false,true,36,0.0,5800.0,0.0
O02073,A0063,Account 0063,SMB,Education,Central,R002,Jordan Patel,Referral,Closed Won,7200.0,2024-07-25,2024-08-09,2024-Q3,true,true,15,7200.0,0.0,0.0
O02074,A0084,Account 0084,SMB,Technology,Central,R022,Shay Volkov,Event,Closed Won,4600.0,2025-08-10,2025-09-13,2025-Q3,true,true,34,4600.0,0.0,0.0
O02075,A0167,Account 0167,Enterprise,Financial Services,Central,R017,Parker Schmidt,Outbound,Closed Won,87300.0,2025-08-07,2025-11-28,2025-Q4,true,true,113,87300.0,0.0,0.0
O02076,A0357,Account 0357,Mid-Market,Manufacturing,Central,R023,Tatum Adeyemi,Partner,Closed Lost,36800.0,2024-01-25,2024-03-21,2024-Q1,false,true,56,0.0,36800.0,0.0
O02077,A0524,Account 0524,Enterprise,Financial Services,Central,R017,Parker Schmidt,Referral,Closed Lost,371700.0,2024-02-28,2024-07-17,2024-Q3,false,true,140,0.0,371700.0,0.0
O02078,A0085,Account 0085,SMB,Retail,Central,R009,Drew Mbeki,Inbound,Closed Lost,4400.0,2025-08-30,2025-10-14,2025-Q4,false,true,45,0.0,4400.0,0.0
O02079,A0050,Account 0050,Mid-Market,Technology,West,R023,Tatum Adeyemi,Event,Closed Won,25200.0,2024-06-03,2024-08-06,2024-Q3,true,true,64,25200.0,0.0,0.0
O02080,A0472,Account 0472,Mid-Market,Education,Central,R013,Hayden Novak,Partner,Closed Lost,21300.0,2025-04-22,2025-06-23,2025-Q2,false,true,62,0.0,21300.0,0.0
O02081,A0092,Account 0092,Mid-Market,Energy,West,R003,Riley Garcia,Inbound,Closed Won,43000.0,2024-04-25,2024-07-27,2024-Q3,true,true,93,43000.0,0.0,0.0
O02082,A0124,Account 0124,Mid-Market,Energy,West,R019,Blake Fischer,Partner,Closed Lost,26400.0,2024-02-02,2024-05-14,2024-Q2,false,true,102,0.0,26400.0,0.0
O02083,A0542,Account 0542,SMB,Education,Central,R018,Sawyer Walsh,Inbound,Closed Lost,16900.0,2024-09-11,2024-10-07,2024-Q4,false,true,26,0.0,16900.0,0.0
O02084,A0301,Account 0301,Mid-Market,Financial Services,East,R019,Blake Fischer,Inbound,Closed Won,41600.0,2024-07-16,2024-10-24,2024-Q4,true,true,100,41600.0,0.0,0.0
O02085,A0184,Account 0184,Mid-Market,Retail,East,R014,Emerson Ibrahim,Inbound,Closed Won,66200.0,2025-10-28,2026-01-19,2026-Q1,true,true,83,66200.0,0.0,0.0
O02086,A0103,Account 0103,Enterprise,Retail,West,R017,Parker Schmidt,Partner,Closed Lost,332700.0,2024-10-18,2025-01-21,2025-Q1,false,true,95,0.0,332700.0,0.0
O02087,A0144,Account 0144,Enterprise,Manufacturing,East,R020,Elliot Mori,Inbound,Closed Lost,292800.0,2024-01-09,2024-09-02,2024-Q3,false,true,237,0.0,292800.0,0.0
O02088,A0294,Account 0294,SMB,Education,West,R015,Rowan Andersen,Partner,Closed Lost,15600.0,2024-05-11,2024-05-26,2024-Q2,false,true,15,0.0,15600.0,0.0
O02089,A0376,Account 0376,Mid-Market,Manufacturing,West,R010,Reese Dubois,Inbound,Closed Lost,68200.0,2025-01-24,2025-03-18,2025-Q1,false,true,53,0.0,68200.0,0.0
O02090,A0220,Account 0220,SMB,Energy,Central,R024,Wren Park,Outbound,Closed Lost,8200.0,2025-08-05,2025-09-26,2025-Q3,false,true,52,0.0,8200.0,0.0
O02091,A0018,Account 0018,Enterprise,Manufacturing,West,R017,Parker Schmidt,Outbound,Closed Lost,118000.0,2024-08-22,2025-03-16,2025-Q1,false,true,206,0.0,118000.0,0.0
O02092,A0368,Account 0368,SMB,Education,West,R021,Marlowe Silva,Referral,Closed Won,8500.0,2024-11-30,2025-01-17,2025-Q1,true,true,48,8500.0,0.0,0.0
O02093,A0218,Account 0218,SMB,Logistics,West,R002,Jordan Patel,Inbound,Closed Lost,16300.0,2024-09-22,2024-10-10,2024-Q4,false,true,18,0.0,16300.0,0.0
O02094,A0494,Account 0494,Mid-Market,Manufacturing,Central,R001,Avery Nguyen,Inbound,Closed Won,40400.0,2025-03-08,2025-05-07,2025-Q2,true,true,60,40400.0,0.0,0.0
O02095,A0507,Account 0507,SMB,Logistics,East,R011,Sky Haddad,Partner,Closed Won,12000.0,2024-03-02,2024-03-26,2024-Q1,true,true,24,12000.0,0.0,0.0
O02096,A0088,Account 0088,Enterprise,Healthcare,East,R020,Elliot Mori,Event,Closed Won,211900.0,2025-03-12,2025-06-15,2025-Q2,true,true,95,211900.0,0.0,0.0
O02097,A0544,Account 0544,Mid-Market,Retail,Central,R023,Tatum Adeyemi,Inbound,Closed Lost,37800.0,2024-04-19,2024-07-16,2024-Q3,false,true,88,0.0,37800.0,0.0
O02098,A0008,Account 0008,Mid-Market,Financial Services,West,R006,Taylor Larsson,Outbound,Closed Won,33500.0,2024-10-19,2024-12-07,2024-Q4,true,true,49,33500.0,0.0,0.0
O02099,A0416,Account 0416,SMB,Healthcare,West,R018,Sawyer Walsh,Event,Closed Lost,9800.0,2025-07-31,2025-09-23,2025-Q3,false,true,54,0.0,9800.0,0.0
O02100,A0067,Account 0067,SMB,Logistics,Central,R012,Devon Costa,Outbound,Closed Lost,13200.0,2025-03-29,2025-05-19,2025-Q2,false,true,51,0.0,13200.0,0.0
O02101,A0436,Account 0436,SMB,Education,Central,R008,Quinn Kim,Event,Closed Won,10200.0,2024-09-09,2024-10-09,2024-Q4,true,true,30,10200.0,0.0,0.0
O02102,A0258,Account 0258,Enterprise,Financial Services,East,R020,Elliot Mori,Event,Closed Lost,115400.0,2025-03-20,2025-06-18,2025-Q2,false,true,90,0.0,115400.0,0.0
O02103,A0527,Account 0527,Mid-Market,Technology,East,R003,Riley Garcia,Event,Closed Lost,19700.0,2024-02-09,2024-04-20,2024-Q2,false,true,71,0.0,19700.0,0.0
O02104,A0568,Account 0568,Enterprise,Retail,West,R017,Parker Schmidt,Inbound,Closed Lost,207600.0,2024-04-12,2024-11-03,2024-Q4,false,true,205,0.0,207600.0,0.0
O02105,A0166,Account 0166,Enterprise,Healthcare,East,R020,Elliot Mori,Event,Closed Lost,254200.0,2025-06-12,2025-09-20,2025-Q3,false,true,100,0.0,254200.0,0.0
O02106,A0376,Account 0376,Mid-Market,Manufacturing,West,R014,Emerson Ibrahim,Inbound,Closed Lost,54800.0,2024-04-19,2024-06-21,2024-Q2,false,true,63,0.0,54800.0,0.0
O02107,A0351,Account 0351,Mid-Market,Retail,Central,R001,Avery Nguyen,Outbound,Closed Won,30100.0,2025-04-19,2025-06-13,2025-Q2,true,true,55,30100.0,0.0,0.0
O02108,A0253,Account 0253,SMB,Energy,East,R002,Jordan Patel,Inbound,Closed Won,6400.0,2025-04-18,2025-06-16,2025-Q2,true,true,59,6400.0,0.0,0.0
O02109,A0295,Account 0295,Mid-Market,Financial Services,East,R010,Reese Dubois,Outbound,Closed Won,48500.0,2025-06-27,2025-09-15,2025-Q3,true,true,80,48500.0,0.0,0.0
O02110,A0117,Account 0117,SMB,Education,Central,R009,Drew Mbeki,Outbound,Closed Won,11500.0,2024-01-26,2024-02-10,2024-Q1,true,true,15,11500.0,0.0,0.0
O02111,A0541,Account 0541,SMB,Manufacturing,East,R024,Wren Park,Inbound,Closed Lost,9400.0,2024-12-29,2025-02-09,2025-Q1,false,true,42,0.0,9400.0,0.0
O02112,A0031,Account 0031,Mid-Market,Healthcare,West,R006,Taylor Larsson,Partner,Closed Won,18300.0,2024-05-03,2024-08-27,2024-Q3,true,true,116,18300.0,0.0,0.0
O02113,A0206,Account 0206,Mid-Market,Retail,West,R019,Blake Fischer,Outbound,Closed Lost,69000.0,2025-02-16,2025-04-22,2025-Q2,false,true,65,0.0,69000.0,0.0
O02114,A0261,Account 0261,SMB,Education,East,R015,Rowan Andersen,Outbound,Closed Won,15300.0,2025-02-07,2025-03-20,2025-Q1,true,true,41,15300.0,0.0,0.0
O02115,A0538,Account 0538,SMB,Manufacturing,East,R009,Drew Mbeki,Inbound,Closed Won,15800.0,2024-05-21,2024-07-18,2024-Q3,true,true,58,15800.0,0.0,0.0
O02116,A0273,Account 0273,SMB,Financial Services,East,R015,Rowan Andersen,Partner,Closed Lost,4500.0,2025-02-28,2025-04-10,2025-Q2,false,true,41,0.0,4500.0,0.0
O02117,A0026,Account 0026,SMB,Financial Services,East,R005,Morgan Okafor,Outbound,Closed Lost,9700.0,2024-04-29,2024-05-16,2024-Q2,false,true,17,0.0,9700.0,0.0
O02118,A0259,Account 0259,SMB,Healthcare,Central,R002,Jordan Patel,Event,Closed Won,6900.0,2024-01-21,2024-03-16,2024-Q1,true,true,55,6900.0,0.0,0.0
O02119,A0566,Account 0566,SMB,Retail,West,R005,Morgan Okafor,Inbound,Closed Lost,15900.0,2025-07-30,2025-09-26,2025-Q3,false,true,58,0.0,15900.0,0.0
O02120,A0004,Account 0004,SMB,Education,West,R012,Devon Costa,Event,Closed Won,18000.0,2024-09-12,2024-11-07,2024-Q4,true,true,56,18000.0,0.0,0.0
O02121,A0044,Account 0044,SMB,Technology,East,R011,Sky Haddad,Inbound,Closed Lost,10500.0,2025-09-17,2025-11-08,2025-Q4,false,true,52,0.0,10500.0,0.0
O02122,A0509,Account 0509,Enterprise,Financial Services,East,R020,Elliot Mori,Inbound,Closed Lost,396700.0,2025-09-12,2026-04-25,2026-Q2,false,true,225,0.0,396700.0,0.0
O02123,A0450,Account 0450,Mid-Market,Manufacturing,West,R023,Tatum Adeyemi,Inbound,Closed Lost,41700.0,2024-05-03,2024-08-09,2024-Q3,false,true,98,0.0,41700.0,0.0
O02124,A0421,Account 0421,Mid-Market,Retail,Central,R013,Hayden Novak,Inbound,Closed Lost,31400.0,2024-04-11,2024-06-14,2024-Q2,false,true,64,0.0,31400.0,0.0
O02125,A0492,Account 0492,SMB,Education,Central,R022,Shay Volkov,Inbound,Closed Won,6500.0,2024-09-29,2024-10-28,2024-Q4,true,true,29,6500.0,0.0,0.0
O02126,A0188,Account 0188,SMB,Technology,Central,R009,Drew Mbeki,Outbound,Closed Won,11900.0,2025-06-11,2025-08-06,2025-Q3,true,true,56,11900.0,0.0,0.0
O02127,A0117,Account 0117,SMB,Education,Central,R022,Shay Volkov,Inbound,Closed Lost,4000.0,2025-04-01,2025-04-15,2025-Q2,false,true,14,0.0,4000.0,0.0
O02128,A0442,Account 0442,SMB,Energy,East,R024,Wren Park,Outbound,Closed Won,6200.0,2024-05-22,2024-06-06,2024-Q2,true,true,15,6200.0,0.0,0.0
O02129,A0554,Account 0554,Mid-Market,Logistics,Central,R004,Cameron Cohen,Partner,Closed Lost,43500.0,2024-04-18,2024-06-13,2024-Q2,false,true,56,0.0,43500.0,0.0
O02130,A0029,Account 0029,SMB,Manufacturing,Central,R024,Wren Park,Outbound,Closed Lost,6900.0,2025-11-07,2025-12-31,2025-Q4,false,true,54,0.0,6900.0,0.0
O02131,A0086,Account 0086,SMB,Logistics,Central,R009,Drew Mbeki,Outbound,Closed Lost,13500.0,2025-01-13,2025-03-11,2025-Q1,false,true,57,0.0,13500.0,0.0
O02132,A0517,Account 0517,Mid-Market,Energy,Central,R019,Blake Fischer,Outbound,Closed Won,73600.0,2025-04-04,2025-06-06,2025-Q2,true,true,63,73600.0,0.0,0.0
O02133,A0023,Account 0023,Mid-Market,Healthcare,West,R016,Logan Reyes,Outbound,Closed Lost,77800.0,2025-05-30,2025-09-27,2025-Q3,false,true,120,0.0,77800.0,0.0
O02134,A0073,Account 0073,SMB,Education,West,R021,Marlowe Silva,Partner,Closed Won,7600.0,2025-02-12,2025-03-14,2025-Q1,true,true,30,7600.0,0.0,0.0
O02135,A0463,Account 0463,Mid-Market,Education,East,R010,Reese Dubois,Referral,Closed Won,63700.0,2025-06-18,2025-10-06,2025-Q4,true,true,110,63700.0,0.0,0.0
O02136,A0520,Account 0520,SMB,Financial Services,East,R012,Devon Costa,Inbound,Closed Won,11100.0,2025-03-24,2025-04-07,2025-Q2,true,true,14,11100.0,0.0,0.0
O02137,A0554,Account 0554,Mid-Market,Logistics,Central,R001,Avery Nguyen,Event,Closed Lost,37900.0,2025-03-04,2025-06-17,2025-Q2,false,true,105,0.0,37900.0,0.0
O02138,A0185,Account 0185,SMB,Technology,East,R009,Drew Mbeki,Inbound,Closed Lost,4300.0,2025-01-24,2025-03-15,2025-Q1,false,true,50,0.0,4300.0,0.0
O02139,A0087,Account 0087,SMB,Retail,Central,R008,Quinn Kim,Event,Closed Lost,13100.0,2025-06-07,2025-07-22,2025-Q3,false,true,45,0.0,13100.0,0.0
O02140,A0434,Account 0434,Mid-Market,Energy,West,R016,Logan Reyes,Outbound,Closed Lost,46700.0,2025-05-31,2025-08-03,2025-Q3,false,true,64,0.0,46700.0,0.0
O02141,A0489,Account 0489,SMB,Logistics,East,R024,Wren Park,Inbound,Closed Lost,7000.0,2025-10-12,2025-10-29,2025-Q4,false,true,17,0.0,7000.0,0.0
O02142,A0121,Account 0121,SMB,Technology,West,R011,Sky Haddad,Inbound,Closed Lost,9400.0,2024-03-31,2024-05-21,2024-Q2,false,true,51,0.0,9400.0,0.0
O02143,A0566,Account 0566,SMB,Retail,West,R024,Wren Park,Event,Closed Lost,10300.0,2024-09-11,2024-10-06,2024-Q4,false,true,25,0.0,10300.0,0.0
O02144,A0567,Account 0567,Mid-Market,Financial Services,Central,R016,Logan Reyes,Event,Closed Lost,62800.0,2024-08-17,2024-11-12,2024-Q4,false,true,87,0.0,62800.0,0.0
O02145,A0472,Account 0472,Mid-Market,Education,Central,R019,Blake Fischer,Referral,Closed Lost,29300.0,2025-11-05,2026-02-08,2026-Q1,false,true,95,0.0,29300.0,0.0
O02146,A0290,Account 0290,Mid-Market,Logistics,West,R019,Blake Fischer,Referral,Closed Lost,51900.0,2025-01-20,2025-04-24,2025-Q2,false,true,94,0.0,51900.0,0.0
O02147,A0440,Account 0440,Mid-Market,Logistics,Central,R001,Avery Nguyen,Outbound,Closed Won,49700.0,2024-09-29,2025-01-09,2025-Q1,true,true,102,49700.0,0.0,0.0
O02148,A0157,Account 0157,SMB,Retail,East,R021,Marlowe Silva,Referral,Closed Won,8800.0,2024-12-12,2025-01-01,2025-Q1,true,true,20,8800.0,0.0,0.0
O02149,A0594,Account 0594,SMB,Manufacturing,West,R009,Drew Mbeki,Inbound,Closed Lost,7100.0,2025-10-07,2025-11-16,2025-Q4,false,true,40,0.0,7100.0,0.0
O02150,A0588,Account 0588,Mid-Market,Healthcare,Central,R006,Taylor Larsson,Inbound,Closed Lost,42800.0,2024-09-29,2025-01-20,2025-Q1,false,true,113,0.0,42800.0,0.0
O02151,A0043,Account 0043,SMB,Education,West,R015,Rowan Andersen,Referral,Closed Won,8900.0,2024-05-20,2024-06-19,2024-Q2,true,true,30,8900.0,0.0,0.0
O02152,A0540,Account 0540,SMB,Manufacturing,Central,R018,Sawyer Walsh,Event,Closed Won,4000.0,2025-09-08,2025-10-28,2025-Q4,true,true,50,4000.0,0.0,0.0
O02153,A0092,Account 0092,Mid-Market,Energy,West,R007,Casey Rossi,Event,Closed Won,79900.0,2024-03-16,2024-05-27,2024-Q2,true,true,72,79900.0,0.0,0.0
O02154,A0255,Account 0255,SMB,Energy,East,R012,Devon Costa,Inbound,Closed Won,12600.0,2025-11-08,2025-12-30,2025-Q4,true,true,52,12600.0,0.0,0.0
O02155,A0418,Account 0418,SMB,Healthcare,Central,R005,Morgan Okafor,Inbound,Closed Lost,10100.0,2024-08-26,2024-09-22,2024-Q3,false,true,27,0.0,10100.0,0.0
O02156,A0192,Account 0192,Mid-Market,Logistics,East,R006,Taylor Larsson,Outbound,Closed Lost,37900.0,2024-02-14,2024-05-01,2024-Q2,false,true,77,0.0,37900.0,0.0
O02157,A0023,Account 0023,Mid-Market,Healthcare,West,R004,Cameron Cohen,Inbound,Closed Lost,64500.0,2025-01-03,2025-03-24,2025-Q1,false,true,80,0.0,64500.0,0.0
O02158,A0100,Account 0100,Mid-Market,Retail,Central,R013,Hayden Novak,Inbound,Closed Lost,72100.0,2024-11-21,2025-01-09,2025-Q1,false,true,49,0.0,72100.0,0.0
O02159,A0581,Account 0581,SMB,Healthcare,West,R015,Rowan Andersen,Event,Closed Lost,10100.0,2025-02-15,2025-03-05,2025-Q1,false,true,18,0.0,10100.0,0.0
O02160,A0067,Account 0067,SMB,Logistics,Central,R021,Marlowe Silva,Partner,Closed Lost,6900.0,2024-05-09,2024-07-06,2024-Q3,false,true,58,0.0,6900.0,0.0
O02161,A0043,Account 0043,SMB,Education,West,R021,Marlowe Silva,Event,Closed Lost,3000.0,2025-07-08,2025-09-06,2025-Q3,false,true,60,0.0,3000.0,0.0
O02162,A0149,Account 0149,Mid-Market,Healthcare,East,R003,Riley Garcia,Event,Closed Lost,45500.0,2024-10-05,2024-11-29,2024-Q4,false,true,55,0.0,45500.0,0.0
O02163,A0108,Account 0108,SMB,Technology,East,R009,Drew Mbeki,Outbound,Closed Lost,5800.0,2024-11-30,2025-01-22,2025-Q1,false,true,53,0.0,5800.0,0.0
O02164,A0272,Account 0272,Enterprise,Energy,West,R020,Elliot Mori,Outbound,Closed Lost,277600.0,2025-09-23,2026-05-08,2026-Q2,false,true,227,0.0,277600.0,0.0
O02165,A0563,Account 0563,SMB,Healthcare,West,R018,Sawyer Walsh,Event,Closed Won,8700.0,2024-11-15,2024-12-31,2024-Q4,true,true,46,8700.0,0.0,0.0
O02166,A0093,Account 0093,Enterprise,Healthcare,West,R020,Elliot Mori,Partner,Closed Lost,163600.0,2024-12-14,2025-08-11,2025-Q3,false,true,240,0.0,163600.0,0.0
O02167,A0114,Account 0114,SMB,Logistics,Central,R005,Morgan Okafor,Inbound,Closed Lost,13800.0,2025-09-20,2025-10-12,2025-Q4,false,true,22,0.0,13800.0,0.0
O02168,A0490,Account 0490,Mid-Market,Financial Services,West,R010,Reese Dubois,Inbound,Closed Won,73100.0,2024-09-09,2024-12-11,2024-Q4,true,true,93,73100.0,0.0,0.0
O02169,A0486,Account 0486,SMB,Logistics,East,R005,Morgan Okafor,Outbound,Closed Won,13900.0,2025-03-08,2025-05-04,2025-Q2,true,true,57,13900.0,0.0,0.0
O02170,A0569,Account 0569,SMB,Healthcare,Central,R015,Rowan Andersen,Partner,Closed Lost,7700.0,2024-07-31,2024-09-09,2024-Q3,false,true,40,0.0,7700.0,0.0
O02171,A0129,Account 0129,Mid-Market,Retail,East,R003,Riley Garcia,Inbound,Closed Lost,34100.0,2025-06-11,2025-10-08,2025-Q4,false,true,119,0.0,34100.0,0.0
O02172,A0498,Account 0498,SMB,Healthcare,East,R002,Jordan Patel,Inbound,Closed Lost,11900.0,2024-02-20,2024-03-06,2024-Q1,false,true,15,0.0,11900.0,0.0
O02173,A0140,Account 0140,SMB,Healthcare,Central,R011,Sky Haddad,Referral,Closed Won,6800.0,2025-06-27,2025-08-17,2025-Q3,true,true,51,6800.0,0.0,0.0
O02174,A0385,Account 0385,Enterprise,Education,Central,R020,Elliot Mori,Inbound,Qualification,218000.0,2025-07-24,,2025-Q3,false,false,,0.0,0.0,218000.0
O02175,A0319,Account 0319,SMB,Financial Services,Central,R012,Devon Costa,Outbound,Closed Lost,10400.0,2025-03-09,2025-04-15,2025-Q2,false,true,37,0.0,10400.0,0.0
O02176,A0030,Account 0030,SMB,Financial Services,Central,R022,Shay Volkov,Inbound,Closed Lost,14500.0,2025-04-06,2025-05-09,2025-Q2,false,true,33,0.0,14500.0,0.0
O02177,A0519,Account 0519,SMB,Manufacturing,Central,R022,Shay Volkov,Outbound,Closed Lost,5000.0,2024-01-30,2024-03-11,2024-Q1,false,true,41,0.0,5000.0,0.0
O02178,A0415,Account 0415,SMB,Retail,East,R015,Rowan Andersen,Partner,Closed Lost,5800.0,2024-05-13,2024-07-06,2024-Q3,false,true,54,0.0,5800.0,0.0
O02179,A0056,Account 0056,Enterprise,Healthcare,West,R017,Parker Schmidt,Referral,Closed Lost,273200.0,2025-02-10,2025-08-04,2025-Q3,false,true,175,0.0,273200.0,0.0
O02180,A0010,Account 0010,SMB,Healthcare,East,R024,Wren Park,Inbound,Closed Won,15800.0,2025-03-11,2025-04-04,2025-Q2,true,true,24,15800.0,0.0,0.0
O02181,A0186,Account 0186,Mid-Market,Manufacturing,East,R014,Emerson Ibrahim,Outbound,Closed Lost,61000.0,2025-03-14,2025-06-28,2025-Q2,false,true,106,0.0,61000.0,0.0
O02182,A0324,Account 0324,Enterprise,Manufacturing,Central,R017,Parker Schmidt,Partner,Closed Won,113200.0,2025-02-03,2025-05-11,2025-Q2,true,true,97,113200.0,0.0,0.0
O02183,A0103,Account 0103,Enterprise,Retail,West,R017,Parker Schmidt,Event,Closed Lost,340900.0,2025-01-16,2025-08-22,2025-Q3,false,true,218,0.0,340900.0,0.0
O02184,A0398,Account 0398,SMB,Education,Central,R002,Jordan Patel,Outbound,Closed Lost,3200.0,2024-01-07,2024-02-24,2024-Q1,false,true,48,0.0,3200.0,0.0
O02185,A0406,Account 0406,Mid-Market,Logistics,Central,R014,Emerson Ibrahim,Inbound,Closed Lost,25900.0,2025-05-21,2025-09-14,2025-Q3,false,true,116,0.0,25900.0,0.0
O02186,A0367,Account 0367,SMB,Retail,East,R018,Sawyer Walsh,Outbound,Closed Lost,9700.0,2024-01-14,2024-02-14,2024-Q1,false,true,31,0.0,9700.0,0.0
O02187,A0270,Account 0270,Enterprise,Financial Services,East,R017,Parker Schmidt,Inbound,Closed Lost,104400.0,2025-10-15,2026-05-01,2026-Q2,false,true,198,0.0,104400.0,0.0
O02188,A0542,Account 0542,SMB,Education,Central,R011,Sky Haddad,Partner,Closed Lost,8100.0,2024-08-22,2024-10-05,2024-Q4,false,true,44,0.0,8100.0,0.0
O02189,A0396,Account 0396,Enterprise,Technology,East,R017,Parker Schmidt,Inbound,Closed Lost,192100.0,2025-04-17,2025-12-04,2025-Q4,false,true,231,0.0,192100.0,0.0
O02190,A0272,Account 0272,Enterprise,Energy,West,R017,Parker Schmidt,Partner,Closed Lost,119500.0,2024-11-13,2025-03-15,2025-Q1,false,true,122,0.0,119500.0,0.0
O02191,A0516,Account 0516,Enterprise,Energy,Central,R020,Elliot Mori,Inbound,Closed Lost,335000.0,2024-09-16,2025-03-17,2025-Q1,false,true,182,0.0,335000.0,0.0
O02192,A0033,Account 0033,SMB,Logistics,Central,R024,Wren Park,Partner,Closed Lost,7600.0,2025-03-15,2025-04-14,2025-Q2,false,true,30,0.0,7600.0,0.0
O02193,A0347,Account 0347,SMB,Retail,West,R008,Quinn Kim,Inbound,Closed Lost,4700.0,2024-07-20,2024-08-07,2024-Q3,false,true,18,0.0,4700.0,0.0
O02194,A0459,Account 0459,Mid-Market,Logistics,West,R007,Casey Rossi,Event,Closed Lost,60300.0,2025-07-04,2025-10-19,2025-Q4,false,true,107,0.0,60300.0,0.0
O02195,A0087,Account 0087,SMB,Retail,Central,R018,Sawyer Walsh,Inbound,Closed Won,14500.0,2025-03-24,2025-05-02,2025-Q2,true,true,39,14500.0,0.0,0.0
O02196,A0171,Account 0171,Mid-Market,Technology,West,R014,Emerson Ibrahim,Outbound,Closed Lost,29900.0,2024-06-22,2024-08-09,2024-Q3,false,true,48,0.0,29900.0,0.0
O02197,A0174,Account 0174,SMB,Manufacturing,West,R005,Morgan Okafor,Inbound,Closed Lost,13700.0,2025-05-01,2025-06-06,2025-Q2,false,true,36,0.0,13700.0,0.0
O02198,A0069,Account 0069,Mid-Market,Manufacturing,East,R019,Blake Fischer,Partner,Closed Won,69300.0,2025-01-31,2025-04-17,2025-Q2,true,true,76,69300.0,0.0,0.0
O02199,A0200,Account 0200,SMB,Manufacturing,Central,R002,Jordan Patel,Inbound,Closed Lost,17900.0,2025-01-30,2025-03-23,2025-Q1,false,true,52,0.0,17900.0,0.0
O02200,A0559,Account 0559,SMB,Financial Services,West,R021,Marlowe Silva,Event,Closed Won,12400.0,2024-05-28,2024-06-28,2024-Q2,true,true,31,12400.0,0.0,0.0
O02201,A0313,Account 0313,SMB,Manufacturing,West,R002,Jordan Patel,Outbound,Closed Lost,14800.0,2024-02-06,2024-04-04,2024-Q2,false,true,58,0.0,14800.0,0.0
O02202,A0406,Account 0406,Mid-Market,Logistics,Central,R014,Emerson Ibrahim,Event,Closed Lost,35800.0,2025-04-30,2025-08-17,2025-Q3,false,true,109,0.0,35800.0,0.0
O02203,A0354,Account 0354,Mid-Market,Education,East,R004,Cameron Cohen,Outbound,Closed Lost,33800.0,2024-10-12,2024-12-28,2024-Q4,false,true,77,0.0,33800.0,0.0
O02204,A0269,Account 0269,Mid-Market,Education,West,R013,Hayden Novak,Outbound,Closed Lost,31000.0,2024-02-24,2024-06-16,2024-Q2,false,true,113,0.0,31000.0,0.0
O02205,A0068,Account 0068,Mid-Market,Retail,Central,R014,Emerson Ibrahim,Inbound,Closed Lost,45900.0,2025-09-09,2025-11-20,2025-Q4,false,true,72,0.0,45900.0,0.0
O02206,A0329,Account 0329,Enterprise,Financial Services,Central,R017,Parker Schmidt,Partner,Closed Lost,127100.0,2025-10-21,2026-02-19,2026-Q1,false,true,121,0.0,127100.0,0.0
O02207,A0552,Account 0552,Mid-Market,Manufacturing,Central,R013,Hayden Novak,Event,Closed Lost,53900.0,2025-09-29,2026-01-24,2026-Q1,false,true,117,0.0,53900.0,0.0
O02208,A0063,Account 0063,SMB,Education,Central,R011,Sky Haddad,Outbound,Closed Won,11700.0,2024-11-18,2025-01-01,2025-Q1,true,true,44,11700.0,0.0,0.0
O02209,A0281,Account 0281,SMB,Technology,West,R018,Sawyer Walsh,Event,Closed Won,6800.0,2025-11-28,2025-12-20,2025-Q4,true,true,22,6800.0,0.0,0.0
O02210,A0554,Account 0554,Mid-Market,Logistics,Central,R013,Hayden Novak,Event,Closed Lost,34600.0,2024-09-15,2024-11-21,2024-Q4,false,true,67,0.0,34600.0,0.0
O02211,A0232,Account 0232,Mid-Market,Logistics,West,R019,Blake Fischer,Event,Closed Won,50300.0,2025-04-05,2025-06-09,2025-Q2,true,true,65,50300.0,0.0,0.0
O02212,A0155,Account 0155,Mid-Market,Energy,East,R003,Riley Garcia,Referral,Closed Lost,49000.0,2025-10-23,2026-02-15,2026-Q1,false,true,115,0.0,49000.0,0.0
O02213,A0581,Account 0581,SMB,Healthcare,West,R009,Drew Mbeki,Partner,Closed Lost,16000.0,2024-06-25,2024-08-11,2024-Q3,false,true,47,0.0,16000.0,0.0
O02214,A0571,Account 0571,SMB,Energy,Central,R009,Drew Mbeki,Inbound,Closed Lost,4800.0,2024-06-20,2024-07-13,2024-Q3,false,true,23,0.0,4800.0,0.0
O02215,A0236,Account 0236,SMB,Financial Services,Central,R008,Quinn Kim,Outbound,Closed Lost,3900.0,2024-01-03,2024-01-18,2024-Q1,false,true,15,0.0,3900.0,0.0
O02216,A0389,Account 0389,Mid-Market,Retail,West,R003,Riley Garcia,Partner,Closed Lost,49500.0,2024-02-16,2024-04-04,2024-Q2,false,true,48,0.0,49500.0,0.0
O02217,A0572,Account 0572,SMB,Education,West,R024,Wren Park,Inbound,Closed Won,8800.0,2025-05-07,2025-07-05,2025-Q3,true,true,59,8800.0,0.0,0.0
O02218,A0303,Account 0303,SMB,Energy,Central,R009,Drew Mbeki,Referral,Closed Won,15000.0,2025-01-16,2025-02-23,2025-Q1,true,true,38,15000.0,0.0,0.0
O02219,A0241,Account 0241,Mid-Market,Technology,Central,R016,Logan Reyes,Inbound,Closed Lost,58300.0,2024-10-23,2025-01-16,2025-Q1,false,true,85,0.0,58300.0,0.0
O02220,A0523,Account 0523,Mid-Market,Technology,West,R001,Avery Nguyen,Event,Closed Lost,44100.0,2025-05-09,2025-07-28,2025-Q3,false,true,80,0.0,44100.0,0.0
O02221,A0142,Account 0142,Mid-Market,Healthcare,East,R006,Taylor Larsson,Inbound,Closed Lost,43300.0,2024-11-18,2025-02-10,2025-Q1,false,true,84,0.0,43300.0,0.0
O02222,A0101,Account 0101,SMB,Financial Services,West,R002,Jordan Patel,Outbound,Closed Lost,14000.0,2024-01-04,2024-01-30,2024-Q1,false,true,26,0.0,14000.0,0.0
O02223,A0414,Account 0414,SMB,Logistics,West,R008,Quinn Kim,Inbound,Closed Won,15300.0,2024-01-04,2024-02-10,2024-Q1,true,true,37,15300.0,0.0,0.0
O02224,A0389,Account 0389,Mid-Market,Retail,West,R014,Emerson Ibrahim,Outbound,Closed Lost,19200.0,2024-03-17,2024-06-12,2024-Q2,false,true,87,0.0,19200.0,0.0
O02225,A0400,Account 0400,Enterprise,Financial Services,East,R020,Elliot Mori,Outbound,Closed Lost,103600.0,2024-10-02,2025-01-23,2025-Q1,false,true,113,0.0,103600.0,0.0
O02226,A0380,Account 0380,Mid-Market,Energy,Central,R007,Casey Rossi,Referral,Closed Lost,61700.0,2024-03-29,2024-05-24,2024-Q2,false,true,56,0.0,61700.0,0.0
O02227,A0289,Account 0289,SMB,Healthcare,West,R002,Jordan Patel,Event,Closed Lost,7900.0,2025-04-02,2025-05-20,2025-Q2,false,true,48,0.0,7900.0,0.0
O02228,A0276,Account 0276,Mid-Market,Healthcare,Central,R019,Blake Fischer,Event,Closed Won,50400.0,2025-04-25,2025-06-14,2025-Q2,true,true,50,50400.0,0.0,0.0
O02229,A0200,Account 0200,SMB,Manufacturing,Central,R015,Rowan Andersen,Outbound,Closed Lost,6000.0,2025-03-05,2025-04-23,2025-Q2,false,true,49,0.0,6000.0,0.0
O02230,A0582,Account 0582,Enterprise,Logistics,West,R020,Elliot Mori,Outbound,Closed Lost,274200.0,2024-06-12,2024-12-18,2024-Q4,false,true,189,0.0,274200.0,0.0
O02231,A0553,Account 0553,Enterprise,Financial Services,West,R020,Elliot Mori,Partner,Qualification,246400.0,2025-07-25,,2025-Q3,false,false,,0.0,0.0,246400.0
O02232,A0497,Account 0497,SMB,Energy,East,R022,Shay Volkov,Outbound,Closed Lost,3500.0,2024-03-15,2024-04-21,2024-Q2,false,true,37,0.0,3500.0,0.0
O02233,A0372,Account 0372,Enterprise,Technology,Central,R020,Elliot Mori,Partner,Closed Lost,225400.0,2024-03-20,2024-11-10,2024-Q4,false,true,235,0.0,225400.0,0.0
O02234,A0243,Account 0243,SMB,Education,West,R008,Quinn Kim,Event,Closed Lost,5000.0,2024-01-23,2024-02-11,2024-Q1,false,true,19,0.0,5000.0,0.0
O02235,A0368,Account 0368,SMB,Education,West,R018,Sawyer Walsh,Inbound,Closed Lost,11700.0,2025-10-08,2025-11-24,2025-Q4,false,true,47,0.0,11700.0,0.0
O02236,A0016,Account 0016,SMB,Education,Central,R011,Sky Haddad,Referral,Closed Lost,15800.0,2024-03-21,2024-05-09,2024-Q2,false,true,49,0.0,15800.0,0.0
O02237,A0586,Account 0586,Enterprise,Retail,East,R020,Elliot Mori,Outbound,Closed Lost,330900.0,2024-05-22,2024-09-07,2024-Q3,false,true,108,0.0,330900.0,0.0
O02238,A0121,Account 0121,SMB,Technology,West,R018,Sawyer Walsh,Partner,Closed Won,7400.0,2025-05-13,2025-06-25,2025-Q2,true,true,43,7400.0,0.0,0.0
O02239,A0500,Account 0500,Mid-Market,Education,East,R007,Casey Rossi,Partner,Closed Won,66600.0,2025-01-29,2025-04-07,2025-Q2,true,true,68,66600.0,0.0,0.0
O02240,A0565,Account 0565,Mid-Market,Manufacturing,Central,R004,Cameron Cohen,Referral,Closed Lost,55700.0,2024-10-14,2024-12-09,2024-Q4,false,true,56,0.0,55700.0,0.0
O02241,A0447,Account 0447,SMB,Energy,East,R011,Sky Haddad,Inbound,Closed Lost,5100.0,2024-06-30,2024-07-24,2024-Q3,false,true,24,0.0,5100.0,0.0
O02242,A0077,Account 0077,Mid-Market,Healthcare,West,R014,Emerson Ibrahim,Referral,Closed Lost,62700.0,2024-02-24,2024-05-12,2024-Q2,false,true,78,0.0,62700.0,0.0
O02243,A0108,Account 0108,SMB,Technology,East,R021,Marlowe Silva,Event,Closed Lost,7400.0,2024-12-20,2025-02-15,2025-Q1,false,true,57,0.0,7400.0,0.0
O02244,A0327,Account 0327,Enterprise,Financial Services,Central,R020,Elliot Mori,Inbound,Closed Lost,80900.0,2025-06-01,2025-10-01,2025-Q4,false,true,122,0.0,80900.0,0.0
O02245,A0376,Account 0376,Mid-Market,Manufacturing,West,R014,Emerson Ibrahim,Inbound,Closed Lost,19100.0,2024-01-01,2024-04-28,2024-Q2,false,true,118,0.0,19100.0,0.0
O02246,A0409,Account 0409,SMB,Manufacturing,East,R009,Drew Mbeki,Inbound,Closed Won,7100.0,2024-12-16,2025-01-25,2025-Q1,true,true,40,7100.0,0.0,0.0
O02247,A0140,Account 0140,SMB,Healthcare,Central,R011,Sky Haddad,Outbound,Closed Lost,10500.0,2025-04-26,2025-05-21,2025-Q2,false,true,25,0.0,10500.0,0.0
O02248,A0287,Account 0287,Mid-Market,Education,West,R001,Avery Nguyen,Referral,Closed Lost,48100.0,2024-02-29,2024-04-25,2024-Q2,false,true,56,0.0,48100.0,0.0
O02249,A0530,Account 0530,Enterprise,Manufacturing,East,R017,Parker Schmidt,Inbound,Closed Lost,309500.0,2024-06-13,2024-11-17,2024-Q4,false,true,157,0.0,309500.0,0.0
O02250,A0430,Account 0430,Mid-Market,Retail,West,R003,Riley Garcia,Outbound,Closed Lost,75300.0,2025-02-02,2025-05-27,2025-Q2,false,true,114,0.0,75300.0,0.0
O02251,A0494,Account 0494,Mid-Market,Manufacturing,Central,R003,Riley Garcia,Partner,Closed Lost,76500.0,2024-03-01,2024-05-29,2024-Q2,false,true,89,0.0,76500.0,0.0
O02252,A0061,Account 0061,SMB,Education,West,R005,Morgan Okafor,Inbound,Closed Won,8600.0,2024-04-28,2024-06-17,2024-Q2,true,true,50,8600.0,0.0,0.0
O02253,A0475,Account 0475,SMB,Manufacturing,West,R005,Morgan Okafor,Partner,Closed Lost,7700.0,2025-11-03,2025-11-22,2025-Q4,false,true,19,0.0,7700.0,0.0
O02254,A0045,Account 0045,Mid-Market,Technology,East,R010,Reese Dubois,Inbound,Closed Lost,21300.0,2024-08-20,2024-11-29,2024-Q4,false,true,101,0.0,21300.0,0.0
O02255,A0034,Account 0034,Mid-Market,Energy,West,R014,Emerson Ibrahim,Inbound,Closed Lost,54800.0,2024-03-13,2024-06-21,2024-Q2,false,true,100,0.0,54800.0,0.0
O02256,A0496,Account 0496,SMB,Energy,West,R011,Sky Haddad,Inbound,Closed Lost,16200.0,2025-10-31,2025-11-19,2025-Q4,false,true,19,0.0,16200.0,0.0
O02257,A0336,Account 0336,SMB,Technology,East,R011,Sky Haddad,Outbound,Closed Lost,5100.0,2024-08-20,2024-10-14,2024-Q4,false,true,55,0.0,5100.0,0.0
O02258,A0569,Account 0569,SMB,Healthcare,Central,R022,Shay Volkov,Inbound,Closed Lost,8200.0,2024-08-06,2024-09-15,2024-Q3,false,true,40,0.0,8200.0,0.0
O02259,A0484,Account 0484,Mid-Market,Manufacturing,East,R003,Riley Garcia,Outbound,Closed Lost,77500.0,2025-02-27,2025-04-24,2025-Q2,false,true,56,0.0,77500.0,0.0
O02260,A0145,Account 0145,Enterprise,Energy,Central,R020,Elliot Mori,Referral,Closed Won,339500.0,2024-07-26,2025-01-11,2025-Q1,true,true,169,339500.0,0.0,0.0
O02261,A0073,Account 0073,SMB,Education,West,R002,Jordan Patel,Outbound,Closed Lost,3700.0,2024-09-21,2024-10-26,2024-Q4,false,true,35,0.0,3700.0,0.0
O02262,A0413,Account 0413,Mid-Market,Healthcare,Central,R006,Taylor Larsson,Referral,Closed Lost,47000.0,2024-07-06,2024-08-28,2024-Q3,false,true,53,0.0,47000.0,0.0
O02263,A0369,Account 0369,SMB,Technology,East,R018,Sawyer Walsh,Inbound,Closed Lost,14500.0,2024-09-19,2024-11-05,2024-Q4,false,true,47,0.0,14500.0,0.0
O02264,A0156,Account 0156,SMB,Energy,Central,R015,Rowan Andersen,Outbound,Closed Won,9100.0,2025-06-26,2025-07-13,2025-Q3,true,true,17,9100.0,0.0,0.0
O02265,A0040,Account 0040,SMB,Technology,Central,R015,Rowan Andersen,Partner,Closed Won,11800.0,2025-04-03,2025-04-29,2025-Q2,true,true,26,11800.0,0.0,0.0
O02266,A0258,Account 0258,Enterprise,Financial Services,East,R020,Elliot Mori,Outbound,Proposal,142500.0,2025-07-08,,2025-Q3,false,false,,0.0,0.0,142500.0
O02267,A0306,Account 0306,Enterprise,Logistics,Central,R020,Elliot Mori,Outbound,Closed Lost,95200.0,2024-05-21,2025-01-04,2025-Q1,false,true,228,0.0,95200.0,0.0
O02268,A0455,Account 0455,Mid-Market,Manufacturing,West,R007,Casey Rossi,Outbound,Closed Lost,40300.0,2024-02-21,2024-05-26,2024-Q2,false,true,95,0.0,40300.0,0.0
O02269,A0373,Account 0373,SMB,Logistics,Central,R015,Rowan Andersen,Inbound,Closed Lost,11500.0,2024-06-12,2024-07-09,2024-Q3,false,true,27,0.0,11500.0,0.0
O02270,A0035,Account 0035,Enterprise,Healthcare,East,R020,Elliot Mori,Inbound,Closed Lost,93600.0,2024-11-28,2025-03-25,2025-Q1,false,true,117,0.0,93600.0,0.0
O02271,A0029,Account 0029,SMB,Manufacturing,Central,R024,Wren Park,Inbound,Closed Won,16300.0,2025-09-06,2025-09-26,2025-Q3,true,true,20,16300.0,0.0,0.0
O02272,A0103,Account 0103,Enterprise,Retail,West,R020,Elliot Mori,Inbound,Closed Lost,110300.0,2025-06-03,2025-12-09,2025-Q4,false,true,189,0.0,110300.0,0.0
O02273,A0337,Account 0337,SMB,Healthcare,Central,R011,Sky Haddad,Inbound,Closed Lost,8800.0,2025-03-31,2025-05-27,2025-Q2,false,true,57,0.0,8800.0,0.0
O02274,A0025,Account 0025,SMB,Energy,West,R015,Rowan Andersen,Referral,Closed Won,16800.0,2025-09-27,2025-11-03,2025-Q4,true,true,37,16800.0,0.0,0.0
O02275,A0275,Account 0275,SMB,Manufacturing,East,R005,Morgan Okafor,Inbound,Closed Lost,18000.0,2025-11-29,2025-12-24,2025-Q4,false,true,25,0.0,18000.0,0.0
O02276,A0322,Account 0322,Enterprise,Education,East,R020,Elliot Mori,Event,Closed Lost,130500.0,2024-03-01,2024-06-01,2024-Q2,false,true,92,0.0,130500.0,0.0
O02277,A0052,Account 0052,SMB,Education,East,R005,Morgan Okafor,Referral,Closed Lost,8100.0,2024-11-23,2024-12-14,2024-Q4,false,true,21,0.0,8100.0,0.0
O02278,A0356,Account 0356,SMB,Education,Central,R024,Wren Park,Inbound,Closed Lost,9600.0,2025-08-25,2025-09-24,2025-Q3,false,true,30,0.0,9600.0,0.0
O02279,A0449,Account 0449,SMB,Technology,West,R011,Sky Haddad,Inbound,Closed Lost,4500.0,2024-02-14,2024-03-30,2024-Q1,false,true,45,0.0,4500.0,0.0
O02280,A0133,Account 0133,SMB,Logistics,Central,R018,Sawyer Walsh,Partner,Closed Lost,3700.0,2025-09-01,2025-10-20,2025-Q4,false,true,49,0.0,3700.0,0.0
O02281,A0375,Account 0375,Mid-Market,Retail,West,R023,Tatum Adeyemi,Inbound,Closed Lost,59300.0,2024-01-29,2024-04-12,2024-Q2,false,true,74,0.0,59300.0,0.0
O02282,A0403,Account 0403,SMB,Retail,East,R011,Sky Haddad,Inbound,Closed Won,6200.0,2025-11-24,2026-01-16,2026-Q1,true,true,53,6200.0,0.0,0.0
O02283,A0593,Account 0593,Mid-Market,Logistics,West,R003,Riley Garcia,Event,Closed Lost,39600.0,2024-01-04,2024-03-24,2024-Q1,false,true,80,0.0,39600.0,0.0
O02284,A0439,Account 0439,Enterprise,Manufacturing,West,R017,Parker Schmidt,Partner,Closed Lost,100600.0,2025-06-02,2025-11-11,2025-Q4,false,true,162,0.0,100600.0,0.0
O02285,A0097,Account 0097,SMB,Education,West,R009,Drew Mbeki,Inbound,Closed Lost,16200.0,2025-10-31,2025-12-05,2025-Q4,false,true,35,0.0,16200.0,0.0
O02286,A0559,Account 0559,SMB,Financial Services,West,R012,Devon Costa,Outbound,Closed Lost,16600.0,2024-12-20,2025-01-18,2025-Q1,false,true,29,0.0,16600.0,0.0
O02287,A0047,Account 0047,SMB,Retail,East,R012,Devon Costa,Outbound,Closed Lost,3500.0,2025-02-01,2025-02-19,2025-Q1,false,true,18,0.0,3500.0,0.0
O02288,A0592,Account 0592,SMB,Financial Services,East,R002,Jordan Patel,Referral,Closed Lost,9000.0,2025-10-21,2025-11-05,2025-Q4,false,true,15,0.0,9000.0,0.0
O02289,A0561,Account 0561,Enterprise,Logistics,Central,R017,Parker Schmidt,Inbound,Closed Lost,203800.0,2024-03-16,2024-10-31,2024-Q4,false,true,229,0.0,203800.0,0.0
O02290,A0248,Account 0248,Mid-Market,Financial Services,Central,R014,Emerson Ibrahim,Event,Closed Won,61100.0,2025-05-27,2025-08-14,2025-Q3,true,true,79,61100.0,0.0,0.0
O02291,A0224,Account 0224,Mid-Market,Education,East,R023,Tatum Adeyemi,Partner,Closed Lost,70600.0,2024-07-17,2024-11-11,2024-Q4,false,true,117,0.0,70600.0,0.0
O02292,A0384,Account 0384,Enterprise,Healthcare,Central,R017,Parker Schmidt,Partner,Closed Lost,205600.0,2024-01-22,2024-04-21,2024-Q2,false,true,90,0.0,205600.0,0.0
O02293,A0161,Account 0161,SMB,Logistics,Central,R012,Devon Costa,Event,Closed Lost,6300.0,2024-12-01,2024-12-15,2024-Q4,false,true,14,0.0,6300.0,0.0
O02294,A0075,Account 0075,Enterprise,Financial Services,Central,R020,Elliot Mori,Outbound,Closed Won,180200.0,2024-08-05,2025-02-08,2025-Q1,true,true,187,180200.0,0.0,0.0
O02295,A0293,Account 0293,Mid-Market,Retail,East,R003,Riley Garcia,Partner,Closed Lost,33800.0,2025-04-15,2025-08-06,2025-Q3,false,true,113,0.0,33800.0,0.0
O02296,A0587,Account 0587,SMB,Logistics,West,R008,Quinn Kim,Inbound,Closed Lost,7600.0,2024-08-12,2024-09-09,2024-Q3,false,true,28,0.0,7600.0,0.0
O02297,A0033,Account 0033,SMB,Logistics,Central,R022,Shay Volkov,Partner,Closed Lost,16400.0,2024-02-10,2024-04-05,2024-Q2,false,true,55,0.0,16400.0,0.0
O02298,A0365,Account 0365,SMB,Logistics,East,R009,Drew Mbeki,Referral,Closed Lost,14500.0,2024-01-06,2024-02-29,2024-Q1,false,true,54,0.0,14500.0,0.0
O02299,A0523,Account 0523,Mid-Market,Technology,West,R007,Casey Rossi,Inbound,Closed Lost,27400.0,2024-09-05,2024-10-21,2024-Q4,false,true,46,0.0,27400.0,0.0
O02300,A0403,Account 0403,SMB,Retail,East,R018,Sawyer Walsh,Event,Closed Won,12200.0,2024-08-13,2024-09-04,2024-Q3,true,true,22,12200.0,0.0,0.0
O02301,A0343,Account 0343,SMB,Retail,West,R018,Sawyer Walsh,Outbound,Closed Lost,11300.0,2024-12-08,2025-01-27,2025-Q1,false,true,50,0.0,11300.0,0.0
O02302,A0580,Account 0580,Enterprise,Education,Central,R017,Parker Schmidt,Outbound,Closed Lost,269900.0,2024-03-30,2024-08-10,2024-Q3,false,true,133,0.0,269900.0,0.0
O02303,A0172,Account 0172,Mid-Market,Financial Services,Central,R013,Hayden Novak,Partner,Closed Won,77100.0,2024-02-17,2024-05-01,2024-Q2,true,true,74,77100.0,0.0,0.0
O02304,A0184,Account 0184,Mid-Market,Retail,East,R001,Avery Nguyen,Inbound,Closed Lost,40900.0,2024-05-24,2024-09-04,2024-Q3,false,true,103,0.0,40900.0,0.0
O02305,A0474,Account 0474,SMB,Logistics,West,R018,Sawyer Walsh,Outbound,Closed Won,11900.0,2024-01-26,2024-03-24,2024-Q1,true,true,58,11900.0,0.0,0.0
O02306,A0094,Account 0094,Enterprise,Manufacturing,West,R020,Elliot Mori,Inbound,Closed Lost,308400.0,2024-06-14,2024-11-08,2024-Q4,false,true,147,0.0,308400.0,0.0
O02307,A0442,Account 0442,SMB,Energy,East,R008,Quinn Kim,Inbound,Closed Lost,14900.0,2024-04-11,2024-06-05,2024-Q2,false,true,55,0.0,14900.0,0.0
O02308,A0362,Account 0362,Mid-Market,Retail,East,R016,Logan Reyes,Inbound,Closed Lost,53500.0,2024-05-07,2024-08-26,2024-Q3,false,true,111,0.0,53500.0,0.0
O02309,A0375,Account 0375,Mid-Market,Retail,West,R019,Blake Fischer,Outbound,Closed Won,24600.0,2024-04-06,2024-07-15,2024-Q3,true,true,100,24600.0,0.0,0.0
O02310,A0549,Account 0549,SMB,Technology,West,R012,Devon Costa,Event,Closed Lost,11300.0,2024-12-06,2025-01-24,2025-Q1,false,true,49,0.0,11300.0,0.0
O02311,A0583,Account 0583,Mid-Market,Technology,Central,R014,Emerson Ibrahim,Outbound,Closed Won,61600.0,2025-04-26,2025-07-01,2025-Q3,true,true,66,61600.0,0.0,0.0
O02312,A0046,Account 0046,SMB,Financial Services,East,R002,Jordan Patel,Partner,Closed Lost,10200.0,2024-12-13,2025-01-11,2025-Q1,false,true,29,0.0,10200.0,0.0
O02313,A0222,Account 0222,Mid-Market,Energy,West,R003,Riley Garcia,Referral,Closed Won,55700.0,2025-07-14,2025-10-15,2025-Q4,true,true,93,55700.0,0.0,0.0
O02314,A0492,Account 0492,SMB,Education,Central,R008,Quinn Kim,Event,Closed Lost,8000.0,2025-06-05,2025-07-06,2025-Q3,false,true,31,0.0,8000.0,0.0
O02315,A0099,Account 0099,Mid-Market,Retail,West,R016,Logan Reyes,Inbound,Closed Lost,62800.0,2024-05-21,2024-07-26,2024-Q3,false,true,66,0.0,62800.0,0.0
O02316,A0182,Account 0182,Enterprise,Technology,West,R017,Parker Schmidt,Inbound,Closed Lost,251700.0,2025-09-21,2026-03-05,2026-Q1,false,true,165,0.0,251700.0,0.0
O02317,A0160,Account 0160,Mid-Market,Energy,West,R001,Avery Nguyen,Inbound,Closed Lost,35200.0,2024-09-15,2024-11-10,2024-Q4,false,true,56,0.0,35200.0,0.0
O02318,A0217,Account 0217,SMB,Education,Central,R008,Quinn Kim,Referral,Closed Lost,4000.0,2025-06-21,2025-07-12,2025-Q3,false,true,21,0.0,4000.0,0.0
O02319,A0592,Account 0592,SMB,Financial Services,East,R022,Shay Volkov,Partner,Closed Won,3200.0,2024-07-19,2024-09-15,2024-Q3,true,true,58,3200.0,0.0,0.0
O02320,A0014,Account 0014,SMB,Retail,West,R008,Quinn Kim,Referral,Closed Won,6100.0,2024-02-06,2024-03-31,2024-Q1,true,true,54,6100.0,0.0,0.0
O02321,A0153,Account 0153,Mid-Market,Manufacturing,Central,R006,Taylor Larsson,Event,Closed Lost,62500.0,2024-05-14,2024-07-14,2024-Q3,false,true,61,0.0,62500.0,0.0
O02322,A0131,Account 0131,Mid-Market,Financial Services,West,R003,Riley Garcia,Event,Closed Won,62500.0,2024-09-06,2024-12-07,2024-Q4,true,true,92,62500.0,0.0,0.0
O02323,A0134,Account 0134,SMB,Retail,Central,R021,Marlowe Silva,Inbound,Closed Won,8000.0,2024-04-05,2024-05-15,2024-Q2,true,true,40,8000.0,0.0,0.0
O02324,A0202,Account 0202,SMB,Retail,Central,R002,Jordan Patel,Outbound,Proposal,8200.0,2025-11-29,,2025-Q4,false,false,,0.0,0.0,8200.0
O02325,A0365,Account 0365,SMB,Logistics,East,R015,Rowan Andersen,Event,Closed Won,12200.0,2025-08-21,2025-09-10,2025-Q3,true,true,20,12200.0,0.0,0.0
O02326,A0024,Account 0024,SMB,Retail,Central,R024,Wren Park,Event,Closed Lost,4300.0,2024-06-14,2024-08-05,2024-Q3,false,true,52,0.0,4300.0,0.0
O02327,A0076,Account 0076,SMB,Logistics,Central,R018,Sawyer Walsh,Referral,Closed Won,16000.0,2024-11-01,2024-12-09,2024-Q4,true,true,38,16000.0,0.0,0.0
O02328,A0597,Account 0597,SMB,Financial Services,West,R021,Marlowe Silva,Inbound,Closed Won,17200.0,2024-08-11,2024-09-01,2024-Q3,true,true,21,17200.0,0.0,0.0
O02329,A0555,Account 0555,SMB,Financial Services,West,R011,Sky Haddad,Outbound,Closed Won,8800.0,2024-03-09,2024-05-01,2024-Q2,true,true,53,8800.0,0.0,0.0
O02330,A0208,Account 0208,SMB,Manufacturing,West,R005,Morgan Okafor,Outbound,Closed Won,3200.0,2025-03-05,2025-04-19,2025-Q2,true,true,45,3200.0,0.0,0.0
O02331,A0378,Account 0378,SMB,Financial Services,Central,R015,Rowan Andersen,Inbound,Closed Lost,17300.0,2025-02-06,2025-03-21,2025-Q1,false,true,43,0.0,17300.0,0.0
O02332,A0240,Account 0240,SMB,Retail,Central,R015,Rowan Andersen,Outbound,Closed Lost,11600.0,2024-06-05,2024-06-24,2024-Q2,false,true,19,0.0,11600.0,0.0
O02333,A0062,Account 0062,SMB,Technology,West,R011,Sky Haddad,Inbound,Closed Lost,14700.0,2025-08-18,2025-09-19,2025-Q3,false,true,32,0.0,14700.0,0.0
O02334,A0038,Account 0038,Enterprise,Retail,East,R020,Elliot Mori,Outbound,Closed Lost,393500.0,2025-03-17,2025-09-23,2025-Q3,false,true,190,0.0,393500.0,0.0
O02335,A0194,Account 0194,SMB,Logistics,East,R009,Drew Mbeki,Outbound,Closed Won,8200.0,2025-08-04,2025-09-13,2025-Q3,true,true,40,8200.0,0.0,0.0
O02336,A0172,Account 0172,Mid-Market,Financial Services,Central,R014,Emerson Ibrahim,Outbound,Closed Lost,70500.0,2024-07-13,2024-09-12,2024-Q3,false,true,61,0.0,70500.0,0.0
O02337,A0121,Account 0121,SMB,Technology,West,R005,Morgan Okafor,Partner,Closed Lost,6800.0,2024-10-29,2024-11-21,2024-Q4,false,true,23,0.0,6800.0,0.0
O02338,A0352,Account 0352,SMB,Energy,East,R024,Wren Park,Inbound,Closed Lost,7800.0,2025-07-22,2025-09-18,2025-Q3,false,true,58,0.0,7800.0,0.0
O02339,A0528,Account 0528,Enterprise,Technology,Central,R017,Parker Schmidt,Inbound,Closed Lost,383700.0,2025-06-30,2026-02-01,2026-Q1,false,true,216,0.0,383700.0,0.0
O02340,A0418,Account 0418,SMB,Healthcare,Central,R008,Quinn Kim,Partner,Closed Lost,13900.0,2025-10-16,2025-11-14,2025-Q4,false,true,29,0.0,13900.0,0.0
O02341,A0585,Account 0585,Mid-Market,Retail,Central,R023,Tatum Adeyemi,Event,Closed Lost,31700.0,2025-01-24,2025-04-12,2025-Q2,false,true,78,0.0,31700.0,0.0
O02342,A0138,Account 0138,Mid-Market,Technology,Central,R007,Casey Rossi,Outbound,Closed Lost,73100.0,2025-04-16,2025-06-23,2025-Q2,false,true,68,0.0,73100.0,0.0
O02343,A0242,Account 0242,Mid-Market,Manufacturing,West,R006,Taylor Larsson,Inbound,Closed Lost,76900.0,2024-09-08,2024-11-25,2024-Q4,false,true,78,0.0,76900.0,0.0
O02344,A0247,Account 0247,Enterprise,Financial Services,Central,R017,Parker Schmidt,Outbound,Closed Lost,351500.0,2024-03-21,2024-09-20,2024-Q3,false,true,183,0.0,351500.0,0.0
O02345,A0383,Account 0383,Enterprise,Healthcare,Central,R020,Elliot Mori,Partner,Closed Lost,329100.0,2025-01-13,2025-08-10,2025-Q3,false,true,209,0.0,329100.0,0.0
O02346,A0276,Account 0276,Mid-Market,Healthcare,Central,R014,Emerson Ibrahim,Partner,Closed Lost,42900.0,2024-12-04,2025-03-17,2025-Q1,false,true,103,0.0,42900.0,0.0
O02347,A0275,Account 0275,SMB,Manufacturing,East,R024,Wren Park,Outbound,Closed Won,8400.0,2024-12-09,2025-01-04,2025-Q1,true,true,26,8400.0,0.0,0.0
O02348,A0484,Account 0484,Mid-Market,Manufacturing,East,R007,Casey Rossi,Outbound,Closed Lost,75700.0,2025-02-06,2025-05-11,2025-Q2,false,true,94,0.0,75700.0,0.0
O02349,A0066,Account 0066,Enterprise,Education,East,R020,Elliot Mori,Inbound,Closed Won,120500.0,2024-08-01,2025-01-09,2025-Q1,true,true,161,120500.0,0.0,0.0
O02350,A0023,Account 0023,Mid-Market,Healthcare,West,R016,Logan Reyes,Outbound,Closed Lost,38600.0,2024-01-09,2024-05-06,2024-Q2,false,true,118,0.0,38600.0,0.0
O02351,A0314,Account 0314,Mid-Market,Energy,West,R016,Logan Reyes,Inbound,Closed Lost,29500.0,2024-03-30,2024-06-26,2024-Q2,false,true,88,0.0,29500.0,0.0
O02352,A0381,Account 0381,SMB,Healthcare,West,R022,Shay Volkov,Inbound,Closed Lost,7500.0,2025-01-25,2025-03-05,2025-Q1,false,true,39,0.0,7500.0,0.0
O02353,A0246,Account 0246,Enterprise,Manufacturing,East,R017,Parker Schmidt,Partner,Closed Lost,123700.0,2025-04-09,2025-09-16,2025-Q3,false,true,160,0.0,123700.0,0.0
O02354,A0122,Account 0122,SMB,Technology,West,R011,Sky Haddad,Inbound,Closed Lost,4800.0,2024-07-04,2024-08-11,2024-Q3,false,true,38,0.0,4800.0,0.0
O02355,A0272,Account 0272,Enterprise,Energy,West,R017,Parker Schmidt,Inbound,Closed Lost,381100.0,2024-09-10,2025-01-18,2025-Q1,false,true,130,0.0,381100.0,0.0
O02356,A0325,Account 0325,Enterprise,Manufacturing,West,R020,Elliot Mori,Partner,Closed Lost,224900.0,2024-08-06,2024-11-18,2024-Q4,false,true,104,0.0,224900.0,0.0
O02357,A0469,Account 0469,SMB,Healthcare,Central,R009,Drew Mbeki,Partner,Closed Won,16600.0,2024-04-16,2024-06-12,2024-Q2,true,true,57,16600.0,0.0,0.0
O02358,A0125,Account 0125,SMB,Energy,Central,R018,Sawyer Walsh,Inbound,Closed Won,16800.0,2025-06-27,2025-08-02,2025-Q3,true,true,36,16800.0,0.0,0.0
O02359,A0378,Account 0378,SMB,Financial Services,Central,R021,Marlowe Silva,Inbound,Closed Lost,16700.0,2025-04-02,2025-04-21,2025-Q2,false,true,19,0.0,16700.0,0.0
O02360,A0215,Account 0215,Mid-Market,Energy,West,R010,Reese Dubois,Outbound,Closed Won,63800.0,2025-11-04,2026-01-23,2026-Q1,true,true,80,63800.0,0.0,0.0
O02361,A0472,Account 0472,Mid-Market,Education,Central,R007,Casey Rossi,Partner,Closed Lost,21000.0,2024-09-30,2025-01-16,2025-Q1,false,true,108,0.0,21000.0,0.0
O02362,A0168,Account 0168,Mid-Market,Financial Services,Central,R023,Tatum Adeyemi,Inbound,Proposal,60900.0,2025-11-23,,2025-Q4,false,false,,0.0,0.0,60900.0
O02363,A0456,Account 0456,Mid-Market,Education,East,R014,Emerson Ibrahim,Inbound,Closed Lost,53800.0,2025-04-08,2025-06-08,2025-Q2,false,true,61,0.0,53800.0,0.0
O02364,A0193,Account 0193,SMB,Financial Services,Central,R009,Drew Mbeki,Partner,Closed Lost,4700.0,2025-04-24,2025-05-08,2025-Q2,false,true,14,0.0,4700.0,0.0
O02365,A0048,Account 0048,Mid-Market,Technology,East,R023,Tatum Adeyemi,Inbound,Closed Lost,68400.0,2024-12-31,2025-03-05,2025-Q1,false,true,64,0.0,68400.0,0.0
O02366,A0377,Account 0377,SMB,Healthcare,East,R012,Devon Costa,Inbound,Closed Won,12900.0,2025-10-26,2025-12-12,2025-Q4,true,true,47,12900.0,0.0,0.0
O02367,A0156,Account 0156,SMB,Energy,Central,R018,Sawyer Walsh,Event,Qualification,13900.0,2025-11-29,,2025-Q4,false,false,,0.0,0.0,13900.0
O02368,A0200,Account 0200,SMB,Manufacturing,Central,R005,Morgan Okafor,Outbound,Closed Won,12100.0,2025-03-11,2025-03-26,2025-Q1,true,true,15,12100.0,0.0,0.0
O02369,A0127,Account 0127,SMB,Healthcare,West,R009,Drew Mbeki,Outbound,Closed Lost,15100.0,2025-02-11,2025-03-30,2025-Q1,false,true,47,0.0,15100.0,0.0
O02370,A0169,Account 0169,SMB,Education,East,R002,Jordan Patel,Outbound,Closed Lost,6000.0,2024-07-22,2024-08-12,2024-Q3,false,true,21,0.0,6000.0,0.0
O02371,A0158,Account 0158,Enterprise,Technology,Central,R020,Elliot Mori,Partner,Closed Won,272300.0,2024-06-29,2024-10-03,2024-Q4,true,true,96,272300.0,0.0,0.0
O02372,A0497,Account 0497,SMB,Energy,East,R009,Drew Mbeki,Outbound,Closed Lost,13800.0,2024-12-18,2025-01-09,2025-Q1,false,true,22,0.0,13800.0,0.0
O02373,A0219,Account 0219,Mid-Market,Retail,Central,R006,Taylor Larsson,Event,Closed Lost,27300.0,2024-05-31,2024-08-05,2024-Q3,false,true,66,0.0,27300.0,0.0
O02374,A0233,Account 0233,Enterprise,Financial Services,East,R017,Parker Schmidt,Outbound,Closed Lost,80500.0,2025-06-18,2025-10-30,2025-Q4,false,true,134,0.0,80500.0,0.0
O02375,A0228,Account 0228,SMB,Technology,East,R012,Devon Costa,Outbound,Closed Lost,6400.0,2024-08-18,2024-09-09,2024-Q3,false,true,22,0.0,6400.0,0.0
O02376,A0036,Account 0036,Mid-Market,Manufacturing,West,R014,Emerson Ibrahim,Outbound,Closed Lost,74300.0,2025-02-10,2025-04-07,2025-Q2,false,true,56,0.0,74300.0,0.0
O02377,A0524,Account 0524,Enterprise,Financial Services,Central,R017,Parker Schmidt,Outbound,Closed Won,332100.0,2025-02-02,2025-09-07,2025-Q3,true,true,217,332100.0,0.0,0.0
O02378,A0163,Account 0163,SMB,Energy,East,R009,Drew Mbeki,Inbound,Closed Lost,4500.0,2025-01-25,2025-02-10,2025-Q1,false,true,16,0.0,4500.0,0.0
O02379,A0103,Account 0103,Enterprise,Retail,West,R020,Elliot Mori,Partner,Closed Lost,151100.0,2025-10-22,2026-06-10,2026-Q2,false,true,231,0.0,151100.0,0.0
O02380,A0188,Account 0188,SMB,Technology,Central,R005,Morgan Okafor,Referral,Closed Lost,14900.0,2025-05-19,2025-07-14,2025-Q3,false,true,56,0.0,14900.0,0.0
O02381,A0269,Account 0269,Mid-Market,Education,West,R016,Logan Reyes,Partner,Closed Lost,47700.0,2024-09-21,2024-12-26,2024-Q4,false,true,96,0.0,47700.0,0.0
O02382,A0135,Account 0135,Enterprise,Financial Services,East,R017,Parker Schmidt,Inbound,Closed Lost,394300.0,2024-08-02,2024-12-25,2024-Q4,false,true,145,0.0,394300.0,0.0
O02383,A0166,Account 0166,Enterprise,Healthcare,East,R017,Parker Schmidt,Outbound,Closed Lost,321400.0,2025-10-11,2026-02-05,2026-Q1,false,true,117,0.0,321400.0,0.0
O02384,A0580,Account 0580,Enterprise,Education,Central,R017,Parker Schmidt,Event,Qualification,137200.0,2025-11-11,,2025-Q4,false,false,,0.0,0.0,137200.0
O02385,A0346,Account 0346,SMB,Technology,Central,R009,Drew Mbeki,Event,Closed Lost,3700.0,2025-01-15,2025-03-11,2025-Q1,false,true,55,0.0,3700.0,0.0
O02386,A0491,Account 0491,SMB,Healthcare,East,R009,Drew Mbeki,Outbound,Closed Won,4700.0,2024-03-09,2024-05-03,2024-Q2,true,true,55,4700.0,0.0,0.0
O02387,A0504,Account 0504,Mid-Market,Financial Services,East,R007,Casey Rossi,Inbound,Closed Lost,18400.0,2024-04-17,2024-07-01,2024-Q3,false,true,75,0.0,18400.0,0.0
O02388,A0573,Account 0573,Mid-Market,Healthcare,Central,R007,Casey Rossi,Partner,Closed Won,38100.0,2024-05-04,2024-08-28,2024-Q3,true,true,116,38100.0,0.0,0.0
O02389,A0226,Account 0226,SMB,Financial Services,East,R015,Rowan Andersen,Inbound,Closed Lost,12900.0,2024-06-27,2024-08-05,2024-Q3,false,true,39,0.0,12900.0,0.0
O02390,A0409,Account 0409,SMB,Manufacturing,East,R009,Drew Mbeki,Inbound,Closed Lost,10100.0,2025-08-07,2025-10-06,2025-Q4,false,true,60,0.0,10100.0,0.0
O02391,A0284,Account 0284,Mid-Market,Financial Services,West,R014,Emerson Ibrahim,Event,Closed Lost,37700.0,2024-02-16,2024-05-17,2024-Q2,false,true,91,0.0,37700.0,0.0
O02392,A0069,Account 0069,Mid-Market,Manufacturing,East,R010,Reese Dubois,Inbound,Closed Lost,78600.0,2024-03-29,2024-07-06,2024-Q3,false,true,99,0.0,78600.0,0.0
O02393,A0351,Account 0351,Mid-Market,Retail,Central,R010,Reese Dubois,Inbound,Closed Lost,19000.0,2025-03-14,2025-06-01,2025-Q2,false,true,79,0.0,19000.0,0.0
O02394,A0385,Account 0385,Enterprise,Education,Central,R017,Parker Schmidt,Inbound,Closed Lost,224300.0,2025-08-28,2026-02-16,2026-Q1,false,true,172,0.0,224300.0,0.0
O02395,A0001,Account 0001,SMB,Retail,West,R008,Quinn Kim,Partner,Closed Lost,5500.0,2024-01-19,2024-02-18,2024-Q1,false,true,30,0.0,5500.0,0.0
O02396,A0073,Account 0073,SMB,Education,West,R022,Shay Volkov,Inbound,Closed Lost,4400.0,2025-10-29,2025-12-13,2025-Q4,false,true,45,0.0,4400.0,0.0
O02397,A0315,Account 0315,Mid-Market,Education,Central,R003,Riley Garcia,Referral,Closed Lost,33100.0,2024-07-25,2024-11-20,2024-Q4,false,true,118,0.0,33100.0,0.0
O02398,A0414,Account 0414,SMB,Logistics,West,R018,Sawyer Walsh,Outbound,Closed Lost,12700.0,2025-06-28,2025-08-17,2025-Q3,false,true,50,0.0,12700.0,0.0
O02399,A0536,Account 0536,Mid-Market,Financial Services,East,R014,Emerson Ibrahim,Outbound,Closed Lost,28200.0,2024-08-08,2024-10-01,2024-Q4,false,true,54,0.0,28200.0,0.0
O02400,A0082,Account 0082,SMB,Retail,East,R022,Shay Volkov,Event,Closed Lost,9600.0,2024-07-08,2024-07-30,2024-Q3,false,true,22,0.0,9600.0,0.0
O02401,A0472,Account 0472,Mid-Market,Education,Central,R010,Reese Dubois,Outbound,Closed Lost,51200.0,2025-08-13,2025-12-03,2025-Q4,false,true,112,0.0,51200.0,0.0
O02402,A0361,Account 0361,Enterprise,Healthcare,East,R017,Parker Schmidt,Partner,Closed Lost,381000.0,2025-10-14,2026-03-06,2026-Q1,false,true,143,0.0,381000.0,0.0
O02403,A0317,Account 0317,Mid-Market,Education,Central,R006,Taylor Larsson,Inbound,Closed Lost,57100.0,2024-04-28,2024-06-23,2024-Q2,false,true,56,0.0,57100.0,0.0
O02404,A0032,Account 0032,SMB,Retail,Central,R021,Marlowe Silva,Inbound,Prospecting,14800.0,2025-11-19,,2025-Q4,false,false,,0.0,0.0,14800.0
O02405,A0124,Account 0124,Mid-Market,Energy,West,R019,Blake Fischer,Outbound,Closed Lost,70200.0,2024-03-11,2024-06-09,2024-Q2,false,true,90,0.0,70200.0,0.0
O02406,A0388,Account 0388,SMB,Manufacturing,West,R011,Sky Haddad,Inbound,Closed Lost,12600.0,2024-10-16,2024-12-05,2024-Q4,false,true,50,0.0,12600.0,0.0
O02407,A0008,Account 0008,Mid-Market,Financial Services,West,R001,Avery Nguyen,Outbound,Closed Lost,44100.0,2024-01-02,2024-03-04,2024-Q1,false,true,62,0.0,44100.0,0.0
O02408,A0317,Account 0317,Mid-Market,Education,Central,R016,Logan Reyes,Inbound,Qualification,48800.0,2025-11-12,,2025-Q4,false,false,,0.0,0.0,48800.0
O02409,A0092,Account 0092,Mid-Market,Energy,West,R013,Hayden Novak,Referral,Closed Lost,73200.0,2024-07-25,2024-10-27,2024-Q4,false,true,94,0.0,73200.0,0.0
O02410,A0264,Account 0264,SMB,Education,East,R012,Devon Costa,Partner,Closed Lost,9100.0,2024-02-03,2024-02-18,2024-Q1,false,true,15,0.0,9100.0,0.0
O02411,A0482,Account 0482,Mid-Market,Energy,East,R006,Taylor Larsson,Outbound,Closed Lost,63800.0,2024-02-08,2024-06-07,2024-Q2,false,true,120,0.0,63800.0,0.0
O02412,A0191,Account 0191,SMB,Financial Services,West,R018,Sawyer Walsh,Partner,Closed Lost,4600.0,2025-03-27,2025-04-15,2025-Q2,false,true,19,0.0,4600.0,0.0
O02413,A0141,Account 0141,SMB,Financial Services,West,R022,Shay Volkov,Outbound,Closed Won,7800.0,2025-01-24,2025-02-21,2025-Q1,true,true,28,7800.0,0.0,0.0
O02414,A0478,Account 0478,SMB,Technology,West,R002,Jordan Patel,Inbound,Closed Won,8200.0,2024-07-02,2024-08-08,2024-Q3,true,true,37,8200.0,0.0,0.0
O02415,A0424,Account 0424,SMB,Education,East,R024,Wren Park,Event,Closed Lost,7500.0,2024-07-30,2024-09-09,2024-Q3,false,true,41,0.0,7500.0,0.0
O02416,A0297,Account 0297,SMB,Education,Central,R021,Marlowe Silva,Outbound,Closed Lost,15600.0,2025-09-27,2025-11-15,2025-Q4,false,true,49,0.0,15600.0,0.0
O02417,A0358,Account 0358,SMB,Technology,East,R011,Sky Haddad,Inbound,Closed Won,9500.0,2025-02-27,2025-04-24,2025-Q2,true,true,56,9500.0,0.0,0.0
O02418,A0269,Account 0269,Mid-Market,Education,West,R007,Casey Rossi,Event,Closed Lost,62000.0,2024-08-14,2024-11-06,2024-Q4,false,true,84,0.0,62000.0,0.0
O02419,A0313,Account 0313,SMB,Manufacturing,West,R022,Shay Volkov,Inbound,Closed Lost,11500.0,2024-05-04,2024-06-12,2024-Q2,false,true,39,0.0,11500.0,0.0
O02420,A0249,Account 0249,SMB,Manufacturing,West,R011,Sky Haddad,Event,Closed Won,9800.0,2024-10-09,2024-11-29,2024-Q4,true,true,51,9800.0,0.0,0.0
O02421,A0420,Account 0420,Mid-Market,Education,East,R007,Casey Rossi,Partner,Closed Lost,65100.0,2024-01-18,2024-05-09,2024-Q2,false,true,112,0.0,65100.0,0.0
O02422,A0176,Account 0176,Enterprise,Retail,Central,R017,Parker Schmidt,Inbound,Closed Lost,269900.0,2024-08-17,2024-11-27,2024-Q4,false,true,102,0.0,269900.0,0.0
O02423,A0489,Account 0489,SMB,Logistics,East,R009,Drew Mbeki,Event,Closed Lost,15300.0,2025-08-12,2025-10-07,2025-Q4,false,true,56,0.0,15300.0,0.0
O02424,A0597,Account 0597,SMB,Financial Services,West,R011,Sky Haddad,Referral,Closed Lost,5400.0,2024-04-12,2024-05-11,2024-Q2,false,true,29,0.0,5400.0,0.0
O02425,A0585,Account 0585,Mid-Market,Retail,Central,R014,Emerson Ibrahim,Outbound,Closed Won,60900.0,2024-05-12,2024-07-03,2024-Q3,true,true,52,60900.0,0.0,0.0
O02426,A0045,Account 0045,Mid-Market,Technology,East,R014,Emerson Ibrahim,Inbound,Closed Lost,73800.0,2024-11-30,2025-02-21,2025-Q1,false,true,83,0.0,73800.0,0.0
O02427,A0423,Account 0423,Enterprise,Manufacturing,East,R020,Elliot Mori,Event,Closed Won,336100.0,2024-12-10,2025-07-08,2025-Q3,true,true,210,336100.0,0.0,0.0
O02428,A0039,Account 0039,SMB,Education,Central,R009,Drew Mbeki,Event,Closed Lost,7500.0,2024-01-11,2024-01-27,2024-Q1,false,true,16,0.0,7500.0,0.0
O02429,A0391,Account 0391,Mid-Market,Manufacturing,West,R003,Riley Garcia,Inbound,Closed Lost,53100.0,2024-05-31,2024-08-12,2024-Q3,false,true,73,0.0,53100.0,0.0
O02430,A0365,Account 0365,SMB,Logistics,East,R005,Morgan Okafor,Inbound,Closed Lost,6100.0,2024-05-19,2024-06-09,2024-Q2,false,true,21,0.0,6100.0,0.0
O02431,A0403,Account 0403,SMB,Retail,East,R012,Devon Costa,Outbound,Closed Won,11900.0,2025-06-25,2025-08-23,2025-Q3,true,true,59,11900.0,0.0,0.0
O02432,A0483,Account 0483,SMB,Logistics,Central,R002,Jordan Patel,Outbound,Closed Won,17600.0,2025-07-22,2025-09-01,2025-Q3,true,true,41,17600.0,0.0,0.0
O02433,A0224,Account 0224,Mid-Market,Education,East,R003,Riley Garcia,Partner,Closed Won,52300.0,2024-09-24,2024-12-24,2024-Q4,true,true,91,52300.0,0.0,0.0
O02434,A0407,Account 0407,Mid-Market,Healthcare,Central,R013,Hayden Novak,Outbound,Closed Lost,22500.0,2024-08-14,2024-10-08,2024-Q4,false,true,55,0.0,22500.0,0.0
O02435,A0050,Account 0050,Mid-Market,Technology,West,R006,Taylor Larsson,Referral,Closed Lost,29800.0,2024-10-30,2025-01-06,2025-Q1,false,true,68,0.0,29800.0,0.0
O02436,A0139,Account 0139,SMB,Logistics,Central,R002,Jordan Patel,Inbound,Closed Won,7700.0,2024-09-11,2024-10-07,2024-Q4,true,true,26,7700.0,0.0,0.0
O02437,A0213,Account 0213,SMB,Technology,Central,R024,Wren Park,Partner,Closed Lost,7500.0,2024-04-20,2024-05-05,2024-Q2,false,true,15,0.0,7500.0,0.0
O02438,A0426,Account 0426,SMB,Energy,West,R021,Marlowe Silva,Inbound,Closed Lost,8900.0,2025-11-21,2026-01-16,2026-Q1,false,true,56,0.0,8900.0,0.0
O02439,A0322,Account 0322,Enterprise,Education,East,R017,Parker Schmidt,Partner,Negotiation,202100.0,2025-08-05,,2025-Q3,false,false,,0.0,0.0,202100.0
O02440,A0499,Account 0499,Mid-Market,Manufacturing,East,R014,Emerson Ibrahim,Inbound,Closed Won,46900.0,2024-10-19,2024-12-11,2024-Q4,true,true,53,46900.0,0.0,0.0
O02441,A0213,Account 0213,SMB,Technology,Central,R012,Devon Costa,Event,Closed Lost,6400.0,2024-02-29,2024-03-23,2024-Q1,false,true,23,0.0,6400.0,0.0
O02442,A0049,Account 0049,SMB,Logistics,Central,R008,Quinn Kim,Outbound,Closed Won,12100.0,2024-06-14,2024-08-02,2024-Q3,true,true,49,12100.0,0.0,0.0
O02443,A0186,Account 0186,Mid-Market,Manufacturing,East,R014,Emerson Ibrahim,Referral,Closed Won,30300.0,2024-12-10,2025-02-13,2025-Q1,true,true,65,30300.0,0.0,0.0
O02444,A0240,Account 0240,SMB,Retail,Central,R002,Jordan Patel,Referral,Closed Lost,5000.0,2024-05-19,2024-06-03,2024-Q2,false,true,15,0.0,5000.0,0.0
O02445,A0221,Account 0221,SMB,Education,East,R009,Drew Mbeki,Outbound,Closed Won,3300.0,2024-01-11,2024-02-08,2024-Q1,true,true,28,3300.0,0.0,0.0
O02446,A0452,Account 0452,SMB,Logistics,Central,R005,Morgan Okafor,Outbound,Closed Lost,16500.0,2024-05-05,2024-06-30,2024-Q2,false,true,56,0.0,16500.0,0.0
O02447,A0011,Account 0011,Enterprise,Technology,East,R020,Elliot Mori,Outbound,Closed Lost,328300.0,2025-03-13,2025-07-17,2025-Q3,false,true,126,0.0,328300.0,0.0
O02448,A0323,Account 0323,SMB,Technology,Central,R009,Drew Mbeki,Inbound,Closed Lost,7200.0,2024-02-28,2024-03-24,2024-Q1,false,true,25,0.0,7200.0,0.0
O02449,A0178,Account 0178,Enterprise,Energy,Central,R017,Parker Schmidt,Inbound,Prospecting,326300.0,2025-08-18,,2025-Q3,false,false,,0.0,0.0,326300.0
O02450,A0135,Account 0135,Enterprise,Financial Services,East,R017,Parker Schmidt,Referral,Closed Won,174700.0,2024-05-10,2024-12-24,2024-Q4,true,true,228,174700.0,0.0,0.0
O02451,A0596,Account 0596,SMB,Retail,West,R002,Jordan Patel,Partner,Closed Lost,13800.0,2024-04-03,2024-05-16,2024-Q2,false,true,43,0.0,13800.0,0.0
O02452,A0136,Account 0136,Mid-Market,Retail,Central,R007,Casey Rossi,Partner,Closed Lost,21600.0,2024-02-23,2024-05-25,2024-Q2,false,true,92,0.0,21600.0,0.0
O02453,A0266,Account 0266,SMB,Technology,East,R024,Wren Park,Event,Closed Lost,13900.0,2025-07-13,2025-08-25,2025-Q3,false,true,43,0.0,13900.0,0.0
O02454,A0488,Account 0488,Mid-Market,Financial Services,Central,R023,Tatum Adeyemi,Outbound,Proposal,37900.0,2025-10-13,,2025-Q4,false,false,,0.0,0.0,37900.0
O02455,A0188,Account 0188,SMB,Technology,Central,R011,Sky Haddad,Outbound,Closed Lost,8400.0,2024-02-21,2024-03-30,2024-Q1,false,true,38,0.0,8400.0,0.0
O02456,A0452,Account 0452,SMB,Logistics,Central,R008,Quinn Kim,Inbound,Closed Lost,12400.0,2025-11-24,2026-01-07,2026-Q1,false,true,44,0.0,12400.0,0.0
O02457,A0160,Account 0160,Mid-Market,Energy,West,R010,Reese Dubois,Partner,Closed Lost,67800.0,2025-09-05,2025-10-25,2025-Q4,false,true,50,0.0,67800.0,0.0
O02458,A0395,Account 0395,SMB,Technology,West,R015,Rowan Andersen,Partner,Closed Lost,13700.0,2025-06-30,2025-08-01,2025-Q3,false,true,32,0.0,13700.0,0.0
O02459,A0151,Account 0151,Mid-Market,Retail,Central,R006,Taylor Larsson,Event,Closed Lost,56900.0,2025-05-12,2025-07-27,2025-Q3,false,true,76,0.0,56900.0,0.0
O02460,A0079,Account 0079,SMB,Energy,East,R008,Quinn Kim,Inbound,Closed Lost,4300.0,2024-04-12,2024-05-04,2024-Q2,false,true,22,0.0,4300.0,0.0
O02461,A0469,Account 0469,SMB,Healthcare,Central,R021,Marlowe Silva,Outbound,Closed Lost,13500.0,2024-02-12,2024-03-12,2024-Q1,false,true,29,0.0,13500.0,0.0
O02462,A0052,Account 0052,SMB,Education,East,R024,Wren Park,Outbound,Closed Lost,15800.0,2024-03-16,2024-04-28,2024-Q2,false,true,43,0.0,15800.0,0.0
O02463,A0037,Account 0037,SMB,Financial Services,East,R024,Wren Park,Referral,Closed Won,5300.0,2024-08-18,2024-10-09,2024-Q4,true,true,52,5300.0,0.0,0.0
O02464,A0258,Account 0258,Enterprise,Financial Services,East,R020,Elliot Mori,Inbound,Closed Lost,315300.0,2024-07-01,2024-12-19,2024-Q4,false,true,171,0.0,315300.0,0.0
O02465,A0105,Account 0105,Mid-Market,Healthcare,Central,R004,Cameron Cohen,Partner,Closed Lost,74100.0,2024-06-28,2024-08-30,2024-Q3,false,true,63,0.0,74100.0,0.0
O02466,A0256,Account 0256,Mid-Market,Education,East,R006,Taylor Larsson,Event,Closed Won,29300.0,2025-07-24,2025-11-04,2025-Q4,true,true,103,29300.0,0.0,0.0
O02467,A0154,Account 0154,SMB,Retail,West,R008,Quinn Kim,Partner,Closed Lost,5600.0,2024-04-25,2024-06-02,2024-Q2,false,true,38,0.0,5600.0,0.0
O02468,A0267,Account 0267,SMB,Manufacturing,Central,R022,Shay Volkov,Inbound,Closed Won,15700.0,2025-10-23,2025-11-30,2025-Q4,true,true,38,15700.0,0.0,0.0
O02469,A0002,Account 0002,Enterprise,Retail,East,R017,Parker Schmidt,Referral,Closed Lost,174200.0,2024-07-26,2025-01-06,2025-Q1,false,true,164,0.0,174200.0,0.0
O02470,A0019,Account 0019,SMB,Logistics,West,R011,Sky Haddad,Referral,Closed Lost,10500.0,2025-05-29,2025-07-15,2025-Q3,false,true,47,0.0,10500.0,0.0
O02471,A0013,Account 0013,SMB,Manufacturing,East,R011,Sky Haddad,Outbound,Closed Won,15100.0,2025-04-20,2025-05-05,2025-Q2,true,true,15,15100.0,0.0,0.0
O02472,A0387,Account 0387,Mid-Market,Education,West,R016,Logan Reyes,Outbound,Proposal,22400.0,2025-12-01,,2025-Q4,false,false,,0.0,0.0,22400.0
O02473,A0264,Account 0264,SMB,Education,East,R022,Shay Volkov,Inbound,Closed Lost,9400.0,2024-07-05,2024-08-13,2024-Q3,false,true,39,0.0,9400.0,0.0
O02474,A0325,Account 0325,Enterprise,Manufacturing,West,R020,Elliot Mori,Outbound,Closed Lost,139200.0,2024-08-26,2025-01-31,2025-Q1,false,true,158,0.0,139200.0,0.0
O02475,A0175,Account 0175,Mid-Market,Manufacturing,West,R004,Cameron Cohen,Event,Closed Lost,27500.0,2025-01-02,2025-04-29,2025-Q2,false,true,117,0.0,27500.0,0.0
O02476,A0358,Account 0358,SMB,Technology,East,R021,Marlowe Silva,Partner,Closed Won,15100.0,2024-03-26,2024-04-18,2024-Q2,true,true,23,15100.0,0.0,0.0
O02477,A0587,Account 0587,SMB,Logistics,West,R008,Quinn Kim,Referral,Closed Won,7300.0,2024-06-03,2024-07-24,2024-Q3,true,true,51,7300.0,0.0,0.0
O02478,A0421,Account 0421,Mid-Market,Retail,Central,R006,Taylor Larsson,Partner,Closed Lost,54700.0,2024-02-13,2024-04-17,2024-Q2,false,true,64,0.0,54700.0,0.0
O02479,A0596,Account 0596,SMB,Retail,West,R015,Rowan Andersen,Event,Closed Lost,6700.0,2024-08-26,2024-10-06,2024-Q4,false,true,41,0.0,6700.0,0.0
O02480,A0419,Account 0419,SMB,Healthcare,West,R008,Quinn Kim,Inbound,Closed Lost,7400.0,2025-09-29,2025-11-28,2025-Q4,false,true,60,0.0,7400.0,0.0
O02481,A0442,Account 0442,SMB,Energy,East,R015,Rowan Andersen,Inbound,Closed Lost,12900.0,2024-03-18,2024-04-22,2024-Q2,false,true,35,0.0,12900.0,0.0
O02482,A0565,Account 0565,Mid-Market,Manufacturing,Central,R010,Reese Dubois,Partner,Closed Won,30700.0,2024-04-09,2024-06-17,2024-Q2,true,true,69,30700.0,0.0,0.0
O02483,A0042,Account 0042,Enterprise,Financial Services,West,R017,Parker Schmidt,Partner,Closed Lost,251000.0,2024-10-06,2025-05-30,2025-Q2,false,true,236,0.0,251000.0,0.0
O02484,A0161,Account 0161,SMB,Logistics,Central,R005,Morgan Okafor,Referral,Closed Won,5700.0,2025-10-19,2025-11-07,2025-Q4,true,true,19,5700.0,0.0,0.0
O02485,A0178,Account 0178,Enterprise,Energy,Central,R017,Parker Schmidt,Inbound,Closed Lost,243600.0,2025-01-16,2025-06-30,2025-Q2,false,true,165,0.0,243600.0,0.0
O02486,A0382,Account 0382,SMB,Healthcare,West,R021,Marlowe Silva,Referral,Closed Lost,11200.0,2024-06-06,2024-07-17,2024-Q3,false,true,41,0.0,11200.0,0.0
O02487,A0306,Account 0306,Enterprise,Logistics,Central,R017,Parker Schmidt,Outbound,Closed Lost,115100.0,2024-04-16,2024-12-11,2024-Q4,false,true,239,0.0,115100.0,0.0
O02488,A0060,Account 0060,SMB,Technology,West,R015,Rowan Andersen,Partner,Closed Lost,14300.0,2024-11-12,2024-12-15,2024-Q4,false,true,33,0.0,14300.0,0.0
O02489,A0044,Account 0044,SMB,Technology,East,R015,Rowan Andersen,Outbound,Closed Lost,16900.0,2024-06-30,2024-08-19,2024-Q3,false,true,50,0.0,16900.0,0.0
O02490,A0538,Account 0538,SMB,Manufacturing,East,R018,Sawyer Walsh,Referral,Closed Lost,10800.0,2024-09-07,2024-10-11,2024-Q4,false,true,34,0.0,10800.0,0.0
O02491,A0412,Account 0412,Enterprise,Logistics,East,R020,Elliot Mori,Outbound,Closed Won,328000.0,2025-02-12,2025-07-31,2025-Q3,true,true,169,328000.0,0.0,0.0
O02492,A0133,Account 0133,SMB,Logistics,Central,R009,Drew Mbeki,Partner,Closed Lost,5700.0,2024-10-30,2024-12-25,2024-Q4,false,true,56,0.0,5700.0,0.0
O02493,A0447,Account 0447,SMB,Energy,East,R008,Quinn Kim,Partner,Closed Won,5900.0,2024-07-02,2024-07-20,2024-Q3,true,true,18,5900.0,0.0,0.0
O02494,A0047,Account 0047,SMB,Retail,East,R011,Sky Haddad,Referral,Closed Won,6800.0,2024-06-16,2024-08-08,2024-Q3,true,true,53,6800.0,0.0,0.0
O02495,A0289,Account 0289,SMB,Healthcare,West,R018,Sawyer Walsh,Inbound,Closed Lost,14600.0,2025-06-07,2025-07-27,2025-Q3,false,true,50,0.0,14600.0,0.0
O02496,A0483,Account 0483,SMB,Logistics,Central,R022,Shay Volkov,Outbound,Closed Lost,15400.0,2025-04-02,2025-04-25,2025-Q2,false,true,23,0.0,15400.0,0.0
O02497,A0285,Account 0285,SMB,Logistics,East,R022,Shay Volkov,Inbound,Closed Lost,12800.0,2025-06-23,2025-07-13,2025-Q3,false,true,20,0.0,12800.0,0.0
O02498,A0563,Account 0563,SMB,Healthcare,West,R002,Jordan Patel,Inbound,Closed Lost,16100.0,2024-02-28,2024-03-27,2024-Q1,false,true,28,0.0,16100.0,0.0
O02499,A0173,Account 0173,Enterprise,Healthcare,Central,R017,Parker Schmidt,Inbound,Closed Won,191300.0,2024-03-04,2024-06-03,2024-Q2,true,true,91,191300.0,0.0,0.0
O02500,A0345,Account 0345,Enterprise,Education,West,R017,Parker Schmidt,Event,Prospecting,140300.0,2025-07-11,,2025-Q3,false,false,,0.0,0.0,140300.0
O02501,A0277,Account 0277,SMB,Energy,East,R009,Drew Mbeki,Outbound,Closed Won,11200.0,2025-06-26,2025-07-25,2025-Q3,true,true,29,11200.0,0.0,0.0
O02502,A0166,Account 0166,Enterprise,Healthcare,East,R020,Elliot Mori,Inbound,Closed Lost,291200.0,2025-09-22,2026-02-02,2026-Q1,false,true,133,0.0,291200.0,0.0
O02503,A0408,Account 0408,SMB,Healthcare,West,R021,Marlowe Silva,Referral,Closed Lost,15300.0,2025-03-18,2025-04-11,2025-Q2,false,true,24,0.0,15300.0,0.0
O02504,A0233,Account 0233,Enterprise,Financial Services,East,R017,Parker Schmidt,Event,Closed Lost,362200.0,2025-07-23,2025-12-12,2025-Q4,false,true,142,0.0,362200.0,0.0
O02505,A0209,Account 0209,SMB,Healthcare,West,R009,Drew Mbeki,Inbound,Closed Won,16500.0,2025-05-10,2025-06-19,2025-Q2,true,true,40,16500.0,0.0,0.0
O02506,A0117,Account 0117,SMB,Education,Central,R024,Wren Park,Inbound,Closed Lost,5700.0,2025-07-09,2025-08-17,2025-Q3,false,true,39,0.0,5700.0,0.0
O02507,A0566,Account 0566,SMB,Retail,West,R011,Sky Haddad,Partner,Closed Won,17600.0,2024-04-21,2024-05-05,2024-Q2,true,true,14,17600.0,0.0,0.0
O02508,A0161,Account 0161,SMB,Logistics,Central,R009,Drew Mbeki,Outbound,Closed Won,12100.0,2024-08-19,2024-10-17,2024-Q4,true,true,59,12100.0,0.0,0.0
O02509,A0521,Account 0521,Mid-Market,Education,East,R006,Taylor Larsson,Event,Closed Lost,46600.0,2024-12-23,2025-03-01,2025-Q1,false,true,68,0.0,46600.0,0.0
O02510,A0542,Account 0542,SMB,Education,Central,R018,Sawyer Walsh,Partner,Closed Lost,17100.0,2024-11-29,2025-01-27,2025-Q1,false,true,59,0.0,17100.0,0.0
O02511,A0416,Account 0416,SMB,Healthcare,West,R018,Sawyer Walsh,Partner,Closed Won,4400.0,2025-05-19,2025-06-26,2025-Q2,true,true,38,4400.0,0.0,0.0
O02512,A0380,Account 0380,Mid-Market,Energy,Central,R019,Blake Fischer,Outbound,Closed Lost,57400.0,2024-06-20,2024-08-04,2024-Q3,false,true,45,0.0,57400.0,0.0
O02513,A0273,Account 0273,SMB,Financial Services,East,R009,Drew Mbeki,Referral,Closed Lost,4900.0,2024-03-17,2024-05-09,2024-Q2,false,true,53,0.0,4900.0,0.0
O02514,A0120,Account 0120,Enterprise,Manufacturing,West,R020,Elliot Mori,Outbound,Closed Lost,192700.0,2025-05-30,2025-09-25,2025-Q3,false,true,118,0.0,192700.0,0.0
O02515,A0547,Account 0547,Mid-Market,Logistics,East,R023,Tatum Adeyemi,Outbound,Closed Lost,61000.0,2024-09-09,2025-01-01,2025-Q1,false,true,114,0.0,61000.0,0.0
O02516,A0018,Account 0018,Enterprise,Manufacturing,West,R017,Parker Schmidt,Outbound,Closed Lost,198000.0,2025-02-04,2025-08-09,2025-Q3,false,true,186,0.0,198000.0,0.0
O02517,A0394,Account 0394,SMB,Education,East,R008,Quinn Kim,Inbound,Closed Won,11600.0,2025-09-18,2025-10-24,2025-Q4,true,true,36,11600.0,0.0,0.0
O02518,A0210,Account 0210,Mid-Market,Healthcare,West,R007,Casey Rossi,Outbound,Qualification,54800.0,2025-09-23,,2025-Q3,false,false,,0.0,0.0,54800.0
O02519,A0446,Account 0446,SMB,Manufacturing,West,R024,Wren Park,Event,Closed Lost,14500.0,2025-10-13,2025-10-27,2025-Q4,false,true,14,0.0,14500.0,0.0
O02520,A0594,Account 0594,SMB,Manufacturing,West,R022,Shay Volkov,Event,Closed Lost,7000.0,2024-01-24,2024-03-06,2024-Q1,false,true,42,0.0,7000.0,0.0
O02521,A0422,Account 0422,SMB,Technology,Central,R015,Rowan Andersen,Outbound,Closed Lost,3900.0,2025-08-27,2025-09-29,2025-Q3,false,true,33,0.0,3900.0,0.0
O02522,A0497,Account 0497,SMB,Energy,East,R002,Jordan Patel,Inbound,Closed Lost,11300.0,2025-07-29,2025-08-12,2025-Q3,false,true,14,0.0,11300.0,0.0
O02523,A0510,Account 0510,SMB,Financial Services,West,R011,Sky Haddad,Inbound,Closed Lost,13300.0,2025-07-26,2025-08-31,2025-Q3,false,true,36,0.0,13300.0,0.0
O02524,A0283,Account 0283,SMB,Manufacturing,Central,R005,Morgan Okafor,Event,Closed Lost,15000.0,2025-06-05,2025-07-01,2025-Q3,false,true,26,0.0,15000.0,0.0
O02525,A0116,Account 0116,SMB,Retail,Central,R015,Rowan Andersen,Referral,Closed Lost,7300.0,2025-04-18,2025-05-17,2025-Q2,false,true,29,0.0,7300.0,0.0
O02526,A0352,Account 0352,SMB,Energy,East,R009,Drew Mbeki,Inbound,Closed Lost,11700.0,2025-02-12,2025-04-13,2025-Q2,false,true,60,0.0,11700.0,0.0
O02527,A0390,Account 0390,Enterprise,Logistics,East,R020,Elliot Mori,Partner,Proposal,88900.0,2025-08-21,,2025-Q3,false,false,,0.0,0.0,88900.0
O02528,A0528,Account 0528,Enterprise,Technology,Central,R020,Elliot Mori,Event,Closed Won,388800.0,2024-01-11,2024-07-02,2024-Q3,true,true,173,388800.0,0.0,0.0
O02529,A0033,Account 0033,SMB,Logistics,Central,R008,Quinn Kim,Outbound,Closed Won,17400.0,2025-02-12,2025-03-06,2025-Q1,true,true,22,17400.0,0.0,0.0
O02530,A0567,Account 0567,Mid-Market,Financial Services,Central,R019,Blake Fischer,Outbound,Closed Won,70100.0,2024-03-03,2024-04-19,2024-Q2,true,true,47,70100.0,0.0,0.0
O02531,A0259,Account 0259,SMB,Healthcare,Central,R012,Devon Costa,Event,Closed Won,14600.0,2025-06-16,2025-07-06,2025-Q3,true,true,20,14600.0,0.0,0.0
O02532,A0587,Account 0587,SMB,Logistics,West,R021,Marlowe Silva,Inbound,Closed Lost,15100.0,2024-07-13,2024-09-07,2024-Q3,false,true,56,0.0,15100.0,0.0
O02533,A0554,Account 0554,Mid-Market,Logistics,Central,R016,Logan Reyes,Referral,Closed Lost,34200.0,2024-08-30,2024-12-13,2024-Q4,false,true,105,0.0,34200.0,0.0
O02534,A0567,Account 0567,Mid-Market,Financial Services,Central,R010,Reese Dubois,Outbound,Closed Lost,18900.0,2025-03-01,2025-05-15,2025-Q2,false,true,75,0.0,18900.0,0.0
O02535,A0380,Account 0380,Mid-Market,Energy,Central,R001,Avery Nguyen,Partner,Closed Lost,31200.0,2024-02-18,2024-04-03,2024-Q2,false,true,45,0.0,31200.0,0.0
O02536,A0413,Account 0413,Mid-Market,Healthcare,Central,R003,Riley Garcia,Referral,Closed Won,58000.0,2025-08-29,2025-11-27,2025-Q4,true,true,90,58000.0,0.0,0.0
O02537,A0367,Account 0367,SMB,Retail,East,R015,Rowan Andersen,Inbound,Closed Lost,11400.0,2024-10-26,2024-11-15,2024-Q4,false,true,20,0.0,11400.0,0.0
O02538,A0449,Account 0449,SMB,Technology,West,R021,Marlowe Silva,Outbound,Closed Lost,9500.0,2025-11-11,2025-12-13,2025-Q4,false,true,32,0.0,9500.0,0.0
O02539,A0492,Account 0492,SMB,Education,Central,R002,Jordan Patel,Event,Closed Won,11000.0,2025-10-31,2025-11-21,2025-Q4,true,true,21,11000.0,0.0,0.0
O02540,A0036,Account 0036,Mid-Market,Manufacturing,West,R001,Avery Nguyen,Inbound,Closed Lost,44500.0,2024-04-25,2024-07-05,2024-Q3,false,true,71,0.0,44500.0,0.0
O02541,A0237,Account 0237,SMB,Energy,Central,R011,Sky Haddad,Outbound,Closed Won,17200.0,2024-10-29,2024-12-01,2024-Q4,true,true,33,17200.0,0.0,0.0
O02542,A0045,Account 0045,Mid-Market,Technology,East,R013,Hayden Novak,Outbound,Closed Lost,59200.0,2025-05-10,2025-07-29,2025-Q3,false,true,80,0.0,59200.0,0.0
O02543,A0411,Account 0411,Mid-Market,Manufacturing,East,R010,Reese Dubois,Event,Closed Lost,76300.0,2024-06-17,2024-09-08,2024-Q3,false,true,83,0.0,76300.0,0.0
O02544,A0130,Account 0130,SMB,Logistics,Central,R005,Morgan Okafor,Outbound,Closed Lost,12200.0,2024-11-27,2025-01-02,2025-Q1,false,true,36,0.0,12200.0,0.0
O02545,A0323,Account 0323,SMB,Technology,Central,R015,Rowan Andersen,Outbound,Closed Won,17100.0,2024-07-01,2024-07-26,2024-Q3,true,true,25,17100.0,0.0,0.0
O02546,A0340,Account 0340,SMB,Energy,Central,R009,Drew Mbeki,Event,Closed Won,12700.0,2024-08-08,2024-10-01,2024-Q4,true,true,54,12700.0,0.0,0.0
O02547,A0265,Account 0265,Mid-Market,Financial Services,Central,R014,Emerson Ibrahim,Inbound,Closed Lost,73800.0,2024-11-10,2025-02-24,2025-Q1,false,true,106,0.0,73800.0,0.0
O02548,A0334,Account 0334,SMB,Manufacturing,East,R012,Devon Costa,Inbound,Closed Lost,12000.0,2025-09-03,2025-10-01,2025-Q4,false,true,28,0.0,12000.0,0.0
O02549,A0238,Account 0238,SMB,Logistics,West,R021,Marlowe Silva,Referral,Closed Lost,3100.0,2024-08-18,2024-09-21,2024-Q3,false,true,34,0.0,3100.0,0.0
O02550,A0295,Account 0295,Mid-Market,Financial Services,East,R010,Reese Dubois,Event,Closed Lost,24300.0,2024-12-22,2025-03-04,2025-Q1,false,true,72,0.0,24300.0,0.0
O02551,A0058,Account 0058,SMB,Healthcare,Central,R002,Jordan Patel,Inbound,Closed Won,4900.0,2024-09-12,2024-10-21,2024-Q4,true,true,39,4900.0,0.0,0.0
O02552,A0070,Account 0070,SMB,Healthcare,Central,R018,Sawyer Walsh,Outbound,Closed Lost,5100.0,2024-08-30,2024-10-23,2024-Q4,false,true,54,0.0,5100.0,0.0
O02553,A0436,Account 0436,SMB,Education,Central,R011,Sky Haddad,Outbound,Closed Won,11200.0,2025-07-02,2025-08-26,2025-Q3,true,true,55,11200.0,0.0,0.0
O02554,A0329,Account 0329,Enterprise,Financial Services,Central,R020,Elliot Mori,Outbound,Proposal,134700.0,2025-07-21,,2025-Q3,false,false,,0.0,0.0,134700.0
O02555,A0321,Account 0321,SMB,Financial Services,Central,R005,Morgan Okafor,Outbound,Closed Lost,17700.0,2025-02-19,2025-03-12,2025-Q1,false,true,21,0.0,17700.0,0.0
O02556,A0087,Account 0087,SMB,Retail,Central,R018,Sawyer Walsh,Event,Closed Won,8000.0,2024-03-09,2024-03-26,2024-Q1,true,true,17,8000.0,0.0,0.0
O02557,A0049,Account 0049,SMB,Logistics,Central,R012,Devon Costa,Inbound,Closed Lost,4400.0,2024-11-11,2025-01-02,2025-Q1,false,true,52,0.0,4400.0,0.0
O02558,A0483,Account 0483,SMB,Logistics,Central,R009,Drew Mbeki,Inbound,Closed Lost,6200.0,2025-01-09,2025-03-04,2025-Q1,false,true,54,0.0,6200.0,0.0
O02559,A0542,Account 0542,SMB,Education,Central,R011,Sky Haddad,Partner,Closed Lost,4800.0,2024-04-24,2024-06-06,2024-Q2,false,true,43,0.0,4800.0,0.0
O02560,A0585,Account 0585,Mid-Market,Retail,Central,R014,Emerson Ibrahim,Inbound,Closed Lost,35900.0,2024-07-23,2024-10-09,2024-Q4,false,true,78,0.0,35900.0,0.0
O02561,A0342,Account 0342,Mid-Market,Financial Services,Central,R006,Taylor Larsson,Inbound,Closed Won,51100.0,2025-05-15,2025-09-02,2025-Q3,true,true,110,51100.0,0.0,0.0
O02562,A0223,Account 0223,SMB,Financial Services,East,R015,Rowan Andersen,Partner,Closed Won,13300.0,2024-03-26,2024-04-13,2024-Q2,true,true,18,13300.0,0.0,0.0
O02563,A0187,Account 0187,SMB,Energy,West,R015,Rowan Andersen,Inbound,Closed Lost,10100.0,2024-02-08,2024-03-25,2024-Q1,false,true,46,0.0,10100.0,0.0
O02564,A0571,Account 0571,SMB,Energy,Central,R005,Morgan Okafor,Inbound,Closed Lost,10200.0,2024-12-27,2025-01-21,2025-Q1,false,true,25,0.0,10200.0,0.0
O02565,A0569,Account 0569,SMB,Healthcare,Central,R015,Rowan Andersen,Inbound,Closed Won,13300.0,2024-07-07,2024-08-10,2024-Q3,true,true,34,13300.0,0.0,0.0
O02566,A0314,Account 0314,Mid-Market,Energy,West,R013,Hayden Novak,Outbound,Closed Lost,75400.0,2024-11-30,2025-02-10,2025-Q1,false,true,72,0.0,75400.0,0.0
O02567,A0525,Account 0525,SMB,Education,East,R002,Jordan Patel,Outbound,Closed Won,11500.0,2024-04-13,2024-05-29,2024-Q2,true,true,46,11500.0,0.0,0.0
O02568,A0490,Account 0490,Mid-Market,Financial Services,West,R006,Taylor Larsson,Partner,Closed Lost,71900.0,2024-10-26,2025-01-14,2025-Q1,false,true,80,0.0,71900.0,0.0
O02569,A0454,Account 0454,SMB,Logistics,Central,R015,Rowan Andersen,Inbound,Closed Lost,15100.0,2024-06-15,2024-08-05,2024-Q3,false,true,51,0.0,15100.0,0.0
O02570,A0318,Account 0318,SMB,Financial Services,West,R009,Drew Mbeki,Inbound,Closed Lost,5000.0,2024-08-02,2024-09-10,2024-Q3,false,true,39,0.0,5000.0,0.0
O02571,A0386,Account 0386,SMB,Manufacturing,East,R024,Wren Park,Outbound,Closed Lost,17600.0,2025-03-16,2025-04-15,2025-Q2,false,true,30,0.0,17600.0,0.0
O02572,A0589,Account 0589,SMB,Technology,West,R022,Shay Volkov,Outbound,Closed Won,3600.0,2024-01-30,2024-03-28,2024-Q1,true,true,58,3600.0,0.0,0.0
O02573,A0349,Account 0349,SMB,Healthcare,West,R018,Sawyer Walsh,Event,Closed Lost,3300.0,2024-08-21,2024-10-10,2024-Q4,false,true,50,0.0,3300.0,0.0
O02574,A0349,Account 0349,SMB,Healthcare,West,R008,Quinn Kim,Partner,Closed Lost,4300.0,2024-04-07,2024-06-05,2024-Q2,false,true,59,0.0,4300.0,0.0
O02575,A0298,Account 0298,SMB,Financial Services,East,R011,Sky Haddad,Referral,Closed Won,7400.0,2024-06-23,2024-08-17,2024-Q3,true,true,55,7400.0,0.0,0.0
O02576,A0530,Account 0530,Enterprise,Manufacturing,East,R020,Elliot Mori,Event,Closed Lost,266500.0,2025-09-26,2026-04-21,2026-Q2,false,true,207,0.0,266500.0,0.0
O02577,A0503,Account 0503,SMB,Retail,West,R012,Devon Costa,Inbound,Closed Lost,11600.0,2025-10-12,2025-12-10,2025-Q4,false,true,59,0.0,11600.0,0.0
O02578,A0531,Account 0531,Mid-Market,Retail,East,R003,Riley Garcia,Partner,Closed Won,29100.0,2025-08-29,2025-10-19,2025-Q4,true,true,51,29100.0,0.0,0.0
O02579,A0474,Account 0474,SMB,Logistics,West,R021,Marlowe Silva,Event,Closed Lost,16500.0,2025-09-15,2025-11-10,2025-Q4,false,true,56,0.0,16500.0,0.0
O02580,A0141,Account 0141,SMB,Financial Services,West,R011,Sky Haddad,Event,Closed Lost,5800.0,2025-06-25,2025-08-12,2025-Q3,false,true,48,0.0,5800.0,0.0
O02581,A0084,Account 0084,SMB,Technology,Central,R018,Sawyer Walsh,Referral,Closed Lost,14300.0,2024-01-15,2024-02-19,2024-Q1,false,true,35,0.0,14300.0,0.0
O02582,A0269,Account 0269,Mid-Market,Education,West,R010,Reese Dubois,Outbound,Closed Won,67300.0,2024-04-11,2024-06-29,2024-Q2,true,true,79,67300.0,0.0,0.0
O02583,A0164,Account 0164,Mid-Market,Manufacturing,Central,R016,Logan Reyes,Inbound,Closed Won,24500.0,2025-02-04,2025-05-26,2025-Q2,true,true,111,24500.0,0.0,0.0
O02584,A0031,Account 0031,Mid-Market,Healthcare,West,R006,Taylor Larsson,Outbound,Closed Lost,39200.0,2025-06-24,2025-10-11,2025-Q4,false,true,109,0.0,39200.0,0.0
O02585,A0084,Account 0084,SMB,Technology,Central,R022,Shay Volkov,Outbound,Closed Lost,17800.0,2024-09-08,2024-10-31,2024-Q4,false,true,53,0.0,17800.0,0.0
O02586,A0282,Account 0282,Mid-Market,Financial Services,East,R010,Reese Dubois,Event,Closed Won,73000.0,2025-08-13,2025-09-28,2025-Q3,true,true,46,73000.0,0.0,0.0
O02587,A0587,Account 0587,SMB,Logistics,West,R024,Wren Park,Outbound,Closed Lost,9700.0,2024-06-19,2024-07-09,2024-Q3,false,true,20,0.0,9700.0,0.0
O02588,A0152,Account 0152,SMB,Energy,West,R021,Marlowe Silva,Event,Closed Won,11800.0,2025-03-11,2025-04-21,2025-Q2,true,true,41,11800.0,0.0,0.0
O02589,A0092,Account 0092,Mid-Market,Energy,West,R023,Tatum Adeyemi,Referral,Proposal,64200.0,2025-11-03,,2025-Q4,false,false,,0.0,0.0,64200.0
O02590,A0013,Account 0013,SMB,Manufacturing,East,R024,Wren Park,Partner,Closed Lost,4900.0,2024-11-22,2024-12-18,2024-Q4,false,true,26,0.0,4900.0,0.0
O02591,A0125,Account 0125,SMB,Energy,Central,R005,Morgan Okafor,Inbound,Closed Won,14800.0,2025-08-12,2025-09-10,2025-Q3,true,true,29,14800.0,0.0,0.0
O02592,A0546,Account 0546,SMB,Energy,West,R008,Quinn Kim,Inbound,Closed Lost,7600.0,2025-08-10,2025-09-23,2025-Q3,false,true,44,0.0,7600.0,0.0
O02593,A0125,Account 0125,SMB,Energy,Central,R009,Drew Mbeki,Inbound,Closed Lost,11600.0,2025-03-12,2025-03-28,2025-Q1,false,true,16,0.0,11600.0,0.0
O02594,A0548,Account 0548,SMB,Financial Services,East,R005,Morgan Okafor,Inbound,Closed Won,4800.0,2025-05-29,2025-07-27,2025-Q3,true,true,59,4800.0,0.0,0.0
O02595,A0139,Account 0139,SMB,Logistics,Central,R011,Sky Haddad,Referral,Closed Lost,9900.0,2024-08-05,2024-10-03,2024-Q4,false,true,59,0.0,9900.0,0.0
O02596,A0544,Account 0544,Mid-Market,Retail,Central,R014,Emerson Ibrahim,Outbound,Closed Won,65000.0,2024-07-29,2024-10-30,2024-Q4,true,true,93,65000.0,0.0,0.0
O02597,A0223,Account 0223,SMB,Financial Services,East,R012,Devon Costa,Inbound,Closed Lost,12000.0,2025-06-05,2025-08-04,2025-Q3,false,true,60,0.0,12000.0,0.0
O02598,A0248,Account 0248,Mid-Market,Financial Services,Central,R019,Blake Fischer,Referral,Closed Lost,56900.0,2024-03-02,2024-04-16,2024-Q2,false,true,45,0.0,56900.0,0.0
O02599,A0441,Account 0441,SMB,Retail,Central,R005,Morgan Okafor,Inbound,Closed Lost,17300.0,2025-01-10,2025-03-05,2025-Q1,false,true,54,0.0,17300.0,0.0
O02600,A0343,Account 0343,SMB,Retail,West,R015,Rowan Andersen,Outbound,Closed Lost,11800.0,2025-01-19,2025-02-17,2025-Q1,false,true,29,0.0,11800.0,0.0
O02601,A0119,Account 0119,SMB,Retail,Central,R005,Morgan Okafor,Outbound,Closed Lost,6700.0,2025-01-23,2025-02-24,2025-Q1,false,true,32,0.0,6700.0,0.0
O02602,A0138,Account 0138,Mid-Market,Technology,Central,R016,Logan Reyes,Event,Closed Lost,48100.0,2024-09-02,2024-12-16,2024-Q4,false,true,105,0.0,48100.0,0.0
O02603,A0558,Account 0558,Mid-Market,Technology,East,R019,Blake Fischer,Inbound,Closed Lost,43400.0,2025-03-07,2025-06-08,2025-Q2,false,true,93,0.0,43400.0,0.0
O02604,A0182,Account 0182,Enterprise,Technology,West,R017,Parker Schmidt,Partner,Closed Lost,162100.0,2025-01-21,2025-06-25,2025-Q2,false,true,155,0.0,162100.0,0.0
O02605,A0079,Account 0079,SMB,Energy,East,R002,Jordan Patel,Referral,Closed Lost,18000.0,2024-04-17,2024-06-09,2024-Q2,false,true,53,0.0,18000.0,0.0
O02606,A0210,Account 0210,Mid-Market,Healthcare,West,R010,Reese Dubois,Referral,Closed Lost,43400.0,2025-07-02,2025-09-23,2025-Q3,false,true,83,0.0,43400.0,0.0
O02607,A0128,Account 0128,Enterprise,Financial Services,West,R017,Parker Schmidt,Referral,Closed Won,255000.0,2024-07-12,2025-03-02,2025-Q1,true,true,233,255000.0,0.0,0.0
O02608,A0009,Account 0009,SMB,Financial Services,Central,R011,Sky Haddad,Referral,Closed Lost,9300.0,2024-05-26,2024-07-10,2024-Q3,false,true,45,0.0,9300.0,0.0
O02609,A0522,Account 0522,SMB,Retail,Central,R005,Morgan Okafor,Inbound,Closed Won,6900.0,2024-09-26,2024-11-19,2024-Q4,true,true,54,6900.0,0.0,0.0
O02610,A0593,Account 0593,Mid-Market,Logistics,West,R006,Taylor Larsson,Outbound,Closed Lost,67200.0,2025-08-29,2025-11-22,2025-Q4,false,true,85,0.0,67200.0,0.0
O02611,A0589,Account 0589,SMB,Technology,West,R002,Jordan Patel,Event,Closed Lost,9000.0,2025-03-04,2025-04-18,2025-Q2,false,true,45,0.0,9000.0,0.0
O02612,A0004,Account 0004,SMB,Education,West,R022,Shay Volkov,Inbound,Closed Lost,10600.0,2024-06-26,2024-07-21,2024-Q3,false,true,25,0.0,10600.0,0.0
O02613,A0522,Account 0522,SMB,Retail,Central,R018,Sawyer Walsh,Event,Closed Lost,14300.0,2024-10-03,2024-11-06,2024-Q4,false,true,34,0.0,14300.0,0.0
O02614,A0243,Account 0243,SMB,Education,West,R012,Devon Costa,Outbound,Closed Lost,5000.0,2025-07-04,2025-08-16,2025-Q3,false,true,43,0.0,5000.0,0.0
O02615,A0202,Account 0202,SMB,Retail,Central,R002,Jordan Patel,Referral,Closed Lost,15100.0,2025-10-19,2025-11-29,2025-Q4,false,true,41,0.0,15100.0,0.0
O02616,A0109,Account 0109,SMB,Technology,Central,R015,Rowan Andersen,Inbound,Closed Won,14500.0,2024-10-04,2024-12-03,2024-Q4,true,true,60,14500.0,0.0,0.0
O02617,A0214,Account 0214,Enterprise,Logistics,Central,R017,Parker Schmidt,Outbound,Closed Lost,145800.0,2025-06-03,2026-01-05,2026-Q1,false,true,216,0.0,145800.0,0.0
O02618,A0525,Account 0525,SMB,Education,East,R009,Drew Mbeki,Outbound,Closed Lost,9100.0,2024-08-27,2024-09-23,2024-Q3,false,true,27,0.0,9100.0,0.0
O02619,A0258,Account 0258,Enterprise,Financial Services,East,R017,Parker Schmidt,Inbound,Closed Lost,273600.0,2024-08-26,2024-11-26,2024-Q4,false,true,92,0.0,273600.0,0.0
O02620,A0358,Account 0358,SMB,Technology,East,R009,Drew Mbeki,Inbound,Closed Lost,16100.0,2025-06-08,2025-08-01,2025-Q3,false,true,54,0.0,16100.0,0.0
O02621,A0131,Account 0131,Mid-Market,Financial Services,West,R013,Hayden Novak,Inbound,Closed Won,34400.0,2024-05-16,2024-08-13,2024-Q3,true,true,89,34400.0,0.0,0.0
O02622,A0269,Account 0269,Mid-Market,Education,West,R003,Riley Garcia,Partner,Prospecting,71500.0,2025-11-01,,2025-Q4,false,false,,0.0,0.0,71500.0
O02623,A0462,Account 0462,Mid-Market,Education,West,R014,Emerson Ibrahim,Inbound,Closed Lost,34600.0,2024-05-17,2024-07-01,2024-Q3,false,true,45,0.0,34600.0,0.0
O02624,A0507,Account 0507,SMB,Logistics,East,R022,Shay Volkov,Outbound,Closed Won,11500.0,2024-10-05,2024-10-25,2024-Q4,true,true,20,11500.0,0.0,0.0
O02625,A0246,Account 0246,Enterprise,Manufacturing,East,R017,Parker Schmidt,Referral,Closed Lost,308700.0,2024-03-01,2024-09-30,2024-Q3,false,true,213,0.0,308700.0,0.0
O02626,A0148,Account 0148,SMB,Education,West,R008,Quinn Kim,Partner,Closed Won,17300.0,2024-10-10,2024-11-27,2024-Q4,true,true,48,17300.0,0.0,0.0
O02627,A0572,Account 0572,SMB,Education,West,R018,Sawyer Walsh,Outbound,Closed Lost,17700.0,2024-06-03,2024-07-11,2024-Q3,false,true,38,0.0,17700.0,0.0
O02628,A0210,Account 0210,Mid-Market,Healthcare,West,R004,Cameron Cohen,Inbound,Closed Lost,22800.0,2024-06-30,2024-09-30,2024-Q3,false,true,92,0.0,22800.0,0.0
O02629,A0148,Account 0148,SMB,Education,West,R008,Quinn Kim,Partner,Closed Lost,7000.0,2024-10-23,2024-11-06,2024-Q4,false,true,14,0.0,7000.0,0.0
O02630,A0220,Account 0220,SMB,Energy,Central,R008,Quinn Kim,Inbound,Closed Lost,4600.0,2025-03-05,2025-03-25,2025-Q1,false,true,20,0.0,4600.0,0.0
O02631,A0198,Account 0198,Enterprise,Financial Services,West,R020,Elliot Mori,Inbound,Closed Lost,218100.0,2025-01-26,2025-09-07,2025-Q3,false,true,224,0.0,218100.0,0.0
O02632,A0487,Account 0487,SMB,Technology,East,R002,Jordan Patel,Inbound,Closed Lost,9000.0,2024-06-01,2024-07-19,2024-Q3,false,true,48,0.0,9000.0,0.0
O02633,A0156,Account 0156,SMB,Energy,Central,R002,Jordan Patel,Outbound,Closed Lost,8000.0,2024-02-02,2024-03-25,2024-Q1,false,true,52,0.0,8000.0,0.0
O02634,A0425,Account 0425,SMB,Logistics,Central,R008,Quinn Kim,Outbound,Closed Lost,8400.0,2024-03-12,2024-05-01,2024-Q2,false,true,50,0.0,8400.0,0.0
O02635,A0032,Account 0032,SMB,Retail,Central,R002,Jordan Patel,Inbound,Closed Won,10100.0,2024-12-13,2025-01-25,2025-Q1,true,true,43,10100.0,0.0,0.0
O02636,A0507,Account 0507,SMB,Logistics,East,R009,Drew Mbeki,Inbound,Closed Lost,17300.0,2024-05-19,2024-06-23,2024-Q2,false,true,35,0.0,17300.0,0.0
O02637,A0473,Account 0473,SMB,Financial Services,East,R009,Drew Mbeki,Inbound,Closed Lost,4300.0,2025-09-22,2025-11-04,2025-Q4,false,true,43,0.0,4300.0,0.0
O02638,A0463,Account 0463,Mid-Market,Education,East,R004,Cameron Cohen,Outbound,Closed Lost,24800.0,2024-06-13,2024-08-08,2024-Q3,false,true,56,0.0,24800.0,0.0
O02639,A0043,Account 0043,SMB,Education,West,R021,Marlowe Silva,Inbound,Closed Lost,12800.0,2025-04-28,2025-05-16,2025-Q2,false,true,18,0.0,12800.0,0.0
O02640,A0026,Account 0026,SMB,Financial Services,East,R011,Sky Haddad,Event,Closed Lost,14600.0,2024-11-19,2025-01-17,2025-Q1,false,true,59,0.0,14600.0,0.0
O02641,A0508,Account 0508,Mid-Market,Manufacturing,East,R003,Riley Garcia,Inbound,Closed Lost,51900.0,2025-08-06,2025-10-11,2025-Q4,false,true,66,0.0,51900.0,0.0
O02642,A0007,Account 0007,SMB,Retail,West,R018,Sawyer Walsh,Referral,Closed Won,6700.0,2024-09-19,2024-10-22,2024-Q4,true,true,33,6700.0,0.0,0.0
O02643,A0231,Account 0231,Enterprise,Education,West,R020,Elliot Mori,Partner,Closed Won,138800.0,2024-10-27,2025-02-27,2025-Q1,true,true,123,138800.0,0.0,0.0
O02644,A0016,Account 0016,SMB,Education,Central,R008,Quinn Kim,Partner,Closed Lost,6200.0,2024-12-16,2025-01-10,2025-Q1,false,true,25,0.0,6200.0,0.0
O02645,A0146,Account 0146,Mid-Market,Manufacturing,Central,R023,Tatum Adeyemi,Outbound,Closed Lost,34800.0,2024-01-18,2024-05-16,2024-Q2,false,true,119,0.0,34800.0,0.0
O02646,A0486,Account 0486,SMB,Logistics,East,R008,Quinn Kim,Outbound,Closed Lost,3300.0,2025-01-19,2025-03-13,2025-Q1,false,true,53,0.0,3300.0,0.0
O02647,A0362,Account 0362,Mid-Market,Retail,East,R010,Reese Dubois,Inbound,Closed Lost,75200.0,2024-04-06,2024-06-18,2024-Q2,false,true,73,0.0,75200.0,0.0
O02648,A0477,Account 0477,Mid-Market,Energy,East,R019,Blake Fischer,Inbound,Closed Lost,19500.0,2024-11-03,2025-02-27,2025-Q1,false,true,116,0.0,19500.0,0.0
O02649,A0354,Account 0354,Mid-Market,Education,East,R010,Reese Dubois,Inbound,Closed Lost,39700.0,2025-08-21,2025-12-13,2025-Q4,false,true,114,0.0,39700.0,0.0
O02650,A0109,Account 0109,SMB,Technology,Central,R022,Shay Volkov,Outbound,Closed Lost,7800.0,2025-11-14,2025-12-05,2025-Q4,false,true,21,0.0,7800.0,0.0
O02651,A0094,Account 0094,Enterprise,Manufacturing,West,R017,Parker Schmidt,Partner,Closed Lost,361900.0,2025-03-16,2025-10-30,2025-Q4,false,true,228,0.0,361900.0,0.0
O02652,A0549,Account 0549,SMB,Technology,West,R015,Rowan Andersen,Referral,Closed Lost,11300.0,2024-09-18,2024-11-01,2024-Q4,false,true,44,0.0,11300.0,0.0
O02653,A0527,Account 0527,Mid-Market,Technology,East,R023,Tatum Adeyemi,Inbound,Closed Lost,31300.0,2025-03-07,2025-05-07,2025-Q2,false,true,61,0.0,31300.0,0.0
O02654,A0010,Account 0010,SMB,Healthcare,East,R021,Marlowe Silva,Outbound,Closed Won,7700.0,2025-06-22,2025-07-23,2025-Q3,true,true,31,7700.0,0.0,0.0
O02655,A0237,Account 0237,SMB,Energy,Central,R018,Sawyer Walsh,Inbound,Prospecting,17600.0,2025-11-04,,2025-Q4,false,false,,0.0,0.0,17600.0
O02656,A0581,Account 0581,SMB,Healthcare,West,R008,Quinn Kim,Outbound,Closed Won,7500.0,2024-03-28,2024-05-08,2024-Q2,true,true,41,7500.0,0.0,0.0
O02657,A0542,Account 0542,SMB,Education,Central,R009,Drew Mbeki,Event,Closed Lost,17400.0,2025-02-06,2025-03-30,2025-Q1,false,true,52,0.0,17400.0,0.0
O02658,A0334,Account 0334,SMB,Manufacturing,East,R009,Drew Mbeki,Outbound,Closed Lost,7000.0,2024-10-12,2024-11-29,2024-Q4,false,true,48,0.0,7000.0,0.0
O02659,A0041,Account 0041,SMB,Education,West,R021,Marlowe Silva,Outbound,Closed Lost,6400.0,2024-06-10,2024-07-01,2024-Q3,false,true,21,0.0,6400.0,0.0
O02660,A0281,Account 0281,SMB,Technology,West,R015,Rowan Andersen,Inbound,Closed Won,13700.0,2024-07-10,2024-08-02,2024-Q3,true,true,23,13700.0,0.0,0.0
O02661,A0171,Account 0171,Mid-Market,Technology,West,R006,Taylor Larsson,Inbound,Closed Lost,71700.0,2025-05-18,2025-07-20,2025-Q3,false,true,63,0.0,71700.0,0.0
O02662,A0214,Account 0214,Enterprise,Logistics,Central,R017,Parker Schmidt,Outbound,Closed Lost,86600.0,2024-01-03,2024-04-17,2024-Q2,false,true,105,0.0,86600.0,0.0
O02663,A0299,Account 0299,SMB,Education,East,R015,Rowan Andersen,Inbound,Closed Lost,11900.0,2025-04-09,2025-05-08,2025-Q2,false,true,29,0.0,11900.0,0.0
O02664,A0534,Account 0534,Mid-Market,Education,Central,R019,Blake Fischer,Event,Closed Won,25500.0,2025-08-04,2025-09-29,2025-Q3,true,true,56,25500.0,0.0,0.0
O02665,A0024,Account 0024,SMB,Retail,Central,R022,Shay Volkov,Inbound,Closed Lost,11500.0,2024-04-04,2024-05-12,2024-Q2,false,true,38,0.0,11500.0,0.0
O02666,A0241,Account 0241,Mid-Market,Technology,Central,R004,Cameron Cohen,Outbound,Closed Lost,75900.0,2025-05-21,2025-07-30,2025-Q3,false,true,70,0.0,75900.0,0.0
O02667,A0545,Account 0545,SMB,Retail,Central,R022,Shay Volkov,Outbound,Closed Lost,12300.0,2025-04-15,2025-06-13,2025-Q2,false,true,59,0.0,12300.0,0.0
O02668,A0345,Account 0345,Enterprise,Education,West,R020,Elliot Mori,Outbound,Closed Lost,381700.0,2025-07-10,2025-10-29,2025-Q4,false,true,111,0.0,381700.0,0.0
O02669,A0492,Account 0492,SMB,Education,Central,R011,Sky Haddad,Outbound,Closed Won,3600.0,2025-02-01,2025-03-02,2025-Q1,true,true,29,3600.0,0.0,0.0
O02670,A0528,Account 0528,Enterprise,Technology,Central,R020,Elliot Mori,Referral,Proposal,159700.0,2025-12-01,,2025-Q4,false,false,,0.0,0.0,159700.0
O02671,A0085,Account 0085,SMB,Retail,Central,R005,Morgan Okafor,Outbound,Closed Lost,7800.0,2025-06-19,2025-07-08,2025-Q3,false,true,19,0.0,7800.0,0.0
O02672,A0379,Account 0379,SMB,Manufacturing,West,R011,Sky Haddad,Event,Closed Lost,5100.0,2024-12-03,2025-01-18,2025-Q1,false,true,46,0.0,5100.0,0.0
O02673,A0154,Account 0154,SMB,Retail,West,R002,Jordan Patel,Inbound,Closed Lost,6900.0,2024-07-12,2024-09-04,2024-Q3,false,true,54,0.0,6900.0,0.0
O02674,A0372,Account 0372,Enterprise,Technology,Central,R017,Parker Schmidt,Outbound,Closed Lost,168900.0,2024-11-27,2025-04-27,2025-Q2,false,true,151,0.0,168900.0,0.0
O02675,A0385,Account 0385,Enterprise,Education,Central,R020,Elliot Mori,Outbound,Closed Lost,365000.0,2024-10-17,2025-06-12,2025-Q2,false,true,238,0.0,365000.0,0.0
O02676,A0453,Account 0453,SMB,Financial Services,East,R008,Quinn Kim,Event,Closed Won,3900.0,2024-02-24,2024-03-15,2024-Q1,true,true,20,3900.0,0.0,0.0
O02677,A0017,Account 0017,Enterprise,Financial Services,West,R017,Parker Schmidt,Inbound,Closed Won,300400.0,2025-07-06,2025-10-27,2025-Q4,true,true,113,300400.0,0.0,0.0
O02678,A0228,Account 0228,SMB,Technology,East,R021,Marlowe Silva,Inbound,Closed Won,16800.0,2025-04-02,2025-05-24,2025-Q2,true,true,52,16800.0,0.0,0.0
O02679,A0401,Account 0401,SMB,Financial Services,West,R008,Quinn Kim,Outbound,Closed Lost,8200.0,2024-02-04,2024-03-22,2024-Q1,false,true,47,0.0,8200.0,0.0
O02680,A0333,Account 0333,SMB,Technology,West,R008,Quinn Kim,Referral,Closed Lost,14800.0,2025-04-23,2025-05-21,2025-Q2,false,true,28,0.0,14800.0,0.0
O02681,A0422,Account 0422,SMB,Technology,Central,R011,Sky Haddad,Inbound,Closed Lost,8200.0,2024-06-12,2024-07-10,2024-Q3,false,true,28,0.0,8200.0,0.0
O02682,A0090,Account 0090,Mid-Market,Retail,Central,R004,Cameron Cohen,Inbound,Closed Lost,79500.0,2025-09-26,2025-11-22,2025-Q4,false,true,57,0.0,79500.0,0.0
O02683,A0340,Account 0340,SMB,Energy,Central,R005,Morgan Okafor,Partner,Closed Lost,13300.0,2025-07-16,2025-08-06,2025-Q3,false,true,21,0.0,13300.0,0.0
O02684,A0336,Account 0336,SMB,Technology,East,R012,Devon Costa,Outbound,Closed Lost,7300.0,2025-08-01,2025-08-16,2025-Q3,false,true,15,0.0,7300.0,0.0
O02685,A0033,Account 0033,SMB,Logistics,Central,R002,Jordan Patel,Outbound,Closed Won,5600.0,2025-04-20,2025-06-11,2025-Q2,true,true,52,5600.0,0.0,0.0
O02686,A0025,Account 0025,SMB,Energy,West,R002,Jordan Patel,Outbound,Closed Lost,11400.0,2024-03-28,2024-04-19,2024-Q2,false,true,22,0.0,11400.0,0.0
O02687,A0031,Account 0031,Mid-Market,Healthcare,West,R003,Riley Garcia,Partner,Closed Won,79000.0,2024-06-28,2024-09-06,2024-Q3,true,true,70,79000.0,0.0,0.0
O02688,A0438,Account 0438,Enterprise,Education,Central,R017,Parker Schmidt,Inbound,Closed Lost,120000.0,2024-12-25,2025-04-16,2025-Q2,false,true,112,0.0,120000.0,0.0
O02689,A0546,Account 0546,SMB,Energy,West,R012,Devon Costa,Inbound,Closed Lost,14000.0,2024-01-12,2024-02-26,2024-Q1,false,true,45,0.0,14000.0,0.0
O02690,A0265,Account 0265,Mid-Market,Financial Services,Central,R007,Casey Rossi,Inbound,Closed Lost,78200.0,2025-01-25,2025-03-16,2025-Q1,false,true,50,0.0,78200.0,0.0
O02691,A0148,Account 0148,SMB,Education,West,R018,Sawyer Walsh,Event,Closed Won,15800.0,2025-03-05,2025-04-02,2025-Q2,true,true,28,15800.0,0.0,0.0
O02692,A0026,Account 0026,SMB,Financial Services,East,R005,Morgan Okafor,Outbound,Closed Won,8000.0,2025-09-28,2025-10-17,2025-Q4,true,true,19,8000.0,0.0,0.0
O02693,A0210,Account 0210,Mid-Market,Healthcare,West,R007,Casey Rossi,Referral,Closed Lost,34100.0,2025-05-18,2025-07-21,2025-Q3,false,true,64,0.0,34100.0,0.0
O02694,A0086,Account 0086,SMB,Logistics,Central,R018,Sawyer Walsh,Partner,Closed Lost,5500.0,2025-02-23,2025-04-12,2025-Q2,false,true,48,0.0,5500.0,0.0
O02695,A0130,Account 0130,SMB,Logistics,Central,R018,Sawyer Walsh,Outbound,Closed Lost,8900.0,2025-11-15,2025-12-10,2025-Q4,false,true,25,0.0,8900.0,0.0
O02696,A0429,Account 0429,SMB,Financial Services,Central,R015,Rowan Andersen,Event,Closed Lost,14700.0,2024-12-25,2025-02-21,2025-Q1,false,true,58,0.0,14700.0,0.0
O02697,A0283,Account 0283,SMB,Manufacturing,Central,R005,Morgan Okafor,Outbound,Closed Lost,16300.0,2025-09-28,2025-11-09,2025-Q4,false,true,42,0.0,16300.0,0.0
O02698,A0523,Account 0523,Mid-Market,Technology,West,R007,Casey Rossi,Outbound,Closed Lost,47300.0,2025-09-30,2025-12-21,2025-Q4,false,true,82,0.0,47300.0,0.0
O02699,A0213,Account 0213,SMB,Technology,Central,R012,Devon Costa,Event,Closed Lost,9200.0,2024-01-16,2024-02-01,2024-Q1,false,true,16,0.0,9200.0,0.0
O02700,A0311,Account 0311,Enterprise,Education,East,R020,Elliot Mori,Inbound,Closed Lost,120200.0,2024-11-04,2025-03-11,2025-Q1,false,true,127,0.0,120200.0,0.0
O02701,A0215,Account 0215,Mid-Market,Energy,West,R007,Casey Rossi,Partner,Closed Lost,63000.0,2024-02-24,2024-05-18,2024-Q2,false,true,84,0.0,63000.0,0.0
O02702,A0561,Account 0561,Enterprise,Logistics,Central,R017,Parker Schmidt,Outbound,Closed Lost,107800.0,2024-04-23,2024-08-29,2024-Q3,false,true,128,0.0,107800.0,0.0
O02703,A0259,Account 0259,SMB,Healthcare,Central,R022,Shay Volkov,Inbound,Closed Lost,8400.0,2024-12-30,2025-01-23,2025-Q1,false,true,24,0.0,8400.0,0.0
O02704,A0410,Account 0410,SMB,Logistics,Central,R024,Wren Park,Inbound,Closed Won,12600.0,2024-10-10,2024-11-11,2024-Q4,true,true,32,12600.0,0.0,0.0
O02705,A0505,Account 0505,SMB,Education,West,R009,Drew Mbeki,Inbound,Closed Won,4200.0,2025-07-13,2025-08-31,2025-Q3,true,true,49,4200.0,0.0,0.0
O02706,A0440,Account 0440,Mid-Market,Logistics,Central,R006,Taylor Larsson,Inbound,Closed Lost,38900.0,2024-11-10,2025-01-22,2025-Q1,false,true,73,0.0,38900.0,0.0
O02707,A0515,Account 0515,Enterprise,Energy,West,R017,Parker Schmidt,Outbound,Closed Lost,245400.0,2024-03-07,2024-10-18,2024-Q4,false,true,225,0.0,245400.0,0.0
O02708,A0024,Account 0024,SMB,Retail,Central,R015,Rowan Andersen,Event,Closed Won,16000.0,2025-02-18,2025-03-20,2025-Q1,true,true,30,16000.0,0.0,0.0
O02709,A0104,Account 0104,SMB,Technology,East,R002,Jordan Patel,Inbound,Closed Lost,5400.0,2024-07-05,2024-07-24,2024-Q3,false,true,19,0.0,5400.0,0.0
O02710,A0286,Account 0286,Enterprise,Education,West,R017,Parker Schmidt,Outbound,Closed Won,356200.0,2024-07-09,2024-12-09,2024-Q4,true,true,153,356200.0,0.0,0.0
O02711,A0319,Account 0319,SMB,Financial Services,Central,R022,Shay Volkov,Outbound,Closed Lost,3100.0,2025-06-24,2025-08-04,2025-Q3,false,true,41,0.0,3100.0,0.0
O02712,A0103,Account 0103,Enterprise,Retail,West,R020,Elliot Mori,Partner,Closed Won,144800.0,2024-02-24,2024-06-07,2024-Q2,true,true,104,144800.0,0.0,0.0
O02713,A0108,Account 0108,SMB,Technology,East,R022,Shay Volkov,Referral,Closed Lost,15400.0,2025-04-02,2025-05-21,2025-Q2,false,true,49,0.0,15400.0,0.0
O02714,A0051,Account 0051,Mid-Market,Healthcare,West,R003,Riley Garcia,Inbound,Closed Won,20000.0,2024-04-01,2024-06-20,2024-Q2,true,true,80,20000.0,0.0,0.0
O02715,A0487,Account 0487,SMB,Technology,East,R005,Morgan Okafor,Inbound,Closed Lost,14300.0,2024-09-03,2024-09-23,2024-Q3,false,true,20,0.0,14300.0,0.0
O02716,A0478,Account 0478,SMB,Technology,West,R024,Wren Park,Event,Closed Lost,3700.0,2025-07-22,2025-08-31,2025-Q3,false,true,40,0.0,3700.0,0.0
O02717,A0398,Account 0398,SMB,Education,Central,R008,Quinn Kim,Referral,Closed Lost,13700.0,2024-12-29,2025-02-24,2025-Q1,false,true,57,0.0,13700.0,0.0
O02718,A0520,Account 0520,SMB,Financial Services,East,R011,Sky Haddad,Partner,Closed Lost,12700.0,2024-04-10,2024-05-31,2024-Q2,false,true,51,0.0,12700.0,0.0
O02719,A0537,Account 0537,Mid-Market,Energy,Central,R010,Reese Dubois,Referral,Closed Won,57000.0,2025-01-08,2025-02-23,2025-Q1,true,true,46,57000.0,0.0,0.0
O02720,A0349,Account 0349,SMB,Healthcare,West,R009,Drew Mbeki,Outbound,Closed Won,5500.0,2024-12-11,2025-01-27,2025-Q1,true,true,47,5500.0,0.0,0.0
O02721,A0171,Account 0171,Mid-Market,Technology,West,R016,Logan Reyes,Inbound,Closed Won,50400.0,2025-06-25,2025-10-04,2025-Q4,true,true,101,50400.0,0.0,0.0
O02722,A0480,Account 0480,Enterprise,Manufacturing,Central,R017,Parker Schmidt,Outbound,Closed Lost,115800.0,2024-08-20,2025-03-17,2025-Q1,false,true,209,0.0,115800.0,0.0
O02723,A0566,Account 0566,SMB,Retail,West,R021,Marlowe Silva,Inbound,Closed Lost,10000.0,2024-04-23,2024-06-15,2024-Q2,false,true,53,0.0,10000.0,0.0
O02724,A0208,Account 0208,SMB,Manufacturing,West,R024,Wren Park,Outbound,Closed Lost,12500.0,2025-09-02,2025-10-23,2025-Q4,false,true,51,0.0,12500.0,0.0
O02725,A0124,Account 0124,Mid-Market,Energy,West,R016,Logan Reyes,Outbound,Closed Won,39000.0,2024-07-21,2024-11-05,2024-Q4,true,true,107,39000.0,0.0,0.0
O02726,A0430,Account 0430,Mid-Market,Retail,West,R016,Logan Reyes,Inbound,Closed Lost,29300.0,2024-04-18,2024-06-02,2024-Q2,false,true,45,0.0,29300.0,0.0
O02727,A0563,Account 0563,SMB,Healthcare,West,R012,Devon Costa,Inbound,Closed Lost,16000.0,2024-12-26,2025-02-07,2025-Q1,false,true,43,0.0,16000.0,0.0
O02728,A0264,Account 0264,SMB,Education,East,R024,Wren Park,Event,Closed Won,15000.0,2024-10-27,2024-11-22,2024-Q4,true,true,26,15000.0,0.0,0.0
O02729,A0191,Account 0191,SMB,Financial Services,West,R008,Quinn Kim,Outbound,Closed Lost,11800.0,2024-05-04,2024-06-12,2024-Q2,false,true,39,0.0,11800.0,0.0
O02730,A0392,Account 0392,SMB,Logistics,West,R021,Marlowe Silva,Inbound,Closed Lost,6900.0,2024-12-26,2025-02-07,2025-Q1,false,true,43,0.0,6900.0,0.0
O02731,A0454,Account 0454,SMB,Logistics,Central,R024,Wren Park,Referral,Qualification,4000.0,2025-11-30,,2025-Q4,false,false,,0.0,0.0,4000.0
O02732,A0374,Account 0374,SMB,Financial Services,Central,R008,Quinn Kim,Outbound,Closed Won,3800.0,2024-04-01,2024-05-05,2024-Q2,true,true,34,3800.0,0.0,0.0
O02733,A0306,Account 0306,Enterprise,Logistics,Central,R017,Parker Schmidt,Inbound,Closed Lost,81400.0,2025-02-01,2025-05-20,2025-Q2,false,true,108,0.0,81400.0,0.0
O02734,A0373,Account 0373,SMB,Logistics,Central,R002,Jordan Patel,Inbound,Closed Lost,14500.0,2025-10-26,2025-12-12,2025-Q4,false,true,47,0.0,14500.0,0.0
O02735,A0217,Account 0217,SMB,Education,Central,R005,Morgan Okafor,Inbound,Closed Lost,16000.0,2025-09-26,2025-11-13,2025-Q4,false,true,48,0.0,16000.0,0.0
O02736,A0300,Account 0300,SMB,Energy,East,R021,Marlowe Silva,Inbound,Closed Won,3400.0,2024-03-08,2024-04-05,2024-Q2,true,true,28,3400.0,0.0,0.0
O02737,A0436,Account 0436,SMB,Education,Central,R022,Shay Volkov,Inbound,Closed Won,7700.0,2024-03-17,2024-03-31,2024-Q1,true,true,14,7700.0,0.0,0.0
O02738,A0378,Account 0378,SMB,Financial Services,Central,R005,Morgan Okafor,Partner,Closed Lost,13800.0,2025-01-21,2025-03-06,2025-Q1,false,true,44,0.0,13800.0,0.0
O02739,A0398,Account 0398,SMB,Education,Central,R011,Sky Haddad,Event,Closed Won,14900.0,2025-02-17,2025-04-17,2025-Q2,true,true,59,14900.0,0.0,0.0
O02740,A0338,Account 0338,Mid-Market,Technology,Central,R006,Taylor Larsson,Inbound,Closed Won,23600.0,2024-11-13,2025-03-08,2025-Q1,true,true,115,23600.0,0.0,0.0
O02741,A0122,Account 0122,SMB,Technology,West,R011,Sky Haddad,Outbound,Closed Lost,6900.0,2025-05-25,2025-07-04,2025-Q3,false,true,40,0.0,6900.0,0.0
O02742,A0600,Account 0600,SMB,Healthcare,West,R015,Rowan Andersen,Inbound,Closed Lost,10100.0,2024-05-05,2024-06-08,2024-Q2,false,true,34,0.0,10100.0,0.0
O02743,A0114,Account 0114,SMB,Logistics,Central,R008,Quinn Kim,Inbound,Closed Lost,16600.0,2025-07-13,2025-07-31,2025-Q3,false,true,18,0.0,16600.0,0.0
O02744,A0101,Account 0101,SMB,Financial Services,West,R008,Quinn Kim,Outbound,Closed Lost,8600.0,2024-08-27,2024-10-17,2024-Q4,false,true,51,0.0,8600.0,0.0
O02745,A0350,Account 0350,Mid-Market,Logistics,Central,R010,Reese Dubois,Inbound,Closed Lost,41300.0,2024-09-22,2024-11-25,2024-Q4,false,true,64,0.0,41300.0,0.0
O02746,A0473,Account 0473,SMB,Financial Services,East,R008,Quinn Kim,Event,Closed Won,8800.0,2024-08-20,2024-10-19,2024-Q4,true,true,60,8800.0,0.0,0.0
O02747,A0446,Account 0446,SMB,Manufacturing,West,R012,Devon Costa,Inbound,Closed Lost,14600.0,2024-10-13,2024-11-23,2024-Q4,false,true,41,0.0,14600.0,0.0
O02748,A0067,Account 0067,SMB,Logistics,Central,R018,Sawyer Walsh,Outbound,Closed Won,9900.0,2024-04-14,2024-04-29,2024-Q2,true,true,15,9900.0,0.0,0.0
O02749,A0126,Account 0126,Enterprise,Energy,West,R020,Elliot Mori,Referral,Closed Lost,321500.0,2025-01-28,2025-07-04,2025-Q3,false,true,157,0.0,321500.0,0.0
O02750,A0236,Account 0236,SMB,Financial Services,Central,R018,Sawyer Walsh,Outbound,Negotiation,3900.0,2025-11-11,,2025-Q4,false,false,,0.0,0.0,3900.0
O02751,A0191,Account 0191,SMB,Financial Services,West,R018,Sawyer Walsh,Inbound,Closed Lost,15600.0,2024-10-30,2024-11-17,2024-Q4,false,true,18,0.0,15600.0,0.0
O02752,A0471,Account 0471,Mid-Market,Logistics,West,R023,Tatum Adeyemi,Inbound,Closed Lost,21100.0,2024-07-04,2024-10-06,2024-Q4,false,true,94,0.0,21100.0,0.0
O02753,A0404,Account 0404,Enterprise,Energy,West,R020,Elliot Mori,Inbound,Closed Lost,139500.0,2024-05-31,2024-12-22,2024-Q4,false,true,205,0.0,139500.0,0.0
O02754,A0047,Account 0047,SMB,Retail,East,R018,Sawyer Walsh,Partner,Closed Won,6800.0,2025-03-02,2025-04-12,2025-Q2,true,true,41,6800.0,0.0,0.0
O02755,A0387,Account 0387,Mid-Market,Education,West,R023,Tatum Adeyemi,Event,Closed Won,47700.0,2024-07-30,2024-10-01,2024-Q4,true,true,63,47700.0,0.0,0.0
O02756,A0212,Account 0212,Mid-Market,Financial Services,Central,R010,Reese Dubois,Outbound,Closed Lost,77900.0,2024-08-01,2024-11-24,2024-Q4,false,true,115,0.0,77900.0,0.0
O02757,A0142,Account 0142,Mid-Market,Healthcare,East,R010,Reese Dubois,Partner,Closed Lost,31500.0,2025-09-10,2025-11-10,2025-Q4,false,true,61,0.0,31500.0,0.0
O02758,A0487,Account 0487,SMB,Technology,East,R022,Shay Volkov,Event,Closed Lost,16400.0,2024-02-23,2024-04-03,2024-Q2,false,true,40,0.0,16400.0,0.0
O02759,A0530,Account 0530,Enterprise,Manufacturing,East,R020,Elliot Mori,Event,Closed Lost,136400.0,2025-08-28,2026-01-24,2026-Q1,false,true,149,0.0,136400.0,0.0
O02760,A0266,Account 0266,SMB,Technology,East,R002,Jordan Patel,Outbound,Closed Lost,13300.0,2024-12-21,2025-01-05,2025-Q1,false,true,15,0.0,13300.0,0.0
O02761,A0149,Account 0149,Mid-Market,Healthcare,East,R014,Emerson Ibrahim,Referral,Closed Won,43900.0,2024-07-23,2024-11-18,2024-Q4,true,true,118,43900.0,0.0,0.0
O02762,A0461,Account 0461,Mid-Market,Manufacturing,East,R013,Hayden Novak,Partner,Closed Lost,37500.0,2024-09-20,2024-11-05,2024-Q4,false,true,46,0.0,37500.0,0.0
O02763,A0422,Account 0422,SMB,Technology,Central,R018,Sawyer Walsh,Outbound,Closed Lost,10500.0,2024-02-29,2024-04-13,2024-Q2,false,true,44,0.0,10500.0,0.0
O02764,A0348,Account 0348,SMB,Energy,East,R012,Devon Costa,Partner,Closed Won,9500.0,2024-09-17,2024-10-11,2024-Q4,true,true,24,9500.0,0.0,0.0
O02765,A0029,Account 0029,SMB,Manufacturing,Central,R009,Drew Mbeki,Inbound,Closed Won,5200.0,2025-06-23,2025-07-23,2025-Q3,true,true,30,5200.0,0.0,0.0
O02766,A0413,Account 0413,Mid-Market,Healthcare,Central,R004,Cameron Cohen,Inbound,Closed Lost,29200.0,2025-04-11,2025-06-21,2025-Q2,false,true,71,0.0,29200.0,0.0
O02767,A0151,Account 0151,Mid-Market,Retail,Central,R014,Emerson Ibrahim,Event,Closed Lost,65200.0,2024-04-15,2024-06-12,2024-Q2,false,true,58,0.0,65200.0,0.0
O02768,A0502,Account 0502,SMB,Retail,Central,R015,Rowan Andersen,Inbound,Closed Won,17500.0,2025-09-13,2025-10-04,2025-Q4,true,true,21,17500.0,0.0,0.0
O02769,A0302,Account 0302,SMB,Retail,West,R008,Quinn Kim,Event,Closed Won,8600.0,2025-09-23,2025-11-10,2025-Q4,true,true,48,8600.0,0.0,0.0
O02770,A0414,Account 0414,SMB,Logistics,West,R022,Shay Volkov,Inbound,Closed Won,3500.0,2025-07-20,2025-08-17,2025-Q3,true,true,28,3500.0,0.0,0.0
O02771,A0436,Account 0436,SMB,Education,Central,R022,Shay Volkov,Inbound,Closed Lost,11800.0,2024-01-09,2024-02-05,2024-Q1,false,true,27,0.0,11800.0,0.0
O02772,A0185,Account 0185,SMB,Technology,East,R015,Rowan Andersen,Event,Closed Lost,3200.0,2025-08-05,2025-09-23,2025-Q3,false,true,49,0.0,3200.0,0.0
O02773,A0189,Account 0189,SMB,Education,East,R024,Wren Park,Outbound,Closed Won,10400.0,2025-02-11,2025-03-14,2025-Q1,true,true,31,10400.0,0.0,0.0
O02774,A0026,Account 0026,SMB,Financial Services,East,R005,Morgan Okafor,Referral,Closed Lost,16300.0,2025-04-06,2025-05-19,2025-Q2,false,true,43,0.0,16300.0,0.0
O02775,A0083,Account 0083,SMB,Retail,Central,R015,Rowan Andersen,Outbound,Closed Won,16300.0,2024-07-17,2024-08-28,2024-Q3,true,true,42,16300.0,0.0,0.0
O02776,A0012,Account 0012,SMB,Energy,West,R002,Jordan Patel,Event,Closed Won,6000.0,2024-10-25,2024-12-15,2024-Q4,true,true,51,6000.0,0.0,0.0
O02777,A0188,Account 0188,SMB,Technology,Central,R011,Sky Haddad,Event,Closed Lost,11700.0,2024-10-13,2024-11-20,2024-Q4,false,true,38,0.0,11700.0,0.0
O02778,A0452,Account 0452,SMB,Logistics,Central,R008,Quinn Kim,Inbound,Closed Lost,14700.0,2025-07-30,2025-08-30,2025-Q3,false,true,31,0.0,14700.0,0.0
O02779,A0569,Account 0569,SMB,Healthcare,Central,R002,Jordan Patel,Outbound,Closed Won,17400.0,2025-07-06,2025-08-03,2025-Q3,true,true,28,17400.0,0.0,0.0
O02780,A0333,Account 0333,SMB,Technology,West,R011,Sky Haddad,Outbound,Closed Lost,16200.0,2024-03-03,2024-03-27,2024-Q1,false,true,24,0.0,16200.0,0.0
O02781,A0564,Account 0564,Mid-Market,Logistics,Central,R010,Reese Dubois,Outbound,Closed Won,63800.0,2024-04-21,2024-07-03,2024-Q3,true,true,73,63800.0,0.0,0.0
O02782,A0162,Account 0162,Enterprise,Retail,East,R020,Elliot Mori,Outbound,Closed Won,355600.0,2024-07-03,2025-02-16,2025-Q1,true,true,228,355600.0,0.0,0.0
O02783,A0397,Account 0397,SMB,Retail,West,R009,Drew Mbeki,Outbound,Closed Lost,3700.0,2024-12-22,2025-02-15,2025-Q1,false,true,55,0.0,3700.0,0.0
O02784,A0440,Account 0440,Mid-Market,Logistics,Central,R001,Avery Nguyen,Partner,Closed Lost,62500.0,2024-05-08,2024-08-16,2024-Q3,false,true,100,0.0,62500.0,0.0
O02785,A0176,Account 0176,Enterprise,Retail,Central,R020,Elliot Mori,Inbound,Closed Lost,286200.0,2024-06-19,2025-02-05,2025-Q1,false,true,231,0.0,286200.0,0.0
O02786,A0501,Account 0501,Mid-Market,Manufacturing,West,R007,Casey Rossi,Outbound,Negotiation,41200.0,2025-09-30,,2025-Q3,false,false,,0.0,0.0,41200.0
O02787,A0003,Account 0003,SMB,Healthcare,Central,R015,Rowan Andersen,Inbound,Closed Lost,14300.0,2025-05-22,2025-06-28,2025-Q2,false,true,37,0.0,14300.0,0.0
O02788,A0046,Account 0046,SMB,Financial Services,East,R021,Marlowe Silva,Referral,Closed Won,13700.0,2024-01-11,2024-03-07,2024-Q1,true,true,56,13700.0,0.0,0.0
O02789,A0176,Account 0176,Enterprise,Retail,Central,R017,Parker Schmidt,Event,Closed Lost,326900.0,2024-06-18,2024-11-02,2024-Q4,false,true,137,0.0,326900.0,0.0
O02790,A0307,Account 0307,SMB,Technology,West,R009,Drew Mbeki,Referral,Closed Lost,7200.0,2025-09-26,2025-10-12,2025-Q4,false,true,16,0.0,7200.0,0.0
O02791,A0599,Account 0599,SMB,Financial Services,West,R009,Drew Mbeki,Inbound,Closed Won,8200.0,2024-06-26,2024-07-20,2024-Q3,true,true,24,8200.0,0.0,0.0
O02792,A0007,Account 0007,SMB,Retail,West,R008,Quinn Kim,Outbound,Closed Won,4000.0,2024-09-07,2024-10-13,2024-Q4,true,true,36,4000.0,0.0,0.0
O02793,A0340,Account 0340,SMB,Energy,Central,R012,Devon Costa,Referral,Closed Lost,12300.0,2024-03-01,2024-03-22,2024-Q1,false,true,21,0.0,12300.0,0.0
O02794,A0291,Account 0291,SMB,Retail,Central,R012,Devon Costa,Outbound,Closed Lost,6400.0,2025-11-30,2025-12-16,2025-Q4,false,true,16,0.0,6400.0,0.0
O02795,A0574,Account 0574,SMB,Financial Services,Central,R011,Sky Haddad,Inbound,Closed Lost,5900.0,2024-08-01,2024-09-23,2024-Q3,false,true,53,0.0,5900.0,0.0
O02796,A0167,Account 0167,Enterprise,Financial Services,Central,R020,Elliot Mori,Inbound,Closed Lost,374100.0,2024-09-09,2025-03-18,2025-Q1,false,true,190,0.0,374100.0,0.0
O02797,A0551,Account 0551,Mid-Market,Manufacturing,Central,R001,Avery Nguyen,Partner,Closed Lost,64300.0,2024-12-21,2025-04-17,2025-Q2,false,true,117,0.0,64300.0,0.0
O02798,A0126,Account 0126,Enterprise,Energy,West,R017,Parker Schmidt,Inbound,Closed Lost,108900.0,2024-10-02,2025-03-10,2025-Q1,false,true,159,0.0,108900.0,0.0
O02799,A0342,Account 0342,Mid-Market,Financial Services,Central,R019,Blake Fischer,Outbound,Closed Lost,74300.0,2025-02-06,2025-05-02,2025-Q2,false,true,85,0.0,74300.0,0.0
O02800,A0058,Account 0058,SMB,Healthcare,Central,R005,Morgan Okafor,Inbound,Closed Lost,17500.0,2024-05-26,2024-06-24,2024-Q2,false,true,29,0.0,17500.0,0.0
O02801,A0471,Account 0471,Mid-Market,Logistics,West,R007,Casey Rossi,Inbound,Closed Won,35200.0,2025-08-25,2025-11-25,2025-Q4,true,true,92,35200.0,0.0,0.0
O02802,A0187,Account 0187,SMB,Energy,West,R022,Shay Volkov,Outbound,Closed Won,4400.0,2024-10-01,2024-11-25,2024-Q4,true,true,55,4400.0,0.0,0.0
O02803,A0101,Account 0101,SMB,Financial Services,West,R022,Shay Volkov,Inbound,Closed Won,8900.0,2024-05-15,2024-06-09,2024-Q2,true,true,25,8900.0,0.0,0.0
O02804,A0494,Account 0494,Mid-Market,Manufacturing,Central,R010,Reese Dubois,Referral,Closed Lost,25900.0,2024-08-25,2024-11-29,2024-Q4,false,true,96,0.0,25900.0,0.0
O02805,A0485,Account 0485,SMB,Retail,Central,R012,Devon Costa,Outbound,Closed Lost,15800.0,2024-06-03,2024-07-29,2024-Q3,false,true,56,0.0,15800.0,0.0
O02806,A0393,Account 0393,Enterprise,Technology,East,R017,Parker Schmidt,Outbound,Closed Lost,364900.0,2024-05-25,2024-08-29,2024-Q3,false,true,96,0.0,364900.0,0.0
O02807,A0235,Account 0235,SMB,Financial Services,West,R002,Jordan Patel,Event,Closed Lost,11900.0,2024-01-05,2024-02-24,2024-Q1,false,true,50,0.0,11900.0,0.0
O02808,A0276,Account 0276,Mid-Market,Healthcare,Central,R010,Reese Dubois,Inbound,Closed Won,21800.0,2024-05-20,2024-08-07,2024-Q3,true,true,79,21800.0,0.0,0.0
O02809,A0363,Account 0363,SMB,Logistics,West,R009,Drew Mbeki,Inbound,Closed Won,3100.0,2024-12-05,2025-01-10,2025-Q1,true,true,36,3100.0,0.0,0.0
O02810,A0143,Account 0143,Mid-Market,Manufacturing,Central,R003,Riley Garcia,Inbound,Closed Lost,36600.0,2025-08-18,2025-10-15,2025-Q4,false,true,58,0.0,36600.0,0.0
O02811,A0453,Account 0453,SMB,Financial Services,East,R018,Sawyer Walsh,Outbound,Closed Won,12600.0,2025-08-28,2025-10-10,2025-Q4,true,true,43,12600.0,0.0,0.0
O02812,A0130,Account 0130,SMB,Logistics,Central,R012,Devon Costa,Outbound,Closed Won,5300.0,2024-09-14,2024-10-06,2024-Q4,true,true,22,5300.0,0.0,0.0
O02813,A0261,Account 0261,SMB,Education,East,R024,Wren Park,Referral,Prospecting,13500.0,2025-11-22,,2025-Q4,false,false,,0.0,0.0,13500.0
O02814,A0008,Account 0008,Mid-Market,Financial Services,West,R007,Casey Rossi,Partner,Closed Lost,48500.0,2025-07-09,2025-10-23,2025-Q4,false,true,106,0.0,48500.0,0.0
O02815,A0589,Account 0589,SMB,Technology,West,R009,Drew Mbeki,Referral,Closed Lost,14400.0,2024-08-01,2024-08-30,2024-Q3,false,true,29,0.0,14400.0,0.0
O02816,A0441,Account 0441,SMB,Retail,Central,R012,Devon Costa,Inbound,Closed Lost,16100.0,2024-04-07,2024-05-13,2024-Q2,false,true,36,0.0,16100.0,0.0
O02817,A0479,Account 0479,SMB,Education,Central,R021,Marlowe Silva,Event,Closed Won,17400.0,2025-11-12,2025-12-14,2025-Q4,true,true,32,17400.0,0.0,0.0
O02818,A0342,Account 0342,Mid-Market,Financial Services,Central,R023,Tatum Adeyemi,Event,Closed Lost,63600.0,2025-05-30,2025-08-28,2025-Q3,false,true,90,0.0,63600.0,0.0
O02819,A0555,Account 0555,SMB,Financial Services,West,R008,Quinn Kim,Inbound,Closed Lost,9600.0,2024-11-24,2025-01-21,2025-Q1,false,true,58,0.0,9600.0,0.0
O02820,A0177,Account 0177,SMB,Technology,Central,R002,Jordan Patel,Outbound,Closed Won,9000.0,2025-06-04,2025-07-05,2025-Q3,true,true,31,9000.0,0.0,0.0
O02821,A0173,Account 0173,Enterprise,Healthcare,Central,R020,Elliot Mori,Inbound,Closed Lost,355900.0,2024-11-08,2025-04-02,2025-Q2,false,true,145,0.0,355900.0,0.0
O02822,A0383,Account 0383,Enterprise,Healthcare,Central,R017,Parker Schmidt,Partner,Qualification,134000.0,2025-08-22,,2025-Q3,false,false,,0.0,0.0,134000.0
O02823,A0547,Account 0547,Mid-Market,Logistics,East,R004,Cameron Cohen,Inbound,Closed Lost,28400.0,2024-12-27,2025-04-02,2025-Q2,false,true,96,0.0,28400.0,0.0
O02824,A0177,Account 0177,SMB,Technology,Central,R021,Marlowe Silva,Inbound,Closed Won,11800.0,2025-02-25,2025-03-23,2025-Q1,true,true,26,11800.0,0.0,0.0
O02825,A0014,Account 0014,SMB,Retail,West,R005,Morgan Okafor,Inbound,Closed Won,6700.0,2024-06-22,2024-07-16,2024-Q3,true,true,24,6700.0,0.0,0.0
O02826,A0588,Account 0588,Mid-Market,Healthcare,Central,R004,Cameron Cohen,Partner,Closed Lost,66900.0,2025-08-31,2025-10-16,2025-Q4,false,true,46,0.0,66900.0,0.0
O02827,A0404,Account 0404,Enterprise,Energy,West,R017,Parker Schmidt,Inbound,Closed Lost,123000.0,2025-03-30,2025-07-08,2025-Q3,false,true,100,0.0,123000.0,0.0
O02828,A0351,Account 0351,Mid-Market,Retail,Central,R001,Avery Nguyen,Outbound,Closed Won,44700.0,2025-08-17,2025-11-16,2025-Q4,true,true,91,44700.0,0.0,0.0
O02829,A0292,Account 0292,SMB,Financial Services,Central,R024,Wren Park,Inbound,Closed Lost,13800.0,2024-02-10,2024-02-25,2024-Q1,false,true,15,0.0,13800.0,0.0
O02830,A0087,Account 0087,SMB,Retail,Central,R022,Shay Volkov,Outbound,Closed Won,8600.0,2024-08-12,2024-09-10,2024-Q3,true,true,29,8600.0,0.0,0.0
O02831,A0138,Account 0138,Mid-Market,Technology,Central,R004,Cameron Cohen,Inbound,Closed Lost,23800.0,2024-11-01,2025-02-13,2025-Q1,false,true,104,0.0,23800.0,0.0
O02832,A0006,Account 0006,Mid-Market,Technology,East,R001,Avery Nguyen,Outbound,Closed Won,75800.0,2025-03-05,2025-04-21,2025-Q2,true,true,47,75800.0,0.0,0.0
O02833,A0039,Account 0039,SMB,Education,Central,R012,Devon Costa,Partner,Closed Lost,9000.0,2025-02-13,2025-03-16,2025-Q1,false,true,31,0.0,9000.0,0.0
O02834,A0057,Account 0057,Mid-Market,Retail,Central,R014,Emerson Ibrahim,Outbound,Closed Won,42200.0,2025-03-22,2025-05-22,2025-Q2,true,true,61,42200.0,0.0,0.0
O02835,A0363,Account 0363,SMB,Logistics,West,R002,Jordan Patel,Inbound,Closed Lost,7900.0,2024-01-16,2024-03-06,2024-Q1,false,true,50,0.0,7900.0,0.0
O02836,A0434,Account 0434,Mid-Market,Energy,West,R003,Riley Garcia,Partner,Closed Lost,58900.0,2025-03-31,2025-07-08,2025-Q3,false,true,99,0.0,58900.0,0.0
O02837,A0211,Account 0211,Mid-Market,Financial Services,East,R006,Taylor Larsson,Outbound,Closed Lost,18800.0,2025-02-24,2025-04-24,2025-Q2,false,true,59,0.0,18800.0,0.0
O02838,A0290,Account 0290,Mid-Market,Logistics,West,R003,Riley Garcia,Inbound,Closed Won,26500.0,2025-03-21,2025-06-12,2025-Q2,true,true,83,26500.0,0.0,0.0
O02839,A0358,Account 0358,SMB,Technology,East,R011,Sky Haddad,Inbound,Closed Won,16700.0,2024-10-21,2024-11-11,2024-Q4,true,true,21,16700.0,0.0,0.0
O02840,A0482,Account 0482,Mid-Market,Energy,East,R023,Tatum Adeyemi,Event,Closed Lost,40400.0,2025-02-01,2025-05-23,2025-Q2,false,true,111,0.0,40400.0,0.0
O02841,A0033,Account 0033,SMB,Logistics,Central,R015,Rowan Andersen,Referral,Closed Won,12100.0,2024-08-01,2024-08-31,2024-Q3,true,true,30,12100.0,0.0,0.0
O02842,A0285,Account 0285,SMB,Logistics,East,R015,Rowan Andersen,Outbound,Closed Lost,7900.0,2024-03-12,2024-04-25,2024-Q2,false,true,44,0.0,7900.0,0.0
O02843,A0452,Account 0452,SMB,Logistics,Central,R002,Jordan Patel,Inbound,Closed Lost,12300.0,2024-03-29,2024-05-13,2024-Q2,false,true,45,0.0,12300.0,0.0
O02844,A0188,Account 0188,SMB,Technology,Central,R002,Jordan Patel,Inbound,Closed Lost,11400.0,2024-06-21,2024-07-23,2024-Q3,false,true,32,0.0,11400.0,0.0
O02845,A0274,Account 0274,SMB,Education,East,R005,Morgan Okafor,Event,Closed Lost,6300.0,2025-05-23,2025-06-16,2025-Q2,false,true,24,0.0,6300.0,0.0
O02846,A0202,Account 0202,SMB,Retail,Central,R021,Marlowe Silva,Referral,Closed Lost,6800.0,2025-02-02,2025-03-24,2025-Q1,false,true,50,0.0,6800.0,0.0
O02847,A0170,Account 0170,Enterprise,Healthcare,East,R020,Elliot Mori,Event,Closed Lost,198300.0,2024-10-27,2025-06-11,2025-Q2,false,true,227,0.0,198300.0,0.0
O02848,A0141,Account 0141,SMB,Financial Services,West,R015,Rowan Andersen,Inbound,Closed Lost,3600.0,2025-07-26,2025-09-14,2025-Q3,false,true,50,0.0,3600.0,0.0
O02849,A0529,Account 0529,Enterprise,Financial Services,West,R020,Elliot Mori,Inbound,Closed Lost,288900.0,2024-09-29,2025-01-13,2025-Q1,false,true,106,0.0,288900.0,0.0
O02850,A0348,Account 0348,SMB,Energy,East,R009,Drew Mbeki,Partner,Closed Won,12400.0,2025-05-27,2025-07-01,2025-Q3,true,true,35,12400.0,0.0,0.0
O02851,A0275,Account 0275,SMB,Manufacturing,East,R008,Quinn Kim,Event,Closed Won,13900.0,2024-04-03,2024-05-12,2024-Q2,true,true,39,13900.0,0.0,0.0
O02852,A0017,Account 0017,Enterprise,Financial Services,West,R017,Parker Schmidt,Inbound,Closed Won,232600.0,2025-08-18,2026-01-11,2026-Q1,true,true,146,232600.0,0.0,0.0
O02853,A0501,Account 0501,Mid-Market,Manufacturing,West,R023,Tatum Adeyemi,Outbound,Negotiation,63700.0,2025-10-12,,2025-Q4,false,false,,0.0,0.0,63700.0
O02854,A0283,Account 0283,SMB,Manufacturing,Central,R009,Drew Mbeki,Outbound,Closed Lost,8900.0,2025-04-13,2025-04-30,2025-Q2,false,true,17,0.0,8900.0,0.0
O02855,A0463,Account 0463,Mid-Market,Education,East,R023,Tatum Adeyemi,Outbound,Closed Lost,33900.0,2024-12-25,2025-04-02,2025-Q2,false,true,98,0.0,33900.0,0.0
O02856,A0398,Account 0398,SMB,Education,Central,R009,Drew Mbeki,Event,Closed Lost,16900.0,2025-02-17,2025-04-07,2025-Q2,false,true,49,0.0,16900.0,0.0
O02857,A0377,Account 0377,SMB,Healthcare,East,R024,Wren Park,Outbound,Closed Lost,4300.0,2024-10-31,2024-12-28,2024-Q4,false,true,58,0.0,4300.0,0.0
O02858,A0585,Account 0585,Mid-Market,Retail,Central,R001,Avery Nguyen,Inbound,Closed Lost,46100.0,2024-03-02,2024-05-05,2024-Q2,false,true,64,0.0,46100.0,0.0
O02859,A0113,Account 0113,Enterprise,Technology,East,R017,Parker Schmidt,Partner,Closed Lost,187000.0,2025-06-13,2025-11-28,2025-Q4,false,true,168,0.0,187000.0,0.0
O02860,A0576,Account 0576,Enterprise,Financial Services,West,R020,Elliot Mori,Partner,Closed Lost,392400.0,2024-01-21,2024-07-03,2024-Q3,false,true,164,0.0,392400.0,0.0
O02861,A0439,Account 0439,Enterprise,Manufacturing,West,R017,Parker Schmidt,Inbound,Closed Lost,152900.0,2024-12-11,2025-03-20,2025-Q1,false,true,99,0.0,152900.0,0.0
O02862,A0436,Account 0436,SMB,Education,Central,R022,Shay Volkov,Partner,Closed Lost,6200.0,2025-06-05,2025-07-04,2025-Q3,false,true,29,0.0,6200.0,0.0
O02863,A0217,Account 0217,SMB,Education,Central,R002,Jordan Patel,Inbound,Closed Lost,13500.0,2025-02-18,2025-04-03,2025-Q2,false,true,44,0.0,13500.0,0.0
O02864,A0139,Account 0139,SMB,Logistics,Central,R008,Quinn Kim,Referral,Closed Lost,9200.0,2024-07-06,2024-08-15,2024-Q3,false,true,40,0.0,9200.0,0.0
O02865,A0288,Account 0288,Enterprise,Energy,East,R017,Parker Schmidt,Outbound,Closed Lost,326800.0,2025-09-21,2025-12-24,2025-Q4,false,true,94,0.0,326800.0,0.0
O02866,A0224,Account 0224,Mid-Market,Education,East,R016,Logan Reyes,Outbound,Closed Lost,42000.0,2024-12-03,2025-01-22,2025-Q1,false,true,50,0.0,42000.0,0.0
O02867,A0210,Account 0210,Mid-Market,Healthcare,West,R007,Casey Rossi,Outbound,Closed Lost,61200.0,2025-11-27,2026-02-01,2026-Q1,false,true,66,0.0,61200.0,0.0
O02868,A0494,Account 0494,Mid-Market,Manufacturing,Central,R013,Hayden Novak,Event,Closed Lost,67500.0,2024-01-25,2024-04-19,2024-Q2,false,true,85,0.0,67500.0,0.0
O02869,A0310,Account 0310,SMB,Energy,Central,R022,Shay Volkov,Inbound,Closed Lost,15400.0,2024-05-21,2024-06-12,2024-Q2,false,true,22,0.0,15400.0,0.0
O02870,A0575,Account 0575,SMB,Manufacturing,Central,R015,Rowan Andersen,Outbound,Closed Lost,16000.0,2024-03-20,2024-05-07,2024-Q2,false,true,48,0.0,16000.0,0.0
O02871,A0417,Account 0417,Mid-Market,Energy,East,R013,Hayden Novak,Outbound,Closed Lost,70000.0,2024-07-29,2024-10-05,2024-Q4,false,true,68,0.0,70000.0,0.0
O02872,A0167,Account 0167,Enterprise,Financial Services,Central,R017,Parker Schmidt,Inbound,Closed Lost,381900.0,2025-04-30,2025-09-16,2025-Q3,false,true,139,0.0,381900.0,0.0
O02873,A0522,Account 0522,SMB,Retail,Central,R022,Shay Volkov,Referral,Closed Lost,17900.0,2024-03-23,2024-05-19,2024-Q2,false,true,57,0.0,17900.0,0.0
O02874,A0503,Account 0503,SMB,Retail,West,R005,Morgan Okafor,Event,Closed Lost,9300.0,2025-07-29,2025-08-21,2025-Q3,false,true,23,0.0,9300.0,0.0
O02875,A0209,Account 0209,SMB,Healthcare,West,R009,Drew Mbeki,Inbound,Closed Lost,9900.0,2025-04-19,2025-05-08,2025-Q2,false,true,19,0.0,9900.0,0.0
O02876,A0434,Account 0434,Mid-Market,Energy,West,R007,Casey Rossi,Inbound,Closed Lost,28600.0,2025-09-17,2025-12-04,2025-Q4,false,true,78,0.0,28600.0,0.0
O02877,A0212,Account 0212,Mid-Market,Financial Services,Central,R019,Blake Fischer,Event,Closed Won,78300.0,2025-07-02,2025-09-15,2025-Q3,true,true,75,78300.0,0.0,0.0
O02878,A0335,Account 0335,Mid-Market,Education,East,R007,Casey Rossi,Outbound,Closed Lost,25000.0,2025-10-17,2025-12-03,2025-Q4,false,true,47,0.0,25000.0,0.0
O02879,A0429,Account 0429,SMB,Financial Services,Central,R018,Sawyer Walsh,Inbound,Closed Won,12000.0,2024-01-28,2024-03-06,2024-Q1,true,true,38,12000.0,0.0,0.0
O02880,A0552,Account 0552,Mid-Market,Manufacturing,Central,R014,Emerson Ibrahim,Outbound,Closed Lost,40800.0,2024-07-13,2024-08-27,2024-Q3,false,true,45,0.0,40800.0,0.0
O02881,A0279,Account 0279,SMB,Energy,Central,R009,Drew Mbeki,Event,Closed Won,14100.0,2025-07-28,2025-09-12,2025-Q3,true,true,46,14100.0,0.0,0.0
O02882,A0056,Account 0056,Enterprise,Healthcare,West,R017,Parker Schmidt,Referral,Qualification,229100.0,2025-11-25,,2025-Q4,false,false,,0.0,0.0,229100.0
O02883,A0396,Account 0396,Enterprise,Technology,East,R020,Elliot Mori,Outbound,Proposal,292300.0,2025-10-18,,2025-Q4,false,false,,0.0,0.0,292300.0
O02884,A0054,Account 0054,Mid-Market,Financial Services,Central,R003,Riley Garcia,Partner,Closed Lost,72700.0,2025-01-23,2025-04-10,2025-Q2,false,true,77,0.0,72700.0,0.0
O02885,A0146,Account 0146,Mid-Market,Manufacturing,Central,R023,Tatum Adeyemi,Outbound,Closed Won,38400.0,2025-06-07,2025-08-02,2025-Q3,true,true,56,38400.0,0.0,0.0
O02886,A0048,Account 0048,Mid-Market,Technology,East,R003,Riley Garcia,Outbound,Closed Lost,76100.0,2025-05-02,2025-06-22,2025-Q2,false,true,51,0.0,76100.0,0.0
O02887,A0306,Account 0306,Enterprise,Logistics,Central,R017,Parker Schmidt,Outbound,Closed Lost,145100.0,2025-04-01,2025-07-12,2025-Q3,false,true,102,0.0,145100.0,0.0
O02888,A0531,Account 0531,Mid-Market,Retail,East,R023,Tatum Adeyemi,Inbound,Closed Won,27900.0,2024-03-08,2024-06-19,2024-Q2,true,true,103,27900.0,0.0,0.0
O02889,A0425,Account 0425,SMB,Logistics,Central,R021,Marlowe Silva,Inbound,Closed Won,16100.0,2024-06-27,2024-08-21,2024-Q3,true,true,55,16100.0,0.0,0.0
O02890,A0540,Account 0540,SMB,Manufacturing,Central,R012,Devon Costa,Outbound,Closed Lost,15800.0,2024-01-31,2024-03-27,2024-Q1,false,true,56,0.0,15800.0,0.0
O02891,A0594,Account 0594,SMB,Manufacturing,West,R012,Devon Costa,Inbound,Closed Lost,12600.0,2025-08-01,2025-08-26,2025-Q3,false,true,25,0.0,12600.0,0.0
O02892,A0078,Account 0078,Mid-Market,Energy,West,R013,Hayden Novak,Inbound,Closed Lost,44200.0,2025-07-06,2025-08-20,2025-Q3,false,true,45,0.0,44200.0,0.0
O02893,A0395,Account 0395,SMB,Technology,West,R005,Morgan Okafor,Outbound,Closed Won,9100.0,2024-06-24,2024-08-07,2024-Q3,true,true,44,9100.0,0.0,0.0
O02894,A0544,Account 0544,Mid-Market,Retail,Central,R004,Cameron Cohen,Partner,Closed Lost,56700.0,2024-01-18,2024-04-02,2024-Q2,false,true,75,0.0,56700.0,0.0
O02895,A0180,Account 0180,Mid-Market,Energy,Central,R013,Hayden Novak,Event,Closed Won,35400.0,2024-07-18,2024-10-04,2024-Q4,true,true,78,35400.0,0.0,0.0
O02896,A0391,Account 0391,Mid-Market,Manufacturing,West,R023,Tatum Adeyemi,Event,Closed Lost,57800.0,2025-10-28,2026-01-04,2026-Q1,false,true,68,0.0,57800.0,0.0
O02897,A0497,Account 0497,SMB,Energy,East,R002,Jordan Patel,Event,Closed Lost,3200.0,2024-03-24,2024-04-18,2024-Q2,false,true,25,0.0,3200.0,0.0
O02898,A0147,Account 0147,SMB,Logistics,East,R011,Sky Haddad,Outbound,Closed Won,16200.0,2024-06-15,2024-08-10,2024-Q3,true,true,56,16200.0,0.0,0.0
O02899,A0600,Account 0600,SMB,Healthcare,West,R005,Morgan Okafor,Inbound,Closed Won,9900.0,2024-06-08,2024-07-06,2024-Q3,true,true,28,9900.0,0.0,0.0
O02900,A0273,Account 0273,SMB,Financial Services,East,R022,Shay Volkov,Inbound,Closed Lost,15300.0,2025-04-07,2025-05-16,2025-Q2,false,true,39,0.0,15300.0,0.0
O02901,A0386,Account 0386,SMB,Manufacturing,East,R024,Wren Park,Inbound,Closed Lost,5000.0,2025-04-04,2025-04-18,2025-Q2,false,true,14,0.0,5000.0,0.0
O02902,A0326,Account 0326,Mid-Market,Education,Central,R004,Cameron Cohen,Event,Closed Won,39800.0,2024-11-11,2024-12-31,2024-Q4,true,true,50,39800.0,0.0,0.0
O02903,A0262,Account 0262,SMB,Retail,East,R021,Marlowe Silva,Outbound,Closed Lost,11000.0,2024-03-22,2024-05-19,2024-Q2,false,true,58,0.0,11000.0,0.0
O02904,A0286,Account 0286,Enterprise,Education,West,R017,Parker Schmidt,Event,Closed Lost,344700.0,2024-09-05,2025-03-16,2025-Q1,false,true,192,0.0,344700.0,0.0
O02905,A0523,Account 0523,Mid-Market,Technology,West,R016,Logan Reyes,Outbound,Closed Lost,39800.0,2024-05-30,2024-07-29,2024-Q3,false,true,60,0.0,39800.0,0.0
O02906,A0511,Account 0511,SMB,Logistics,East,R009,Drew Mbeki,Outbound,Closed Lost,7100.0,2025-06-14,2025-07-21,2025-Q3,false,true,37,0.0,7100.0,0.0
O02907,A0203,Account 0203,SMB,Education,West,R008,Quinn Kim,Outbound,Closed Lost,3600.0,2024-08-24,2024-10-04,2024-Q4,false,true,41,0.0,3600.0,0.0
O02908,A0542,Account 0542,SMB,Education,Central,R015,Rowan Andersen,Inbound,Closed Lost,4100.0,2024-10-17,2024-12-07,2024-Q4,false,true,51,0.0,4100.0,0.0
O02909,A0497,Account 0497,SMB,Energy,East,R024,Wren Park,Inbound,Closed Lost,14200.0,2024-06-27,2024-07-19,2024-Q3,false,true,22,0.0,14200.0,0.0
O02910,A0538,Account 0538,SMB,Manufacturing,East,R015,Rowan Andersen,Inbound,Closed Lost,17400.0,2024-07-07,2024-07-31,2024-Q3,false,true,24,0.0,17400.0,0.0
O02911,A0394,Account 0394,SMB,Education,East,R015,Rowan Andersen,Outbound,Closed Lost,17500.0,2025-02-11,2025-03-01,2025-Q1,false,true,18,0.0,17500.0,0.0
O02912,A0418,Account 0418,SMB,Healthcare,Central,R008,Quinn Kim,Referral,Closed Lost,8700.0,2024-07-12,2024-08-17,2024-Q3,false,true,36,0.0,8700.0,0.0
O02913,A0159,Account 0159,SMB,Healthcare,Central,R022,Shay Volkov,Partner,Closed Won,11200.0,2025-09-09,2025-11-08,2025-Q4,true,true,60,11200.0,0.0,0.0
O02914,A0489,Account 0489,SMB,Logistics,East,R015,Rowan Andersen,Outbound,Closed Lost,10000.0,2025-07-23,2025-09-07,2025-Q3,false,true,46,0.0,10000.0,0.0
O02915,A0382,Account 0382,SMB,Healthcare,West,R015,Rowan Andersen,Inbound,Closed Won,4800.0,2024-01-13,2024-02-15,2024-Q1,true,true,33,4800.0,0.0,0.0
O02916,A0536,Account 0536,Mid-Market,Financial Services,East,R007,Casey Rossi,Outbound,Closed Won,23900.0,2025-09-14,2025-11-29,2025-Q4,true,true,76,23900.0,0.0,0.0
O02917,A0195,Account 0195,SMB,Healthcare,East,R022,Shay Volkov,Inbound,Closed Lost,17900.0,2024-03-27,2024-04-19,2024-Q2,false,true,23,0.0,17900.0,0.0
O02918,A0069,Account 0069,Mid-Market,Manufacturing,East,R007,Casey Rossi,Outbound,Closed Lost,58400.0,2024-10-31,2024-12-21,2024-Q4,false,true,51,0.0,58400.0,0.0
O02919,A0409,Account 0409,SMB,Manufacturing,East,R008,Quinn Kim,Event,Closed Won,14200.0,2025-09-23,2025-11-22,2025-Q4,true,true,60,14200.0,0.0,0.0
O02920,A0233,Account 0233,Enterprise,Financial Services,East,R017,Parker Schmidt,Inbound,Closed Lost,102600.0,2024-10-18,2025-06-09,2025-Q2,false,true,234,0.0,102600.0,0.0
O02921,A0529,Account 0529,Enterprise,Financial Services,West,R020,Elliot Mori,Outbound,Closed Lost,368400.0,2024-11-25,2025-04-02,2025-Q2,false,true,128,0.0,368400.0,0.0
O02922,A0034,Account 0034,Mid-Market,Energy,West,R019,Blake Fischer,Inbound,Closed Lost,45000.0,2025-09-19,2026-01-11,2026-Q1,false,true,114,0.0,45000.0,0.0
O02923,A0139,Account 0139,SMB,Logistics,Central,R011,Sky Haddad,Inbound,Closed Lost,12300.0,2024-01-12,2024-02-16,2024-Q1,false,true,35,0.0,12300.0,0.0
O02924,A0532,Account 0532,Mid-Market,Technology,East,R004,Cameron Cohen,Referral,Closed Won,69600.0,2024-08-27,2024-11-23,2024-Q4,true,true,88,69600.0,0.0,0.0
O02925,A0437,Account 0437,Enterprise,Energy,West,R020,Elliot Mori,Outbound,Closed Lost,279200.0,2025-09-15,2026-01-09,2026-Q1,false,true,116,0.0,279200.0,0.0
O02926,A0583,Account 0583,Mid-Market,Technology,Central,R016,Logan Reyes,Inbound,Closed Won,42900.0,2024-02-04,2024-05-06,2024-Q2,true,true,92,42900.0,0.0,0.0
O02927,A0486,Account 0486,SMB,Logistics,East,R024,Wren Park,Outbound,Closed Won,12400.0,2025-01-08,2025-02-06,2025-Q1,true,true,29,12400.0,0.0,0.0
O02928,A0419,Account 0419,SMB,Healthcare,West,R005,Morgan Okafor,Inbound,Closed Lost,11600.0,2025-06-22,2025-08-02,2025-Q3,false,true,41,0.0,11600.0,0.0
O02929,A0298,Account 0298,SMB,Financial Services,East,R002,Jordan Patel,Inbound,Closed Won,14900.0,2024-11-13,2024-12-12,2024-Q4,true,true,29,14900.0,0.0,0.0
O02930,A0168,Account 0168,Mid-Market,Financial Services,Central,R010,Reese Dubois,Outbound,Closed Lost,58700.0,2024-08-18,2024-10-11,2024-Q4,false,true,54,0.0,58700.0,0.0
O02931,A0415,Account 0415,SMB,Retail,East,R005,Morgan Okafor,Partner,Closed Lost,10400.0,2024-01-14,2024-01-31,2024-Q1,false,true,17,0.0,10400.0,0.0
O02932,A0076,Account 0076,SMB,Logistics,Central,R018,Sawyer Walsh,Outbound,Closed Won,6400.0,2024-12-24,2025-01-10,2025-Q1,true,true,17,6400.0,0.0,0.0
O02933,A0184,Account 0184,Mid-Market,Retail,East,R001,Avery Nguyen,Outbound,Closed Lost,69700.0,2024-05-30,2024-08-25,2024-Q3,false,true,87,0.0,69700.0,0.0
O02934,A0073,Account 0073,SMB,Education,West,R022,Shay Volkov,Inbound,Closed Won,10300.0,2024-07-22,2024-09-07,2024-Q3,true,true,47,10300.0,0.0,0.0
O02935,A0306,Account 0306,Enterprise,Logistics,Central,R017,Parker Schmidt,Outbound,Closed Lost,168000.0,2024-10-27,2025-04-14,2025-Q2,false,true,169,0.0,168000.0,0.0
O02936,A0001,Account 0001,SMB,Retail,West,R011,Sky Haddad,Outbound,Closed Lost,3400.0,2025-05-20,2025-06-30,2025-Q2,false,true,41,0.0,3400.0,0.0
O02937,A0132,Account 0132,Mid-Market,Manufacturing,West,R006,Taylor Larsson,Partner,Closed Lost,75200.0,2024-11-18,2025-01-10,2025-Q1,false,true,53,0.0,75200.0,0.0
O02938,A0482,Account 0482,Mid-Market,Energy,East,R013,Hayden Novak,Event,Closed Lost,66200.0,2024-11-25,2025-01-18,2025-Q1,false,true,54,0.0,66200.0,0.0
O02939,A0035,Account 0035,Enterprise,Healthcare,East,R020,Elliot Mori,Inbound,Closed Lost,302400.0,2024-04-01,2024-10-31,2024-Q4,false,true,213,0.0,302400.0,0.0
O02940,A0552,Account 0552,Mid-Market,Manufacturing,Central,R019,Blake Fischer,Referral,Closed Lost,34600.0,2024-12-21,2025-02-14,2025-Q1,false,true,55,0.0,34600.0,0.0
O02941,A0038,Account 0038,Enterprise,Retail,East,R017,Parker Schmidt,Inbound,Closed Lost,242800.0,2025-07-25,2026-01-21,2026-Q1,false,true,180,0.0,242800.0,0.0
O02942,A0098,Account 0098,SMB,Healthcare,West,R012,Devon Costa,Outbound,Closed Lost,7100.0,2025-04-07,2025-05-07,2025-Q2,false,true,30,0.0,7100.0,0.0
O02943,A0375,Account 0375,Mid-Market,Retail,West,R006,Taylor Larsson,Outbound,Closed Won,75200.0,2025-09-08,2025-11-06,2025-Q4,true,true,59,75200.0,0.0,0.0
O02944,A0485,Account 0485,SMB,Retail,Central,R002,Jordan Patel,Event,Closed Won,3200.0,2024-02-21,2024-03-24,2024-Q1,true,true,32,3200.0,0.0,0.0
O02945,A0013,Account 0013,SMB,Manufacturing,East,R011,Sky Haddad,Inbound,Closed Won,4800.0,2024-11-22,2024-12-25,2024-Q4,true,true,33,4800.0,0.0,0.0
O02946,A0255,Account 0255,SMB,Energy,East,R022,Shay Volkov,Inbound,Closed Lost,5700.0,2025-07-13,2025-08-05,2025-Q3,false,true,23,0.0,5700.0,0.0
O02947,A0215,Account 0215,Mid-Market,Energy,West,R019,Blake Fischer,Partner,Closed Lost,65700.0,2025-01-26,2025-05-01,2025-Q2,false,true,95,0.0,65700.0,0.0
O02948,A0041,Account 0041,SMB,Education,West,R009,Drew Mbeki,Outbound,Closed Lost,16700.0,2025-06-10,2025-07-17,2025-Q3,false,true,37,0.0,16700.0,0.0
O02949,A0286,Account 0286,Enterprise,Education,West,R017,Parker Schmidt,Partner,Prospecting,250900.0,2025-11-06,,2025-Q4,false,false,,0.0,0.0,250900.0
O02950,A0093,Account 0093,Enterprise,Healthcare,West,R020,Elliot Mori,Inbound,Closed Lost,307000.0,2024-10-16,2025-05-05,2025-Q2,false,true,201,0.0,307000.0,0.0
O02951,A0243,Account 0243,SMB,Education,West,R012,Devon Costa,Outbound,Closed Lost,6000.0,2025-03-03,2025-03-25,2025-Q1,false,true,22,0.0,6000.0,0.0
O02952,A0480,Account 0480,Enterprise,Manufacturing,Central,R020,Elliot Mori,Inbound,Closed Lost,241000.0,2024-09-26,2024-12-30,2024-Q4,false,true,95,0.0,241000.0,0.0
O02953,A0443,Account 0443,SMB,Education,West,R018,Sawyer Walsh,Outbound,Closed Lost,13800.0,2024-02-13,2024-03-30,2024-Q1,false,true,46,0.0,13800.0,0.0
O02954,A0044,Account 0044,SMB,Technology,East,R022,Shay Volkov,Outbound,Closed Lost,17700.0,2024-06-21,2024-07-07,2024-Q3,false,true,16,0.0,17700.0,0.0
O02955,A0095,Account 0095,SMB,Education,Central,R021,Marlowe Silva,Inbound,Closed Won,16000.0,2025-10-06,2025-11-07,2025-Q4,true,true,32,16000.0,0.0,0.0
O02956,A0149,Account 0149,Mid-Market,Healthcare,East,R013,Hayden Novak,Outbound,Closed Lost,24000.0,2025-01-22,2025-03-20,2025-Q1,false,true,57,0.0,24000.0,0.0
O02957,A0575,Account 0575,SMB,Manufacturing,Central,R002,Jordan Patel,Partner,Closed Won,15000.0,2024-12-17,2025-01-10,2025-Q1,true,true,24,15000.0,0.0,0.0
O02958,A0115,Account 0115,Mid-Market,Energy,Central,R019,Blake Fischer,Partner,Closed Lost,20000.0,2025-11-02,2026-02-06,2026-Q1,false,true,96,0.0,20000.0,0.0
O02959,A0163,Account 0163,SMB,Energy,East,R008,Quinn Kim,Partner,Closed Lost,6400.0,2024-01-19,2024-02-22,2024-Q1,false,true,34,0.0,6400.0,0.0
O02960,A0488,Account 0488,Mid-Market,Financial Services,Central,R014,Emerson Ibrahim,Partner,Closed Lost,62100.0,2024-10-06,2025-01-05,2025-Q1,false,true,91,0.0,62100.0,0.0
O02961,A0059,Account 0059,SMB,Retail,West,R021,Marlowe Silva,Inbound,Closed Lost,14600.0,2025-11-26,2026-01-22,2026-Q1,false,true,57,0.0,14600.0,0.0
O02962,A0066,Account 0066,Enterprise,Education,East,R020,Elliot Mori,Partner,Closed Lost,343300.0,2025-02-03,2025-05-22,2025-Q2,false,true,108,0.0,343300.0,0.0
O02963,A0591,Account 0591,SMB,Retail,East,R011,Sky Haddad,Inbound,Closed Lost,15100.0,2025-03-07,2025-04-21,2025-Q2,false,true,45,0.0,15100.0,0.0
O02964,A0418,Account 0418,SMB,Healthcare,Central,R008,Quinn Kim,Referral,Closed Lost,13500.0,2024-09-11,2024-10-15,2024-Q4,false,true,34,0.0,13500.0,0.0
O02965,A0373,Account 0373,SMB,Logistics,Central,R009,Drew Mbeki,Outbound,Closed Won,14200.0,2024-01-14,2024-02-05,2024-Q1,true,true,22,14200.0,0.0,0.0
O02966,A0017,Account 0017,Enterprise,Financial Services,West,R017,Parker Schmidt,Inbound,Closed Lost,340100.0,2025-01-17,2025-08-19,2025-Q3,false,true,214,0.0,340100.0,0.0
O02967,A0398,Account 0398,SMB,Education,Central,R021,Marlowe Silva,Outbound,Closed Lost,8000.0,2025-02-14,2025-03-03,2025-Q1,false,true,17,0.0,8000.0,0.0
O02968,A0043,Account 0043,SMB,Education,West,R015,Rowan Andersen,Inbound,Closed Won,9500.0,2025-02-09,2025-03-10,2025-Q1,true,true,29,9500.0,0.0,0.0
O02969,A0544,Account 0544,Mid-Market,Retail,Central,R023,Tatum Adeyemi,Outbound,Closed Won,34500.0,2024-03-30,2024-07-07,2024-Q3,true,true,99,34500.0,0.0,0.0
O02970,A0124,Account 0124,Mid-Market,Energy,West,R001,Avery Nguyen,Inbound,Closed Won,20700.0,2024-08-09,2024-12-07,2024-Q4,true,true,120,20700.0,0.0,0.0
O02971,A0243,Account 0243,SMB,Education,West,R024,Wren Park,Inbound,Closed Won,8500.0,2024-01-30,2024-02-22,2024-Q1,true,true,23,8500.0,0.0,0.0
O02972,A0162,Account 0162,Enterprise,Retail,East,R017,Parker Schmidt,Outbound,Closed Lost,261900.0,2025-04-16,2025-10-17,2025-Q4,false,true,184,0.0,261900.0,0.0
O02973,A0115,Account 0115,Mid-Market,Energy,Central,R019,Blake Fischer,Outbound,Closed Won,78100.0,2025-10-26,2026-01-02,2026-Q1,true,true,68,78100.0,0.0,0.0
O02974,A0045,Account 0045,Mid-Market,Technology,East,R004,Cameron Cohen,Referral,Closed Lost,74900.0,2025-04-19,2025-07-17,2025-Q3,false,true,89,0.0,74900.0,0.0
O02975,A0330,Account 0330,SMB,Manufacturing,West,R011,Sky Haddad,Inbound,Closed Won,11900.0,2024-10-06,2024-11-29,2024-Q4,true,true,54,11900.0,0.0,0.0
O02976,A0571,Account 0571,SMB,Energy,Central,R022,Shay Volkov,Outbound,Closed Lost,7300.0,2024-10-15,2024-12-12,2024-Q4,false,true,58,0.0,7300.0,0.0
O02977,A0128,Account 0128,Enterprise,Financial Services,West,R017,Parker Schmidt,Outbound,Proposal,118600.0,2025-10-07,,2025-Q4,false,false,,0.0,0.0,118600.0
O02978,A0291,Account 0291,SMB,Retail,Central,R011,Sky Haddad,Inbound,Closed Won,17700.0,2024-12-04,2025-01-12,2025-Q1,true,true,39,17700.0,0.0,0.0
O02979,A0380,Account 0380,Mid-Market,Energy,Central,R004,Cameron Cohen,Partner,Closed Won,56200.0,2024-05-06,2024-08-22,2024-Q3,true,true,108,56200.0,0.0,0.0
O02980,A0390,Account 0390,Enterprise,Logistics,East,R017,Parker Schmidt,Inbound,Closed Lost,112800.0,2024-08-28,2025-03-10,2025-Q1,false,true,194,0.0,112800.0,0.0
O02981,A0555,Account 0555,SMB,Financial Services,West,R015,Rowan Andersen,Partner,Closed Lost,3200.0,2024-02-01,2024-03-14,2024-Q1,false,true,42,0.0,3200.0,0.0
O02982,A0432,Account 0432,Mid-Market,Retail,Central,R013,Hayden Novak,Inbound,Closed Lost,30200.0,2024-01-17,2024-03-18,2024-Q1,false,true,61,0.0,30200.0,0.0
O02983,A0517,Account 0517,Mid-Market,Energy,Central,R010,Reese Dubois,Inbound,Closed Won,41200.0,2024-01-28,2024-03-22,2024-Q1,true,true,54,41200.0,0.0,0.0
O02984,A0452,Account 0452,SMB,Logistics,Central,R009,Drew Mbeki,Outbound,Prospecting,12500.0,2025-11-26,,2025-Q4,false,false,,0.0,0.0,12500.0
O02985,A0356,Account 0356,SMB,Education,Central,R021,Marlowe Silva,Inbound,Closed Won,3900.0,2025-03-26,2025-05-15,2025-Q2,true,true,50,3900.0,0.0,0.0
O02986,A0077,Account 0077,Mid-Market,Healthcare,West,R006,Taylor Larsson,Inbound,Closed Lost,38200.0,2024-09-08,2025-01-06,2025-Q1,false,true,120,0.0,38200.0,0.0
O02987,A0385,Account 0385,Enterprise,Education,Central,R020,Elliot Mori,Partner,Closed Lost,111100.0,2025-01-09,2025-06-02,2025-Q2,false,true,144,0.0,111100.0,0.0
O02988,A0479,Account 0479,SMB,Education,Central,R022,Shay Volkov,Referral,Closed Won,13800.0,2024-02-25,2024-03-30,2024-Q1,true,true,34,13800.0,0.0,0.0
O02989,A0082,Account 0082,SMB,Retail,East,R024,Wren Park,Referral,Closed Lost,11600.0,2025-06-21,2025-08-14,2025-Q3,false,true,54,0.0,11600.0,0.0
O02990,A0308,Account 0308,SMB,Manufacturing,East,R015,Rowan Andersen,Inbound,Closed Lost,9400.0,2025-08-17,2025-09-13,2025-Q3,false,true,27,0.0,9400.0,0.0
O02991,A0241,Account 0241,Mid-Market,Technology,Central,R006,Taylor Larsson,Outbound,Closed Lost,34400.0,2024-11-26,2025-03-14,2025-Q1,false,true,108,0.0,34400.0,0.0
O02992,A0561,Account 0561,Enterprise,Logistics,Central,R017,Parker Schmidt,Inbound,Closed Won,95700.0,2025-01-18,2025-08-15,2025-Q3,true,true,209,95700.0,0.0,0.0
O02993,A0490,Account 0490,Mid-Market,Financial Services,West,R014,Emerson Ibrahim,Event,Closed Lost,34500.0,2024-03-31,2024-07-23,2024-Q3,false,true,114,0.0,34500.0,0.0
O02994,A0103,Account 0103,Enterprise,Retail,West,R017,Parker Schmidt,Inbound,Closed Lost,273100.0,2024-06-16,2024-09-20,2024-Q3,false,true,96,0.0,273100.0,0.0
O02995,A0195,Account 0195,SMB,Healthcare,East,R008,Quinn Kim,Inbound,Closed Lost,10200.0,2025-09-10,2025-11-07,2025-Q4,false,true,58,0.0,10200.0,0.0
O02996,A0580,Account 0580,Enterprise,Education,Central,R020,Elliot Mori,Referral,Closed Lost,92800.0,2024-10-23,2025-03-28,2025-Q1,false,true,156,0.0,92800.0,0.0
O02997,A0330,Account 0330,SMB,Manufacturing,West,R009,Drew Mbeki,Outbound,Closed Lost,17000.0,2024-06-16,2024-07-25,2024-Q3,false,true,39,0.0,17000.0,0.0
O02998,A0192,Account 0192,Mid-Market,Logistics,East,R007,Casey Rossi,Referral,Closed Won,47400.0,2024-06-18,2024-09-27,2024-Q3,true,true,101,47400.0,0.0,0.0
O02999,A0164,Account 0164,Mid-Market,Manufacturing,Central,R006,Taylor Larsson,Inbound,Closed Won,58400.0,2025-07-01,2025-09-27,2025-Q3,true,true,88,58400.0,0.0,0.0
O03000,A0187,Account 0187,SMB,Energy,West,R002,Jordan Patel,Inbound,Closed Lost,6800.0,2025-08-12,2025-09-01,2025-Q3,false,true,20,0.0,6800.0,0.0
O03001,A0194,Account 0194,SMB,Logistics,East,R009,Drew Mbeki,Referral,Closed Won,7200.0,2024-06-28,2024-08-14,2024-Q3,true,true,47,7200.0,0.0,0.0
O03002,A0507,Account 0507,SMB,Logistics,East,R024,Wren Park,Outbound,Closed Won,11900.0,2024-03-13,2024-05-04,2024-Q2,true,true,52,11900.0,0.0,0.0
O03003,A0495,Account 0495,SMB,Financial Services,West,R012,Devon Costa,Outbound,Closed Won,7900.0,2024-11-24,2024-12-13,2024-Q4,true,true,19,7900.0,0.0,0.0
O03004,A0399,Account 0399,Mid-Market,Retail,West,R001,Avery Nguyen,Partner,Closed Lost,45100.0,2025-03-29,2025-06-23,2025-Q2,false,true,86,0.0,45100.0,0.0
O03005,A0207,Account 0207,SMB,Retail,Central,R021,Marlowe Silva,Outbound,Closed Lost,3400.0,2024-08-14,2024-09-04,2024-Q3,false,true,21,0.0,3400.0,0.0
O03006,A0292,Account 0292,SMB,Financial Services,Central,R009,Drew Mbeki,Outbound,Closed Lost,5300.0,2024-08-06,2024-10-02,2024-Q4,false,true,57,0.0,5300.0,0.0
O03007,A0155,Account 0155,Mid-Market,Energy,East,R004,Cameron Cohen,Referral,Closed Won,47000.0,2025-05-19,2025-08-29,2025-Q3,true,true,102,47000.0,0.0,0.0
O03008,A0425,Account 0425,SMB,Logistics,Central,R021,Marlowe Silva,Outbound,Closed Won,9000.0,2024-02-04,2024-03-14,2024-Q1,true,true,39,9000.0,0.0,0.0
O03009,A0454,Account 0454,SMB,Logistics,Central,R002,Jordan Patel,Event,Closed Won,8400.0,2024-07-31,2024-09-18,2024-Q3,true,true,49,8400.0,0.0,0.0
O03010,A0344,Account 0344,Enterprise,Logistics,West,R020,Elliot Mori,Inbound,Closed Won,334800.0,2024-06-22,2025-01-26,2025-Q1,true,true,218,334800.0,0.0,0.0
O03011,A0039,Account 0039,SMB,Education,Central,R024,Wren Park,Event,Closed Won,7500.0,2025-04-29,2025-06-27,2025-Q2,true,true,59,7500.0,0.0,0.0
O03012,A0277,Account 0277,SMB,Energy,East,R002,Jordan Patel,Outbound,Closed Lost,16000.0,2025-11-22,2026-01-16,2026-Q1,false,true,55,0.0,16000.0,0.0
O03013,A0439,Account 0439,Enterprise,Manufacturing,West,R020,Elliot Mori,Event,Closed Lost,198800.0,2025-03-06,2025-07-09,2025-Q3,false,true,125,0.0,198800.0,0.0
O03014,A0441,Account 0441,SMB,Retail,Central,R008,Quinn Kim,Event,Closed Lost,6700.0,2024-01-15,2024-01-31,2024-Q1,false,true,16,0.0,6700.0,0.0
O03015,A0366,Account 0366,Mid-Market,Energy,East,R023,Tatum Adeyemi,Inbound,Closed Lost,76600.0,2025-02-17,2025-05-06,2025-Q2,false,true,78,0.0,76600.0,0.0
O03016,A0459,Account 0459,Mid-Market,Logistics,West,R007,Casey Rossi,Outbound,Closed Won,58000.0,2024-11-18,2025-03-05,2025-Q1,true,true,107,58000.0,0.0,0.0
O03017,A0223,Account 0223,SMB,Financial Services,East,R022,Shay Volkov,Outbound,Closed Lost,10300.0,2025-08-07,2025-10-03,2025-Q4,false,true,57,0.0,10300.0,0.0
O03018,A0285,Account 0285,SMB,Logistics,East,R022,Shay Volkov,Outbound,Closed Lost,12000.0,2024-03-20,2024-04-19,2024-Q2,false,true,30,0.0,12000.0,0.0
O03019,A0323,Account 0323,SMB,Technology,Central,R012,Devon Costa,Inbound,Closed Lost,12000.0,2024-01-15,2024-02-16,2024-Q1,false,true,32,0.0,12000.0,0.0
O03020,A0427,Account 0427,SMB,Energy,West,R015,Rowan Andersen,Referral,Closed Lost,4900.0,2024-10-30,2024-11-26,2024-Q4,false,true,27,0.0,4900.0,0.0
O03021,A0264,Account 0264,SMB,Education,East,R015,Rowan Andersen,Outbound,Closed Lost,4500.0,2024-04-13,2024-05-05,2024-Q2,false,true,22,0.0,4500.0,0.0
O03022,A0547,Account 0547,Mid-Market,Logistics,East,R023,Tatum Adeyemi,Referral,Closed Lost,38400.0,2024-03-17,2024-05-14,2024-Q2,false,true,58,0.0,38400.0,0.0
O03023,A0234,Account 0234,SMB,Education,West,R011,Sky Haddad,Outbound,Closed Won,13500.0,2024-01-17,2024-01-31,2024-Q1,true,true,14,13500.0,0.0,0.0
O03024,A0168,Account 0168,Mid-Market,Financial Services,Central,R004,Cameron Cohen,Inbound,Closed Lost,78300.0,2024-07-16,2024-11-13,2024-Q4,false,true,120,0.0,78300.0,0.0
O03025,A0510,Account 0510,SMB,Financial Services,West,R011,Sky Haddad,Outbound,Closed Lost,5400.0,2024-06-25,2024-08-18,2024-Q3,false,true,54,0.0,5400.0,0.0
O03026,A0517,Account 0517,Mid-Market,Energy,Central,R014,Emerson Ibrahim,Referral,Closed Lost,66000.0,2024-03-06,2024-06-24,2024-Q2,false,true,110,0.0,66000.0,0.0
O03027,A0132,Account 0132,Mid-Market,Manufacturing,West,R006,Taylor Larsson,Inbound,Closed Lost,57900.0,2025-04-06,2025-07-27,2025-Q3,false,true,112,0.0,57900.0,0.0
O03028,A0560,Account 0560,SMB,Healthcare,Central,R011,Sky Haddad,Inbound,Closed Lost,10800.0,2024-03-10,2024-04-17,2024-Q2,false,true,38,0.0,10800.0,0.0
O03029,A0205,Account 0205,Mid-Market,Healthcare,West,R007,Casey Rossi,Referral,Closed Lost,42900.0,2025-08-12,2025-11-12,2025-Q4,false,true,92,0.0,42900.0,0.0
O03030,A0550,Account 0550,Mid-Market,Manufacturing,West,R007,Casey Rossi,Outbound,Closed Lost,64700.0,2025-02-04,2025-03-24,2025-Q1,false,true,48,0.0,64700.0,0.0
O03031,A0455,Account 0455,Mid-Market,Manufacturing,West,R019,Blake Fischer,Event,Closed Lost,66100.0,2024-10-02,2025-01-27,2025-Q1,false,true,117,0.0,66100.0,0.0
O03032,A0555,Account 0555,SMB,Financial Services,West,R009,Drew Mbeki,Inbound,Closed Lost,15900.0,2024-01-04,2024-02-26,2024-Q1,false,true,53,0.0,15900.0,0.0
O03033,A0123,Account 0123,SMB,Healthcare,East,R002,Jordan Patel,Inbound,Closed Won,11600.0,2025-07-10,2025-07-27,2025-Q3,true,true,17,11600.0,0.0,0.0
O03034,A0411,Account 0411,Mid-Market,Manufacturing,East,R004,Cameron Cohen,Inbound,Closed Lost,44000.0,2024-01-08,2024-03-05,2024-Q1,false,true,57,0.0,44000.0,0.0
O03035,A0461,Account 0461,Mid-Market,Manufacturing,East,R023,Tatum Adeyemi,Partner,Closed Lost,77000.0,2025-06-02,2025-09-07,2025-Q3,false,true,97,0.0,77000.0,0.0
O03036,A0536,Account 0536,Mid-Market,Financial Services,East,R013,Hayden Novak,Outbound,Closed Lost,64600.0,2024-11-26,2025-02-20,2025-Q1,false,true,86,0.0,64600.0,0.0
O03037,A0103,Account 0103,Enterprise,Retail,West,R017,Parker Schmidt,Inbound,Closed Won,217900.0,2024-09-17,2025-04-15,2025-Q2,true,true,210,217900.0,0.0,0.0
O03038,A0537,Account 0537,Mid-Market,Energy,Central,R014,Emerson Ibrahim,Outbound,Closed Lost,66800.0,2024-12-11,2025-04-01,2025-Q2,false,true,111,0.0,66800.0,0.0
O03039,A0136,Account 0136,Mid-Market,Retail,Central,R007,Casey Rossi,Inbound,Qualification,40200.0,2025-11-30,,2025-Q4,false,false,,0.0,0.0,40200.0
O03040,A0263,Account 0263,SMB,Manufacturing,Central,R011,Sky Haddad,Outbound,Closed Lost,14500.0,2024-09-23,2024-10-11,2024-Q4,false,true,18,0.0,14500.0,0.0
O03041,A0304,Account 0304,SMB,Education,West,R002,Jordan Patel,Outbound,Closed Lost,6000.0,2024-05-27,2024-06-22,2024-Q2,false,true,26,0.0,6000.0,0.0
O03042,A0437,Account 0437,Enterprise,Energy,West,R017,Parker Schmidt,Event,Closed Lost,347700.0,2025-06-08,2025-11-04,2025-Q4,false,true,149,0.0,347700.0,0.0
O03043,A0066,Account 0066,Enterprise,Education,East,R020,Elliot Mori,Partner,Closed Won,210600.0,2024-01-21,2024-06-21,2024-Q2,true,true,152,210600.0,0.0,0.0
O03044,A0275,Account 0275,SMB,Manufacturing,East,R008,Quinn Kim,Inbound,Closed Won,12600.0,2024-08-05,2024-09-20,2024-Q3,true,true,46,12600.0,0.0,0.0
O03045,A0341,Account 0341,SMB,Education,East,R002,Jordan Patel,Referral,Closed Won,14000.0,2025-07-07,2025-08-29,2025-Q3,true,true,53,14000.0,0.0,0.0
O03046,A0285,Account 0285,SMB,Logistics,East,R005,Morgan Okafor,Event,Closed Won,13000.0,2024-08-05,2024-09-05,2024-Q3,true,true,31,13000.0,0.0,0.0
O03047,A0068,Account 0068,Mid-Market,Retail,Central,R019,Blake Fischer,Event,Closed Lost,71800.0,2025-05-02,2025-08-17,2025-Q3,false,true,107,0.0,71800.0,0.0
O03048,A0499,Account 0499,Mid-Market,Manufacturing,East,R004,Cameron Cohen,Inbound,Closed Lost,79400.0,2024-10-06,2025-01-02,2025-Q1,false,true,88,0.0,79400.0,0.0
O03049,A0372,Account 0372,Enterprise,Technology,Central,R020,Elliot Mori,Outbound,Closed Lost,248500.0,2025-09-16,2026-02-22,2026-Q1,false,true,159,0.0,248500.0,0.0
O03050,A0363,Account 0363,SMB,Logistics,West,R015,Rowan Andersen,Inbound,Closed Lost,17800.0,2025-05-18,2025-06-20,2025-Q2,false,true,33,0.0,17800.0,0.0
O03051,A0330,Account 0330,SMB,Manufacturing,West,R018,Sawyer Walsh,Partner,Closed Lost,17300.0,2025-10-17,2025-12-10,2025-Q4,false,true,54,0.0,17300.0,0.0
O03052,A0345,Account 0345,Enterprise,Education,West,R017,Parker Schmidt,Inbound,Closed Lost,80300.0,2024-05-23,2024-12-09,2024-Q4,false,true,200,0.0,80300.0,0.0
O03053,A0151,Account 0151,Mid-Market,Retail,Central,R023,Tatum Adeyemi,Outbound,Closed Lost,78100.0,2024-02-15,2024-04-29,2024-Q2,false,true,74,0.0,78100.0,0.0
O03054,A0144,Account 0144,Enterprise,Manufacturing,East,R020,Elliot Mori,Outbound,Closed Lost,275400.0,2025-06-17,2025-11-25,2025-Q4,false,true,161,0.0,275400.0,0.0
O03055,A0320,Account 0320,SMB,Technology,East,R008,Quinn Kim,Partner,Closed Lost,4400.0,2024-02-11,2024-03-10,2024-Q1,false,true,28,0.0,4400.0,0.0
O03056,A0483,Account 0483,SMB,Logistics,Central,R011,Sky Haddad,Referral,Closed Lost,9900.0,2025-06-29,2025-08-09,2025-Q3,false,true,41,0.0,9900.0,0.0
O03057,A0117,Account 0117,SMB,Education,Central,R024,Wren Park,Inbound,Closed Lost,10700.0,2024-11-12,2024-11-30,2024-Q4,false,true,18,0.0,10700.0,0.0
O03058,A0536,Account 0536,Mid-Market,Financial Services,East,R004,Cameron Cohen,Inbound,Closed Lost,49100.0,2024-07-25,2024-09-08,2024-Q3,false,true,45,0.0,49100.0,0.0
O03059,A0328,Account 0328,SMB,Logistics,Central,R024,Wren Park,Inbound,Closed Lost,13400.0,2025-06-16,2025-07-25,2025-Q3,false,true,39,0.0,13400.0,0.0
O03060,A0585,Account 0585,Mid-Market,Retail,Central,R013,Hayden Novak,Referral,Closed Won,58100.0,2024-06-11,2024-08-26,2024-Q3,true,true,76,58100.0,0.0,0.0
O03061,A0440,Account 0440,Mid-Market,Logistics,Central,R001,Avery Nguyen,Inbound,Closed Lost,62800.0,2025-10-20,2026-01-19,2026-Q1,false,true,91,0.0,62800.0,0.0
O03062,A0471,Account 0471,Mid-Market,Logistics,West,R013,Hayden Novak,Event,Closed Won,75500.0,2025-05-07,2025-07-28,2025-Q3,true,true,82,75500.0,0.0,0.0
O03063,A0455,Account 0455,Mid-Market,Manufacturing,West,R006,Taylor Larsson,Inbound,Closed Lost,43000.0,2024-01-03,2024-04-06,2024-Q2,false,true,94,0.0,43000.0,0.0
O03064,A0089,Account 0089,Enterprise,Technology,Central,R020,Elliot Mori,Inbound,Closed Lost,375500.0,2024-04-04,2024-11-15,2024-Q4,false,true,225,0.0,375500.0,0.0
O03065,A0554,Account 0554,Mid-Market,Logistics,Central,R016,Logan Reyes,Event,Closed Lost,66300.0,2024-06-02,2024-08-23,2024-Q3,false,true,82,0.0,66300.0,0.0
O03066,A0349,Account 0349,SMB,Healthcare,West,R022,Shay Volkov,Inbound,Closed Lost,12300.0,2024-11-15,2024-12-25,2024-Q4,false,true,40,0.0,12300.0,0.0
O03067,A0431,Account 0431,Mid-Market,Healthcare,West,R004,Cameron Cohen,Partner,Closed Won,46500.0,2024-08-29,2024-10-30,2024-Q4,true,true,62,46500.0,0.0,0.0
O03068,A0122,Account 0122,SMB,Technology,West,R018,Sawyer Walsh,Inbound,Closed Won,17200.0,2025-10-01,2025-11-16,2025-Q4,true,true,46,17200.0,0.0,0.0
O03069,A0176,Account 0176,Enterprise,Retail,Central,R017,Parker Schmidt,Referral,Closed Lost,98100.0,2025-04-27,2025-12-19,2025-Q4,false,true,236,0.0,98100.0,0.0
O03070,A0324,Account 0324,Enterprise,Manufacturing,Central,R020,Elliot Mori,Outbound,Qualification,97800.0,2025-07-09,,2025-Q3,false,false,,0.0,0.0,97800.0
O03071,A0331,Account 0331,Mid-Market,Manufacturing,Central,R007,Casey Rossi,Inbound,Closed Lost,44100.0,2024-03-13,2024-06-22,2024-Q2,false,true,101,0.0,44100.0,0.0
O03072,A0538,Account 0538,SMB,Manufacturing,East,R005,Morgan Okafor,Outbound,Closed Won,12400.0,2025-07-11,2025-08-28,2025-Q3,true,true,48,12400.0,0.0,0.0
O03073,A0216,Account 0216,SMB,Manufacturing,Central,R018,Sawyer Walsh,Outbound,Closed Won,8300.0,2025-06-10,2025-06-28,2025-Q2,true,true,18,8300.0,0.0,0.0
O03074,A0060,Account 0060,SMB,Technology,West,R021,Marlowe Silva,Event,Closed Lost,8500.0,2025-08-17,2025-09-19,2025-Q3,false,true,33,0.0,8500.0,0.0
O03075,A0400,Account 0400,Enterprise,Financial Services,East,R017,Parker Schmidt,Outbound,Closed Lost,147200.0,2025-02-18,2025-10-06,2025-Q4,false,true,230,0.0,147200.0,0.0
O03076,A0421,Account 0421,Mid-Market,Retail,Central,R006,Taylor Larsson,Partner,Closed Lost,71400.0,2025-06-21,2025-08-07,2025-Q3,false,true,47,0.0,71400.0,0.0
O03077,A0409,Account 0409,SMB,Manufacturing,East,R005,Morgan Okafor,Inbound,Closed Lost,11900.0,2024-06-03,2024-07-02,2024-Q3,false,true,29,0.0,11900.0,0.0
O03078,A0029,Account 0029,SMB,Manufacturing,Central,R024,Wren Park,Inbound,Closed Lost,11200.0,2024-12-07,2024-12-26,2024-Q4,false,true,19,0.0,11200.0,0.0
O03079,A0581,Account 0581,SMB,Healthcare,West,R024,Wren Park,Event,Closed Lost,12700.0,2025-07-06,2025-08-22,2025-Q3,false,true,47,0.0,12700.0,0.0
O03080,A0101,Account 0101,SMB,Financial Services,West,R021,Marlowe Silva,Referral,Closed Lost,12700.0,2024-05-17,2024-06-01,2024-Q2,false,true,15,0.0,12700.0,0.0
O03081,A0398,Account 0398,SMB,Education,Central,R022,Shay Volkov,Inbound,Closed Lost,3700.0,2024-02-07,2024-02-28,2024-Q1,false,true,21,0.0,3700.0,0.0
O03082,A0151,Account 0151,Mid-Market,Retail,Central,R019,Blake Fischer,Inbound,Closed Lost,42000.0,2025-07-22,2025-09-23,2025-Q3,false,true,63,0.0,42000.0,0.0
O03083,A0282,Account 0282,Mid-Market,Financial Services,East,R016,Logan Reyes,Partner,Prospecting,59000.0,2025-11-09,,2025-Q4,false,false,,0.0,0.0,59000.0
O03084,A0046,Account 0046,SMB,Financial Services,East,R015,Rowan Andersen,Event,Closed Lost,9900.0,2025-05-17,2025-06-20,2025-Q2,false,true,34,0.0,9900.0,0.0
O03085,A0231,Account 0231,Enterprise,Education,West,R017,Parker Schmidt,Outbound,Closed Won,301000.0,2024-12-12,2025-06-10,2025-Q2,true,true,180,301000.0,0.0,0.0
O03086,A0242,Account 0242,Mid-Market,Manufacturing,West,R003,Riley Garcia,Partner,Closed Lost,24200.0,2024-06-23,2024-09-03,2024-Q3,false,true,72,0.0,24200.0,0.0
O03087,A0326,Account 0326,Mid-Market,Education,Central,R014,Emerson Ibrahim,Outbound,Closed Lost,40200.0,2025-11-23,2026-01-11,2026-Q1,false,true,49,0.0,40200.0,0.0
O03088,A0228,Account 0228,SMB,Technology,East,R021,Marlowe Silva,Inbound,Closed Won,15300.0,2024-10-07,2024-12-05,2024-Q4,true,true,59,15300.0,0.0,0.0
O03089,A0522,Account 0522,SMB,Retail,Central,R021,Marlowe Silva,Inbound,Closed Won,17600.0,2024-08-02,2024-08-22,2024-Q3,true,true,20,17600.0,0.0,0.0
O03090,A0495,Account 0495,SMB,Financial Services,West,R002,Jordan Patel,Inbound,Proposal,4500.0,2025-10-29,,2025-Q4,false,false,,0.0,0.0,4500.0
O03091,A0051,Account 0051,Mid-Market,Healthcare,West,R006,Taylor Larsson,Partner,Closed Won,79400.0,2025-02-14,2025-06-07,2025-Q2,true,true,113,79400.0,0.0,0.0
O03092,A0403,Account 0403,SMB,Retail,East,R021,Marlowe Silva,Outbound,Closed Lost,14200.0,2025-09-08,2025-09-26,2025-Q3,false,true,18,0.0,14200.0,0.0
O03093,A0462,Account 0462,Mid-Market,Education,West,R019,Blake Fischer,Inbound,Closed Lost,21300.0,2025-04-02,2025-07-24,2025-Q3,false,true,113,0.0,21300.0,0.0
O03094,A0310,Account 0310,SMB,Energy,Central,R024,Wren Park,Outbound,Closed Won,9400.0,2024-09-30,2024-11-05,2024-Q4,true,true,36,9400.0,0.0,0.0
O03095,A0485,Account 0485,SMB,Retail,Central,R022,Shay Volkov,Event,Closed Lost,16700.0,2024-10-27,2024-11-11,2024-Q4,false,true,15,0.0,16700.0,0.0
O03096,A0434,Account 0434,Mid-Market,Energy,West,R013,Hayden Novak,Inbound,Closed Won,22100.0,2024-11-01,2024-12-18,2024-Q4,true,true,47,22100.0,0.0,0.0
O03097,A0327,Account 0327,Enterprise,Financial Services,Central,R020,Elliot Mori,Inbound,Closed Lost,241900.0,2024-08-11,2025-03-16,2025-Q1,false,true,217,0.0,241900.0,0.0
O03098,A0597,Account 0597,SMB,Financial Services,West,R018,Sawyer Walsh,Referral,Closed Won,13600.0,2025-01-09,2025-02-20,2025-Q1,true,true,42,13600.0,0.0,0.0
O03099,A0151,Account 0151,Mid-Market,Retail,Central,R023,Tatum Adeyemi,Outbound,Closed Lost,24500.0,2025-03-25,2025-06-07,2025-Q2,false,true,74,0.0,24500.0,0.0
O03100,A0214,Account 0214,Enterprise,Logistics,Central,R017,Parker Schmidt,Outbound,Closed Lost,345600.0,2024-05-19,2025-01-08,2025-Q1,false,true,234,0.0,345600.0,0.0
O03101,A0312,Account 0312,Enterprise,Healthcare,West,R017,Parker Schmidt,Event,Closed Won,136000.0,2024-08-20,2025-01-15,2025-Q1,true,true,148,136000.0,0.0,0.0
O03102,A0382,Account 0382,SMB,Healthcare,West,R005,Morgan Okafor,Inbound,Closed Won,12400.0,2025-07-17,2025-08-22,2025-Q3,true,true,36,12400.0,0.0,0.0
O03103,A0444,Account 0444,SMB,Healthcare,East,R015,Rowan Andersen,Event,Closed Won,16700.0,2024-01-25,2024-03-08,2024-Q1,true,true,43,16700.0,0.0,0.0
O03104,A0483,Account 0483,SMB,Logistics,Central,R011,Sky Haddad,Partner,Closed Lost,13900.0,2025-02-02,2025-02-27,2025-Q1,false,true,25,0.0,13900.0,0.0
O03105,A0366,Account 0366,Mid-Market,Energy,East,R016,Logan Reyes,Partner,Closed Lost,75100.0,2024-10-17,2024-12-11,2024-Q4,false,true,55,0.0,75100.0,0.0
O03106,A0118,Account 0118,SMB,Energy,Central,R015,Rowan Andersen,Inbound,Closed Won,3000.0,2024-03-06,2024-04-17,2024-Q2,true,true,42,3000.0,0.0,0.0
O03107,A0170,Account 0170,Enterprise,Healthcare,East,R017,Parker Schmidt,Partner,Closed Lost,209400.0,2025-06-09,2025-10-01,2025-Q4,false,true,114,0.0,209400.0,0.0
O03108,A0294,Account 0294,SMB,Education,West,R005,Morgan Okafor,Outbound,Closed Lost,15600.0,2024-08-21,2024-09-23,2024-Q3,false,true,33,0.0,15600.0,0.0
O03109,A0060,Account 0060,SMB,Technology,West,R022,Shay Volkov,Outbound,Closed Lost,6100.0,2024-09-18,2024-11-06,2024-Q4,false,true,49,0.0,6100.0,0.0
O03110,A0027,Account 0027,SMB,Healthcare,East,R008,Quinn Kim,Inbound,Closed Lost,15900.0,2025-08-28,2025-10-27,2025-Q4,false,true,60,0.0,15900.0,0.0
O03111,A0248,Account 0248,Mid-Market,Financial Services,Central,R006,Taylor Larsson,Outbound,Closed Lost,44300.0,2024-01-30,2024-04-03,2024-Q2,false,true,64,0.0,44300.0,0.0
O03112,A0031,Account 0031,Mid-Market,Healthcare,West,R019,Blake Fischer,Outbound,Negotiation,41800.0,2025-10-23,,2025-Q4,false,false,,0.0,0.0,41800.0
O03113,A0464,Account 0464,Enterprise,Education,West,R020,Elliot Mori,Referral,Closed Lost,396800.0,2024-05-06,2024-11-08,2024-Q4,false,true,186,0.0,396800.0,0.0
O03114,A0002,Account 0002,Enterprise,Retail,East,R017,Parker Schmidt,Event,Closed Lost,372900.0,2024-11-16,2025-05-25,2025-Q2,false,true,190,0.0,372900.0,0.0
O03115,A0033,Account 0033,SMB,Logistics,Central,R008,Quinn Kim,Inbound,Closed Lost,13200.0,2024-05-11,2024-06-02,2024-Q2,false,true,22,0.0,13200.0,0.0
O03116,A0558,Account 0558,Mid-Market,Technology,East,R001,Avery Nguyen,Outbound,Closed Lost,63000.0,2024-03-15,2024-05-25,2024-Q2,false,true,71,0.0,63000.0,0.0
O03117,A0432,Account 0432,Mid-Market,Retail,Central,R014,Emerson Ibrahim,Outbound,Closed Lost,23800.0,2025-01-01,2025-02-17,2025-Q1,false,true,47,0.0,23800.0,0.0
O03118,A0336,Account 0336,SMB,Technology,East,R008,Quinn Kim,Inbound,Closed Lost,7100.0,2025-10-12,2025-11-14,2025-Q4,false,true,33,0.0,7100.0,0.0
O03119,A0028,Account 0028,SMB,Education,West,R022,Shay Volkov,Inbound,Closed Lost,6700.0,2024-06-17,2024-07-14,2024-Q3,false,true,27,0.0,6700.0,0.0
O03120,A0312,Account 0312,Enterprise,Healthcare,West,R020,Elliot Mori,Event,Closed Won,362100.0,2025-01-04,2025-07-24,2025-Q3,true,true,201,362100.0,0.0,0.0
O03121,A0054,Account 0054,Mid-Market,Financial Services,Central,R003,Riley Garcia,Outbound,Closed Lost,33300.0,2025-07-16,2025-10-18,2025-Q4,false,true,94,0.0,33300.0,0.0
O03122,A0069,Account 0069,Mid-Market,Manufacturing,East,R019,Blake Fischer,Event,Closed Lost,63600.0,2025-08-21,2025-11-19,2025-Q4,false,true,90,0.0,63600.0,0.0
O03123,A0343,Account 0343,SMB,Retail,West,R012,Devon Costa,Outbound,Closed Lost,12600.0,2025-08-19,2025-09-12,2025-Q3,false,true,24,0.0,12600.0,0.0
O03124,A0270,Account 0270,Enterprise,Financial Services,East,R017,Parker Schmidt,Referral,Closed Lost,88400.0,2024-11-01,2025-02-10,2025-Q1,false,true,101,0.0,88400.0,0.0
O03125,A0561,Account 0561,Enterprise,Logistics,Central,R020,Elliot Mori,Inbound,Closed Lost,317700.0,2024-01-03,2024-05-17,2024-Q2,false,true,135,0.0,317700.0,0.0
O03126,A0214,Account 0214,Enterprise,Logistics,Central,R020,Elliot Mori,Inbound,Closed Lost,360000.0,2024-10-22,2025-03-26,2025-Q1,false,true,155,0.0,360000.0,0.0
O03127,A0547,Account 0547,Mid-Market,Logistics,East,R016,Logan Reyes,Inbound,Closed Lost,18000.0,2024-08-22,2024-12-18,2024-Q4,false,true,118,0.0,18000.0,0.0
O03128,A0240,Account 0240,SMB,Retail,Central,R005,Morgan Okafor,Partner,Closed Lost,7100.0,2024-09-15,2024-10-22,2024-Q4,false,true,37,0.0,7100.0,0.0
O03129,A0383,Account 0383,Enterprise,Healthcare,Central,R020,Elliot Mori,Inbound,Closed Won,345400.0,2024-10-26,2025-06-21,2025-Q2,true,true,238,345400.0,0.0,0.0
O03130,A0267,Account 0267,SMB,Manufacturing,Central,R022,Shay Volkov,Inbound,Closed Lost,10800.0,2025-04-13,2025-05-30,2025-Q2,false,true,47,0.0,10800.0,0.0
O03131,A0066,Account 0066,Enterprise,Education,East,R017,Parker Schmidt,Inbound,Closed Lost,84500.0,2024-01-09,2024-06-21,2024-Q2,false,true,164,0.0,84500.0,0.0
O03132,A0508,Account 0508,Mid-Market,Manufacturing,East,R023,Tatum Adeyemi,Partner,Closed Won,23900.0,2025-03-21,2025-06-28,2025-Q2,true,true,99,23900.0,0.0,0.0
O03133,A0383,Account 0383,Enterprise,Healthcare,Central,R017,Parker Schmidt,Referral,Closed Lost,311400.0,2024-03-02,2024-06-25,2024-Q2,false,true,115,0.0,311400.0,0.0
O03134,A0088,Account 0088,Enterprise,Healthcare,East,R020,Elliot Mori,Inbound,Closed Won,107000.0,2024-07-30,2025-03-26,2025-Q1,true,true,239,107000.0,0.0,0.0
O03135,A0235,Account 0235,SMB,Financial Services,West,R015,Rowan Andersen,Referral,Closed Lost,9200.0,2025-05-07,2025-06-24,2025-Q2,false,true,48,0.0,9200.0,0.0
O03136,A0016,Account 0016,SMB,Education,Central,R018,Sawyer Walsh,Outbound,Closed Won,11200.0,2025-07-15,2025-08-02,2025-Q3,true,true,18,11200.0,0.0,0.0
O03137,A0416,Account 0416,SMB,Healthcare,West,R024,Wren Park,Event,Closed Won,9300.0,2025-06-21,2025-07-25,2025-Q3,true,true,34,9300.0,0.0,0.0
O03138,A0055,Account 0055,Enterprise,Manufacturing,West,R020,Elliot Mori,Event,Closed Won,288500.0,2025-10-19,2026-06-06,2026-Q2,true,true,230,288500.0,0.0,0.0
O03139,A0203,Account 0203,SMB,Education,West,R009,Drew Mbeki,Partner,Closed Won,17100.0,2024-03-14,2024-04-20,2024-Q2,true,true,37,17100.0,0.0,0.0
O03140,A0013,Account 0013,SMB,Manufacturing,East,R015,Rowan Andersen,Referral,Closed Won,5800.0,2024-02-04,2024-02-21,2024-Q1,true,true,17,5800.0,0.0,0.0
O03141,A0443,Account 0443,SMB,Education,West,R012,Devon Costa,Event,Qualification,17100.0,2025-10-24,,2025-Q4,false,false,,0.0,0.0,17100.0
O03142,A0173,Account 0173,Enterprise,Healthcare,Central,R020,Elliot Mori,Outbound,Closed Won,172600.0,2024-04-07,2024-07-30,2024-Q3,true,true,114,172600.0,0.0,0.0
O03143,A0492,Account 0492,SMB,Education,Central,R002,Jordan Patel,Outbound,Closed Won,4100.0,2024-04-15,2024-05-19,2024-Q2,true,true,34,4100.0,0.0,0.0
O03144,A0146,Account 0146,Mid-Market,Manufacturing,Central,R001,Avery Nguyen,Event,Closed Won,44300.0,2024-04-07,2024-07-12,2024-Q3,true,true,96,44300.0,0.0,0.0
O03145,A0532,Account 0532,Mid-Market,Technology,East,R004,Cameron Cohen,Inbound,Closed Lost,70900.0,2024-05-11,2024-07-12,2024-Q3,false,true,62,0.0,70900.0,0.0
O03146,A0328,Account 0328,SMB,Logistics,Central,R009,Drew Mbeki,Outbound,Closed Won,5800.0,2025-08-24,2025-09-15,2025-Q3,true,true,22,5800.0,0.0,0.0
O03147,A0144,Account 0144,Enterprise,Manufacturing,East,R017,Parker Schmidt,Inbound,Closed Won,352100.0,2024-04-07,2024-07-17,2024-Q3,true,true,101,352100.0,0.0,0.0
O03148,A0548,Account 0548,SMB,Financial Services,East,R011,Sky Haddad,Partner,Closed Won,11600.0,2024-08-02,2024-08-30,2024-Q3,true,true,28,11600.0,0.0,0.0
O03149,A0373,Account 0373,SMB,Logistics,Central,R008,Quinn Kim,Inbound,Closed Won,17300.0,2025-06-13,2025-07-21,2025-Q3,true,true,38,17300.0,0.0,0.0
O03150,A0250,Account 0250,SMB,Retail,Central,R022,Shay Volkov,Inbound,Closed Lost,15500.0,2024-09-17,2024-10-22,2024-Q4,false,true,35,0.0,15500.0,0.0
O03151,A0130,Account 0130,SMB,Logistics,Central,R009,Drew Mbeki,Event,Closed Won,10500.0,2024-11-07,2024-12-02,2024-Q4,true,true,25,10500.0,0.0,0.0
O03152,A0454,Account 0454,SMB,Logistics,Central,R015,Rowan Andersen,Outbound,Closed Lost,7000.0,2024-01-06,2024-01-31,2024-Q1,false,true,25,0.0,7000.0,0.0
O03153,A0275,Account 0275,SMB,Manufacturing,East,R008,Quinn Kim,Inbound,Closed Lost,15200.0,2024-02-25,2024-04-25,2024-Q2,false,true,60,0.0,15200.0,0.0
O03154,A0465,Account 0465,SMB,Education,East,R024,Wren Park,Outbound,Proposal,12400.0,2025-11-17,,2025-Q4,false,false,,0.0,0.0,12400.0
O03155,A0370,Account 0370,SMB,Technology,West,R008,Quinn Kim,Event,Closed Lost,15500.0,2025-09-28,2025-11-11,2025-Q4,false,true,44,0.0,15500.0,0.0
O03156,A0095,Account 0095,SMB,Education,Central,R012,Devon Costa,Event,Closed Lost,17700.0,2024-06-30,2024-08-07,2024-Q3,false,true,38,0.0,17700.0,0.0
O03157,A0577,Account 0577,SMB,Healthcare,West,R005,Morgan Okafor,Inbound,Closed Lost,14500.0,2024-09-30,2024-11-14,2024-Q4,false,true,45,0.0,14500.0,0.0
O03158,A0253,Account 0253,SMB,Energy,East,R024,Wren Park,Inbound,Closed Lost,12300.0,2025-06-07,2025-06-24,2025-Q2,false,true,17,0.0,12300.0,0.0
O03159,A0273,Account 0273,SMB,Financial Services,East,R018,Sawyer Walsh,Partner,Closed Lost,6700.0,2025-01-13,2025-02-10,2025-Q1,false,true,28,0.0,6700.0,0.0
O03160,A0164,Account 0164,Mid-Market,Manufacturing,Central,R007,Casey Rossi,Partner,Closed Lost,75300.0,2025-03-28,2025-06-15,2025-Q2,false,true,79,0.0,75300.0,0.0
O03161,A0239,Account 0239,Mid-Market,Technology,West,R010,Reese Dubois,Referral,Closed Lost,54000.0,2024-08-01,2024-11-25,2024-Q4,false,true,116,0.0,54000.0,0.0
O03162,A0131,Account 0131,Mid-Market,Financial Services,West,R023,Tatum Adeyemi,Inbound,Closed Lost,73100.0,2025-08-13,2025-12-06,2025-Q4,false,true,115,0.0,73100.0,0.0
O03163,A0208,Account 0208,SMB,Manufacturing,West,R015,Rowan Andersen,Outbound,Closed Won,5300.0,2025-05-20,2025-07-10,2025-Q3,true,true,51,5300.0,0.0,0.0
O03164,A0161,Account 0161,SMB,Logistics,Central,R024,Wren Park,Inbound,Closed Lost,13500.0,2025-04-13,2025-06-07,2025-Q2,false,true,55,0.0,13500.0,0.0
O03165,A0561,Account 0561,Enterprise,Logistics,Central,R017,Parker Schmidt,Outbound,Closed Lost,148000.0,2024-11-27,2025-05-05,2025-Q2,false,true,159,0.0,148000.0,0.0
O03166,A0337,Account 0337,SMB,Healthcare,Central,R021,Marlowe Silva,Event,Closed Won,13000.0,2025-03-15,2025-04-13,2025-Q2,true,true,29,13000.0,0.0,0.0
O03167,A0403,Account 0403,SMB,Retail,East,R021,Marlowe Silva,Inbound,Closed Lost,11500.0,2024-05-30,2024-07-01,2024-Q3,false,true,32,0.0,11500.0,0.0
O03168,A0560,Account 0560,SMB,Healthcare,Central,R024,Wren Park,Partner,Closed Lost,4400.0,2024-03-20,2024-04-29,2024-Q2,false,true,40,0.0,4400.0,0.0
O03169,A0513,Account 0513,Enterprise,Manufacturing,East,R017,Parker Schmidt,Inbound,Closed Lost,367000.0,2024-04-13,2024-10-20,2024-Q4,false,true,190,0.0,367000.0,0.0
O03170,A0473,Account 0473,SMB,Financial Services,East,R005,Morgan Okafor,Outbound,Closed Lost,3300.0,2024-01-30,2024-02-28,2024-Q1,false,true,29,0.0,3300.0,0.0
O03171,A0389,Account 0389,Mid-Market,Retail,West,R001,Avery Nguyen,Referral,Closed Lost,66100.0,2025-04-27,2025-07-02,2025-Q3,false,true,66,0.0,66100.0,0.0
O03172,A0281,Account 0281,SMB,Technology,West,R021,Marlowe Silva,Referral,Closed Lost,15200.0,2025-09-20,2025-10-31,2025-Q4,false,true,41,0.0,15200.0,0.0
O03173,A0020,Account 0020,Mid-Market,Technology,Central,R016,Logan Reyes,Inbound,Closed Lost,63400.0,2024-05-23,2024-08-25,2024-Q3,false,true,94,0.0,63400.0,0.0
O03174,A0126,Account 0126,Enterprise,Energy,West,R020,Elliot Mori,Event,Closed Lost,269500.0,2025-02-11,2025-07-01,2025-Q3,false,true,140,0.0,269500.0,0.0
O03175,A0407,Account 0407,Mid-Market,Healthcare,Central,R004,Cameron Cohen,Referral,Closed Lost,70000.0,2024-11-27,2025-02-15,2025-Q1,false,true,80,0.0,70000.0,0.0
O03176,A0169,Account 0169,SMB,Education,East,R015,Rowan Andersen,Event,Closed Won,14300.0,2024-10-30,2024-12-05,2024-Q4,true,true,36,14300.0,0.0,0.0
O03177,A0112,Account 0112,SMB,Retail,Central,R018,Sawyer Walsh,Event,Closed Lost,15900.0,2024-05-22,2024-07-12,2024-Q3,false,true,51,0.0,15900.0,0.0
O03178,A0012,Account 0012,SMB,Energy,West,R009,Drew Mbeki,Inbound,Closed Lost,6900.0,2025-02-08,2025-03-30,2025-Q1,false,true,50,0.0,6900.0,0.0
O03179,A0113,Account 0113,Enterprise,Technology,East,R017,Parker Schmidt,Partner,Qualification,304800.0,2025-10-19,,2025-Q4,false,false,,0.0,0.0,304800.0
O03180,A0463,Account 0463,Mid-Market,Education,East,R023,Tatum Adeyemi,Inbound,Closed Lost,60300.0,2024-01-27,2024-05-03,2024-Q2,false,true,97,0.0,60300.0,0.0
O03181,A0226,Account 0226,SMB,Financial Services,East,R022,Shay Volkov,Inbound,Closed Lost,4600.0,2024-04-23,2024-05-09,2024-Q2,false,true,16,0.0,4600.0,0.0
O03182,A0585,Account 0585,Mid-Market,Retail,Central,R001,Avery Nguyen,Outbound,Closed Won,66100.0,2024-04-26,2024-07-31,2024-Q3,true,true,96,66100.0,0.0,0.0
O03183,A0600,Account 0600,SMB,Healthcare,West,R002,Jordan Patel,Inbound,Closed Won,6400.0,2024-03-24,2024-04-19,2024-Q2,true,true,26,6400.0,0.0,0.0
O03184,A0488,Account 0488,Mid-Market,Financial Services,Central,R023,Tatum Adeyemi,Partner,Closed Won,58700.0,2025-03-05,2025-06-19,2025-Q2,true,true,106,58700.0,0.0,0.0
O03185,A0547,Account 0547,Mid-Market,Logistics,East,R003,Riley Garcia,Partner,Closed Lost,69200.0,2024-10-15,2024-12-04,2024-Q4,false,true,50,0.0,69200.0,0.0
O03186,A0091,Account 0091,SMB,Logistics,Central,R002,Jordan Patel,Inbound,Closed Won,10400.0,2024-03-13,2024-04-23,2024-Q2,true,true,41,10400.0,0.0,0.0
O03187,A0258,Account 0258,Enterprise,Financial Services,East,R017,Parker Schmidt,Partner,Closed Lost,83300.0,2024-04-16,2024-10-25,2024-Q4,false,true,192,0.0,83300.0,0.0
O03188,A0086,Account 0086,SMB,Logistics,Central,R002,Jordan Patel,Event,Closed Lost,12800.0,2024-02-18,2024-03-22,2024-Q1,false,true,33,0.0,12800.0,0.0
O03189,A0040,Account 0040,SMB,Technology,Central,R008,Quinn Kim,Outbound,Closed Lost,15500.0,2025-06-26,2025-08-14,2025-Q3,false,true,49,0.0,15500.0,0.0
O03190,A0122,Account 0122,SMB,Technology,West,R015,Rowan Andersen,Partner,Closed Won,14200.0,2025-07-11,2025-07-27,2025-Q3,true,true,16,14200.0,0.0,0.0
O03191,A0041,Account 0041,SMB,Education,West,R009,Drew Mbeki,Inbound,Closed Lost,4800.0,2024-10-25,2024-11-17,2024-Q4,false,true,23,0.0,4800.0,0.0
O03192,A0514,Account 0514,SMB,Education,Central,R012,Devon Costa,Inbound,Closed Won,6900.0,2024-11-05,2024-12-24,2024-Q4,true,true,49,6900.0,0.0,0.0
O03193,A0327,Account 0327,Enterprise,Financial Services,Central,R017,Parker Schmidt,Referral,Closed Lost,99600.0,2024-03-17,2024-10-01,2024-Q4,false,true,198,0.0,99600.0,0.0
O03194,A0099,Account 0099,Mid-Market,Retail,West,R014,Emerson Ibrahim,Inbound,Closed Lost,30700.0,2025-08-28,2025-10-24,2025-Q4,false,true,57,0.0,30700.0,0.0
O03195,A0332,Account 0332,Enterprise,Retail,Central,R020,Elliot Mori,Event,Closed Won,333000.0,2024-04-11,2024-08-01,2024-Q3,true,true,112,333000.0,0.0,0.0
O03196,A0101,Account 0101,SMB,Financial Services,West,R022,Shay Volkov,Inbound,Closed Lost,16900.0,2025-11-29,2026-01-01,2026-Q1,false,true,33,0.0,16900.0,0.0
O03197,A0476,Account 0476,SMB,Energy,West,R024,Wren Park,Event,Closed Lost,17600.0,2024-01-05,2024-01-29,2024-Q1,false,true,24,0.0,17600.0,0.0
O03198,A0091,Account 0091,SMB,Logistics,Central,R011,Sky Haddad,Event,Closed Lost,5000.0,2024-04-04,2024-04-25,2024-Q2,false,true,21,0.0,5000.0,0.0
O03199,A0307,Account 0307,SMB,Technology,West,R012,Devon Costa,Referral,Closed Won,17000.0,2024-05-19,2024-07-03,2024-Q3,true,true,45,17000.0,0.0,0.0
O03200,A0219,Account 0219,Mid-Market,Retail,Central,R013,Hayden Novak,Event,Closed Lost,40800.0,2025-05-02,2025-08-20,2025-Q3,false,true,110,0.0,40800.0,0.0
