opportunity_id,account_id,rep_id,lead_source,stage,amount,created_date,close_date,fiscal_quarter,is_won,is_closed
O00001,A0255,R012,Event,Closed Won,3700.0,2025-02-09,2025-03-27,2025-Q1,true,true
O00002,A0179,R002,Inbound,Closed Lost,11300.0,2025-02-18,2025-04-01,2025-Q2,false,true
O00003,A0105,R004,Inbound,Closed Lost,21800.0,2024-05-04,2024-06-19,2024-Q2,false,true
O00004,A0203,R015,Outbound,Closed Lost,12500.0,2025-01-16,2025-03-14,2025-Q1,false,true
O00005,A0266,R005,Event,Closed Lost,6000.0,2024-01-23,2024-02-10,2024-Q1,false,true
O00006,A0095,R012,Referral,Closed Won,17100.0,2024-05-05,2024-05-21,2024-Q2,true,true
O00007,A0444,R015,Outbound,Closed Lost,8700.0,2025-05-23,2025-06-07,2025-Q2,false,true
O00008,A0192,R007,Outbound,Closed Won,72800.0,2024-10-13,2025-01-23,2025-Q1,true,true
O00009,A0252,R024,Inbound,Closed Lost,9200.0,2024-10-29,2024-12-13,2024-Q4,false,true
O00010,A0287,R013,Outbound,Closed Lost,30400.0,2024-05-20,2024-08-26,2024-Q3,false,true
O00011,A0557,R017,Outbound,Closed Lost,233500.0,2025-01-26,2025-07-26,2025-Q3,false,true
O00012,A0580,R020,Inbound,Closed Lost,137500.0,2025-02-01,2025-07-10,2025-Q3,false,true
O00013,A0288,R017,Inbound,Closed Lost,194400.0,2025-04-28,2025-12-09,2025-Q4,false,true
O00014,A0164,R003,Referral,Closed Lost,34500.0,2024-09-10,2024-11-24,2024-Q4,false,true
O00015,A0058,R009,Event,Closed Lost,8300.0,2025-08-12,2025-09-19,2025-Q3,false,true
O00016,A0181,R009,Referral,Closed Lost,15100.0,2025-08-29,2025-10-02,2025-Q4,false,true
O00017,A0029,R012,Event,Closed Lost,5100.0,2025-08-04,2025-09-23,2025-Q3,false,true
O00018,A0505,R021,Inbound,Closed Won,10400.0,2024-11-12,2024-12-07,2024-Q4,true,true
O00019,A0225,R017,Partner,Prospecting,80200.0,2025-06-23,,2025-Q2,,false
O00020,A0332,R017,Event,Closed Lost,267700.0,2024-01-23,2024-05-29,2024-Q2,false,true
O00021,A0539,R020,Outbound,Closed Lost,305500.0,2024-03-15,2024-09-16,2024-Q3,false,true
O00022,A0345,R020,Outbound,Closed Lost,392300.0,2024-11-26,2025-03-30,2025-Q1,false,true
O00023,A0499,R023,Event,Closed Lost,61800.0,2024-11-20,2025-01-26,2025-Q1,false,true
O00024,A0366,R006,Inbound,Closed Lost,68500.0,2025-11-12,2026-03-12,2026-Q1,false,true
O00025,A0182,R017,Inbound,Closed Lost,352200.0,2025-08-09,2026-02-15,2026-Q1,false,true
O00026,A0326,R019,Inbound,Closed Lost,24500.0,2024-08-14,2024-12-09,2024-Q4,false,true
O00027,A0080,R009,Inbound,Closed Lost,5500.0,2024-12-21,2025-01-24,2025-Q1,false,true
O00028,A0344,R020,Outbound,Closed Lost,147100.0,2024-01-12,2024-06-17,2024-Q2,false,true
O00029,A0111,R001,Inbound,Closed Lost,45200.0,2024-02-19,2024-05-23,2024-Q2,false,true
O00030,A0424,R018,Outbound,Closed Won,11200.0,2025-01-22,2025-02-27,2025-Q1,true,true
O00031,A0592,R024,Inbound,Closed Lost,9800.0,2024-08-18,2024-09-11,2024-Q3,false,true
O00032,A0021,R012,Outbound,Closed Won,4100.0,2024-09-24,2024-10-14,2024-Q4,true,true
O00033,A0077,R016,Outbound,Closed Lost,54800.0,2024-04-05,2024-07-02,2024-Q3,false,true
O00034,A0032,R015,Inbound,Closed Lost,12100.0,2025-10-31,2025-11-24,2025-Q4,false,true
O00035,A0340,R009,Partner,Closed Lost,13500.0,2024-07-13,2024-08-22,2024-Q3,false,true
O00036,A0272,R020,Outbound,Closed Lost,110700.0,2024-10-31,2025-03-30,2025-Q1,false,true
O00037,A0503,R008,Event,Closed Won,3100.0,2024-02-25,2024-04-02,2024-Q2,true,true
O00038,A0492,R009,Referral,Closed Lost,6100.0,2024-04-09,2024-04-24,2024-Q2,false,true
O00039,A0485,R005,Inbound,Closed Lost,10100.0,2024-11-11,2024-12-20,2024-Q4,false,true
O00040,A0558,R013,Outbound,Closed Lost,72900.0,2024-07-08,2024-10-08,2024-Q4,false,true
O00041,A0270,R020,Inbound,Closed Lost,152400.0,2025-04-21,2025-09-25,2025-Q3,false,true
O00042,A0100,R003,Inbound,Closed Lost,68100.0,2025-11-15,2026-02-12,2026-Q1,false,true
O00043,A0063,R015,Referral,Closed Lost,17500.0,2025-06-19,2025-07-29,2025-Q3,false,true
O00044,A0587,R009,Partner,Closed Lost,4200.0,2025-05-02,2025-06-04,2025-Q2,false,true
O00045,A0515,R017,Referral,Closed Lost,135300.0,2024-05-03,2024-11-23,2024-Q4,false,true
O00046,A0198,R017,Inbound,Closed Lost,105100.0,2024-02-13,2024-08-29,2024-Q3,false,true
O00047,A0152,R022,Inbound,Closed Lost,16700.0,2024-09-21,2024-10-25,2024-Q4,false,true
O00048,A0398,R021,Outbound,Closed Won,7900.0,2025-02-10,2025-03-31,2025-Q1,true,true
O00049,A0013,R022,Inbound,Closed Won,14700.0,2025-08-24,2025-10-10,2025-Q4,true,true
O00050,A0581,R022,Inbound,Closed Lost,16900.0,2025-08-19,2025-09-08,2025-Q3,false,true
O00051,A0293,R016,Outbound,Closed Lost,34400.0,2024-12-18,2025-03-25,2025-Q1,false,true
O00052,A0485,R002,Partner,Closed Lost,9000.0,2024-06-25,2024-07-26,2024-Q3,false,true
O00053,A0412,R017,Outbound,Closed Won,301000.0,2025-02-09,2025-08-02,2025-Q3,true,true
O00054,A0276,R010,Inbound,Closed Lost,68700.0,2024-01-21,2024-04-18,2024-Q2,false,true
O00055,A0504,R023,Outbound,Closed Lost,26300.0,2024-04-10,2024-06-23,2024-Q2,false,true
O00056,A0329,R020,Event,Closed Lost,140100.0,2025-03-02,2025-06-22,2025-Q2,false,true
O00057,A0497,R021,Inbound,Closed Won,10700.0,2025-01-17,2025-02-03,2025-Q1,true,true
O00058,A0519,R015,Inbound,Closed Won,16200.0,2024-05-18,2024-07-04,2024-Q3,true,true
O00059,A0206,R001,Partner,Closed Lost,46300.0,2024-09-12,2024-10-31,2024-Q4,false,true
O00060,A0281,R012,Partner,Closed Lost,9000.0,2025-04-20,2025-06-05,2025-Q2,false,true
O00061,A0248,R010,Outbound,Closed Lost,29000.0,2025-05-15,2025-08-25,2025-Q3,false,true
O00062,A0359,R012,Inbound,Closed Lost,14200.0,2024-06-16,2024-07-16,2024-Q3,false,true
O00063,A0396,R017,Inbound,Closed Lost,329500.0,2024-06-15,2025-02-06,2025-Q1,false,true
O00064,A0231,R017,Referral,Closed Lost,244200.0,2024-10-02,2025-04-14,2025-Q2,false,true
O00065,A0010,R018,Inbound,Closed Lost,5600.0,2024-05-15,2024-07-09,2024-Q3,false,true
O00066,A0313,R024,Outbound,Closed Lost,16400.0,2024-10-08,2024-11-18,2024-Q4,false,true
O00067,A0224,R014,Inbound,Closed Lost,69100.0,2024-11-05,2025-02-24,2025-Q1,false,true
O00068,A0524,R020,Partner,Negotiation,175500.0,2025-07-28,,2025-Q3,,false
O00069,A0284,R007,Event,Prospecting,29700.0,2025-11-02,,2025-Q4,,false
O00070,A0414,R024,Outbound,Closed Won,5100.0,2024-11-23,2025-01-19,2025-Q1,true,true
O00071,A0303,R011,Partner,Closed Won,8800.0,2025-03-04,2025-04-12,2025-Q2,true,true
O00072,A0586,R017,Outbound,Closed Lost,299600.0,2024-12-17,2025-05-12,2025-Q2,false,true
O00073,A0368,R021,Inbound,Closed Lost,15600.0,2024-11-03,2024-11-27,2024-Q4,false,true
O00074,A0100,R014,Referral,Closed Lost,63000.0,2024-05-11,2024-07-28,2024-Q3,false,true
O00075,A0344,R017,Outbound,Closed Lost,151500.0,2024-08-15,2025-02-11,2025-Q1,false,true
O00076,A0340,R012,Outbound,Closed Lost,7400.0,2024-09-23,2024-11-13,2024-Q4,false,true
O00077,A0598,R022,Inbound,Closed Won,10100.0,2025-09-27,2025-10-15,2025-Q4,true,true
O00078,A0391,R016,Inbound,Closed Lost,21400.0,2024-11-01,2025-02-06,2025-Q1,false,true
O00079,A0206,R010,Inbound,Closed Lost,73400.0,2025-02-23,2025-06-20,2025-Q2,false,true
O00080,A0185,R005,Partner,Closed Won,12500.0,2025-05-14,2025-06-18,2025-Q2,true,true
O00081,A0005,R020,Event,Closed Won,323600.0,2024-10-07,2025-02-27,2025-Q1,true,true
O00082,A0502,R005,Outbound,Closed Lost,9500.0,2024-05-12,2024-07-04,2024-Q3,false,true
O00083,A0489,R015,Referral,Closed Lost,11000.0,2024-01-05,2024-01-21,2024-Q1,false,true
O00084,A0330,R021,Inbound,Closed Lost,13200.0,2024-07-14,2024-07-29,2024-Q3,false,true
O00085,A0353,R007,Inbound,Closed Lost,41800.0,2024-05-12,2024-07-09,2024-Q3,false,true
O00086,A0047,R011,Inbound,Closed Lost,13900.0,2024-10-24,2024-12-06,2024-Q4,false,true
O00087,A0138,R010,Referral,Closed Won,64500.0,2025-05-16,2025-08-14,2025-Q3,true,true
O00088,A0414,R002,Partner,Closed Won,13900.0,2024-08-21,2024-09-18,2024-Q3,true,true
O00089,A0517,R004,Outbound,Closed Lost,62100.0,2024-05-06,2024-08-05,2024-Q3,false,true
O00090,A0262,R021,Inbound,Closed Won,11900.0,2025-09-30,2025-10-17,2025-Q4,true,true
O00091,A0021,R002,Inbound,Closed Won,9700.0,2024-04-28,2024-06-07,2024-Q2,true,true
O00092,A0157,R009,Partner,Closed Lost,7500.0,2025-10-07,2025-10-21,2025-Q4,false,true
O00093,A0277,R022,Inbound,Closed Lost,5100.0,2025-09-12,2025-11-09,2025-Q4,false,true
O00094,A0121,R011,Event,Closed Lost,10500.0,2024-04-26,2024-05-16,2024-Q2,false,true
O00095,A0536,R006,Outbound,Closed Won,36300.0,2025-01-01,2025-04-08,2025-Q2,true,true
O00096,A0213,R018,Referral,Closed Lost,3000.0,2024-12-04,2025-01-02,2025-Q1,false,true
O00097,A0588,R023,Inbound,Closed Lost,76900.0,2025-05-20,2025-07-23,2025-Q3,false,true
O00098,A0104,R011,Inbound,Closed Lost,9900.0,2025-10-21,2025-11-18,2025-Q4,false,true
O00099,A0052,R005,Partner,Closed Lost,15800.0,2024-06-27,2024-07-13,2024-Q3,false,true
O00100,A0437,R017,Partner,Closed Won,83100.0,2024-04-07,2024-07-17,2024-Q3,true,true
O00101,A0337,R012,Outbound,Closed Lost,7000.0,2025-03-24,2025-05-16,2025-Q2,false,true
O00102,A0351,R004,Event,Closed Lost,42800.0,2024-04-26,2024-07-31,2024-Q3,false,true
O00103,A0490,R013,Inbound,Negotiation,25000.0,2025-10-26,,2025-Q4,,false
O00104,A0427,R022,Outbound,Closed Won,13200.0,2025-05-09,2025-06-28,2025-Q2,true,true
O00105,A0368,R022,Event,Closed Lost,16200.0,2024-01-30,2024-03-27,2024-Q1,false,true
O00106,A0495,R018,Partner,Closed Won,9600.0,2024-04-25,2024-06-04,2024-Q2,true,true
O00107,A0013,R024,Referral,Closed Won,13900.0,2025-06-21,2025-08-10,2025-Q3,true,true
O00108,A0347,R021,Partner,Closed Won,13500.0,2025-06-19,2025-08-16,2025-Q3,true,true
O00109,A0255,R018,Event,Closed Lost,13100.0,2024-12-20,2025-02-14,2025-Q1,false,true
O00110,A0572,R022,Event,Closed Won,12700.0,2024-02-25,2024-03-10,2024-Q1,true,true
O00111,A0508,R004,Inbound,Closed Lost,37900.0,2024-03-17,2024-07-02,2024-Q3,false,true
O00112,A0520,R009,Inbound,Closed Lost,8700.0,2025-07-17,2025-09-10,2025-Q3,false,true
O00113,A0455,R019,Inbound,Closed Lost,71100.0,2025-04-03,2025-05-29,2025-Q2,false,true
O00114,A0510,R024,Outbound,Closed Won,9100.0,2024-01-19,2024-02-08,2024-Q1,true,true
O00115,A0094,R020,Outbound,Closed Lost,146200.0,2025-06-04,2026-01-23,2026-Q1,false,true
O00116,A0056,R017,Outbound,Closed Lost,259200.0,2025-04-10,2025-10-01,2025-Q4,false,true
O00117,A0373,R018,Outbound,Closed Won,14400.0,2024-04-26,2024-05-16,2024-Q2,true,true
O00118,A0299,R021,Inbound,Closed Won,13500.0,2025-06-18,2025-07-25,2025-Q3,true,true
O00119,A0144,R020,Referral,Closed Won,275500.0,2024-04-19,2024-09-21,2024-Q3,true,true
O00120,A0403,R009,Outbound,Closed Won,13800.0,2025-04-13,2025-05-09,2025-Q2,true,true
O00121,A0127,R018,Referral,Closed Lost,11800.0,2025-04-13,2025-06-08,2025-Q2,false,true
O00122,A0005,R017,Referral,Closed Lost,348400.0,2025-07-20,2026-02-05,2026-Q1,false,true
O00123,A0182,R017,Event,Closed Lost,204000.0,2024-05-11,2024-09-04,2024-Q3,false,true
O00124,A0517,R013,Referral,Closed Lost,35000.0,2025-03-04,2025-05-19,2025-Q2,false,true
O00125,A0464,R017,Outbound,Closed Lost,272800.0,2024-05-21,2024-12-02,2024-Q4,false,true
O00126,A0561,R020,Inbound,Closed Lost,144300.0,2025-07-20,2025-12-12,2025-Q4,false,true
O00127,A0354,R023,Inbound,Closed Lost,49200.0,2024-05-15,2024-07-21,2024-Q3,false,true
O00128,A0119,R012,Partner,Closed Lost,11700.0,2025-07-29,2025-09-11,2025-Q3,false,true
O00129,A0547,R007,Inbound,Closed Won,50400.0,2025-03-08,2025-04-23,2025-Q2,true,true
O00130,A0058,R009,Inbound,Closed Lost,17800.0,2024-09-30,2024-10-24,2024-Q4,false,true
O00131,A0064,R011,Inbound,Closed Lost,3500.0,2024-07-27,2024-09-13,2024-Q3,false,true
O00132,A0576,R017,Partner,Closed Lost,204400.0,2025-10-24,2026-06-14,2026-Q2,false,true
O00133,A0049,R015,Inbound,Closed Lost,17400.0,2025-01-31,2025-03-12,2025-Q1,false,true
O00134,A0566,R002,Event,Closed Lost,6000.0,2024-01-14,2024-02-13,2024-Q1,false,true
O00135,A0454,R009,Outbound,Closed Lost,13600.0,2025-10-10,2025-12-08,2025-Q4,false,true
O00136,A0202,R009,Inbound,Closed Lost,5700.0,2024-10-28,2024-12-09,2024-Q4,false,true
O00137,A0178,R017,Inbound,Closed Lost,217100.0,2025-01-21,2025-05-01,2025-Q2,false,true
O00138,A0599,R011,Inbound,Closed Lost,10000.0,2024-01-06,2024-02-10,2024-Q1,false,true
O00139,A0331,R019,Outbound,Closed Lost,48400.0,2024-02-22,2024-05-15,2024-Q2,false,true
O00140,A0326,R016,Inbound,Closed Lost,50300.0,2024-08-13,2024-10-20,2024-Q4,false,true
O00141,A0557,R020,Inbound,Closed Lost,150800.0,2024-04-04,2024-09-30,2024-Q3,false,true
O00142,A0370,R011,Event,Closed Lost,11000.0,2024-08-11,2024-10-03,2024-Q4,false,true
O00143,A0010,R005,Partner,Closed Lost,9700.0,2025-11-15,2025-12-21,2025-Q4,false,true
O00144,A0041,R024,Outbound,Closed Lost,16700.0,2024-11-24,2025-01-01,2025-Q1,false,true
O00145,A0554,R007,Event,Closed Lost,69000.0,2024-01-26,2024-05-16,2024-Q2,false,true
O00146,A0457,R018,Outbound,Closed Won,16500.0,2024-02-14,2024-03-17,2024-Q1,true,true
O00147,A0099,R004,Partner,Closed Won,18500.0,2025-07-04,2025-10-25,2025-Q4,true,true
O00148,A0219,R023,Event,Closed Lost,30700.0,2025-03-10,2025-05-07,2025-Q2,false,true
O00149,A0446,R024,Inbound,Closed Lost,5300.0,2024-03-14,2024-05-10,2024-Q2,false,true
O00150,A0090,R003,Outbound,Closed Lost,67200.0,2024-02-25,2024-05-02,2024-Q2,false,true
O00151,A0234,R011,Inbound,Closed Lost,9800.0,2025-02-21,2025-03-31,2025-Q1,false,true
O00152,A0399,R023,Inbound,Closed Lost,18400.0,2024-05-01,2024-08-22,2024-Q3,false,true
O00153,A0600,R002,Event,Closed Won,16900.0,2024-03-15,2024-04-20,2024-Q2,true,true
O00154,A0309,R022,Outbound,Closed Lost,14500.0,2024-03-29,2024-04-30,2024-Q2,false,true
O00155,A0032,R018,Event,Closed Lost,6300.0,2024-06-09,2024-07-27,2024-Q3,false,true
O00156,A0559,R011,Referral,Closed Lost,7500.0,2025-10-11,2025-11-03,2025-Q4,false,true
O00157,A0383,R017,Outbound,Closed Won,125200.0,2025-07-20,2026-03-09,2026-Q1,true,true
O00158,A0561,R017,Outbound,Closed Lost,319500.0,2024-11-08,2025-03-31,2025-Q1,false,true
O00159,A0423,R017,Inbound,Closed Lost,150700.0,2024-06-13,2024-10-28,2024-Q4,false,true
O00160,A0186,R023,Referral,Closed Lost,70800.0,2025-08-03,2025-09-23,2025-Q3,false,true
O00161,A0473,R024,Inbound,Closed Won,7400.0,2025-07-16,2025-08-03,2025-Q3,true,true
O00162,A0595,R020,Inbound,Closed Lost,121000.0,2024-12-04,2025-06-03,2025-Q2,false,true
O00163,A0072,R009,Inbound,Closed Lost,9800.0,2024-11-21,2025-01-05,2025-Q1,false,true
O00164,A0599,R008,Outbound,Closed Won,8500.0,2025-08-02,2025-09-21,2025-Q3,true,true
O00165,A0005,R020,Inbound,Closed Lost,307900.0,2024-09-09,2025-02-02,2025-Q1,false,true
O00166,A0369,R008,Outbound,Proposal,8000.0,2025-11-26,,2025-Q4,,false
O00167,A0112,R008,Event,Closed Won,4200.0,2025-10-23,2025-12-14,2025-Q4,true,true
O00168,A0552,R006,Event,Closed Lost,63100.0,2024-09-26,2024-11-19,2024-Q4,false,true
O00169,A0032,R022,Inbound,Closed Won,14500.0,2025-08-15,2025-09-23,2025-Q3,true,true
O00170,A0267,R021,Outbound,Closed Won,12800.0,2025-07-06,2025-08-19,2025-Q3,true,true
O00171,A0298,R008,Outbound,Closed Lost,10700.0,2025-04-20,2025-06-05,2025-Q2,false,true
O00172,A0245,R019,Outbound,Qualification,64900.0,2025-12-01,,2025-Q4,,false
O00173,A0150,R018,Inbound,Closed Lost,6300.0,2025-01-02,2025-01-18,2025-Q1,false,true
O00174,A0379,R009,Outbound,Closed Lost,6100.0,2024-02-13,2024-04-09,2024-Q2,false,true
O00175,A0481,R018,Partner,Closed Lost,17700.0,2024-02-17,2024-03-04,2024-Q1,false,true
O00176,A0534,R023,Outbound,Closed Lost,53900.0,2024-10-07,2024-12-24,2024-Q4,false,true
O00177,A0388,R012,Inbound,Closed Won,16500.0,2025-08-24,2025-10-18,2025-Q4,true,true
O00178,A0229,R016,Event,Closed Lost,68700.0,2025-02-19,2025-05-20,2025-Q2,false,true
O00179,A0007,R021,Partner,Closed Won,5500.0,2024-05-22,2024-07-03,2024-Q3,true,true
O00180,A0217,R008,Inbound,Closed Lost,8400.0,2024-07-10,2024-08-03,2024-Q3,false,true
O00181,A0236,R015,Outbound,Closed Lost,4700.0,2024-12-04,2025-02-02,2025-Q1,false,true
O00182,A0166,R020,Inbound,Closed Lost,93800.0,2024-01-23,2024-06-23,2024-Q2,false,true
O00183,A0525,R002,Inbound,Closed Won,3800.0,2025-08-09,2025-09-01,2025-Q3,true,true
O00184,A0416,R022,Partner,Closed Lost,3300.0,2025-07-31,2025-09-23,2025-Q3,false,true
O00185,A0291,R005,Outbound,Closed Lost,12100.0,2024-08-09,2024-09-20,2024-Q3,false,true
O00186,A0225,R020,Inbound,Proposal,334300.0,2025-09-07,,2025-Q3,,false
O00187,A0351,R014,Outbound,Prospecting,22300.0,2025-09-02,,2025-Q3,,false
O00188,A0517,R023,Referral,Closed Won,55500.0,2025-03-05,2025-05-08,2025-Q2,true,true
O00189,A0040,R021,Referral,Closed Lost,4400.0,2025-05-30,2025-06-20,2025-Q2,false,true
O00190,A0553,R017,Inbound,Qualification,247100.0,2025-11-25,,2025-Q4,,false
O00191,A0494,R013,Event,Closed Lost,67900.0,2024-12-24,2025-04-23,2025-Q2,false,true
O00192,A0590,R005,Referral,Closed Lost,6800.0,2025-03-11,2025-04-02,2025-Q2,false,true
O00193,A0086,R011,Partner,Closed Won,9100.0,2025-09-04,2025-10-22,2025-Q4,true,true
O00194,A0008,R019,Inbound,Closed Lost,50200.0,2025-06-19,2025-08-18,2025-Q3,false,true
O00195,A0324,R020,Inbound,Closed Lost,129500.0,2025-01-05,2025-05-02,2025-Q2,false,true
O00196,A0549,R015,Outbound,Closed Lost,12200.0,2025-08-01,2025-09-07,2025-Q3,false,true
O00197,A0209,R015,Outbound,Closed Lost,10200.0,2025-07-19,2025-09-06,2025-Q3,false,true
O00198,A0260,R011,Inbound,Closed Lost,14600.0,2025-08-14,2025-09-19,2025-Q3,false,true
O00199,A0122,R009,Outbound,Closed Won,17200.0,2025-04-02,2025-05-30,2025-Q2,true,true
O00200,A0347,R021,Outbound,Closed Won,13300.0,2025-09-20,2025-11-17,2025-Q4,true,true
O00201,A0006,R003,Inbound,Closed Lost,75400.0,2024-05-28,2024-09-10,2024-Q3,false,true
O00202,A0228,R012,Referral,Closed Lost,3600.0,2024-03-22,2024-05-13,2024-Q2,false,true
O00203,A0534,R007,Partner,Closed Lost,76600.0,2025-09-03,2025-10-25,2025-Q4,false,true
O00204,A0450,R001,Outbound,Closed Won,35700.0,2024-07-25,2024-11-13,2024-Q4,true,true
O00205,A0529,R017,Referral,Closed Lost,295700.0,2025-09-21,2026-02-01,2026-Q1,false,true
O00206,A0089,R020,Inbound,Closed Lost,294300.0,2025-02-13,2025-08-12,2025-Q3,false,true
O00207,A0016,R005,Referral,Closed Lost,7300.0,2024-04-02,2024-05-21,2024-Q2,false,true
O00208,A0357,R010,Referral,Closed Won,55600.0,2024-10-10,2024-12-22,2024-Q4,true,true
O00209,A0589,R002,Inbound,Closed Won,9100.0,2024-09-24,2024-10-19,2024-Q4,true,true
O00210,A0302,R012,Event,Closed Lost,17400.0,2024-04-29,2024-06-14,2024-Q2,false,true
O00211,A0589,R011,Partner,Closed Lost,11400.0,2025-03-29,2025-05-06,2025-Q2,false,true
O00212,A0470,R024,Inbound,Closed Lost,15900.0,2025-04-16,2025-06-06,2025-Q2,false,true
O00213,A0392,R024,Outbound,Closed Lost,13500.0,2024-08-13,2024-10-09,2024-Q4,false,true
O00214,A0362,R016,Inbound,Closed Lost,61500.0,2025-07-02,2025-08-17,2025-Q3,false,true
O00215,A0409,R024,Inbound,Closed Won,11300.0,2024-12-16,2025-01-03,2025-Q1,true,true
O00216,A0224,R019,Referral,Closed Lost,76700.0,2024-10-02,2024-12-09,2024-Q4,false,true
O00217,A0511,R009,Inbound,Closed Won,16100.0,2024-08-28,2024-09-26,2024-Q3,true,true
O00218,A0256,R019,Inbound,Closed Won,66300.0,2024-12-30,2025-03-04,2025-Q1,true,true
O00219,A0505,R022,Outbound,Closed Lost,17400.0,2024-01-07,2024-02-24,2024-Q1,false,true
O00220,A0323,R018,Referral,Closed Lost,10400.0,2025-08-11,2025-09-11,2025-Q3,false,true
O00221,A0287,R013,Outbound,Closed Lost,26000.0,2024-08-15,2024-12-11,2024-Q4,false,true
O00222,A0554,R001,Inbound,Closed Lost,42400.0,2025-05-29,2025-08-26,2025-Q3,false,true
O00223,A0124,R016,Inbound,Closed Won,60700.0,2025-04-16,2025-07-10,2025-Q3,true,true
O00224,A0595,R017,Outbound,Closed Lost,276100.0,2024-11-29,2025-05-30,2025-Q2,false,true
O00225,A0243,R011,Outbound,Closed Won,8100.0,2025-04-27,2025-06-19,2025-Q2,true,true
O00226,A0430,R010,Inbound,Closed Won,35300.0,2025-01-08,2025-04-14,2025-Q2,true,true
O00227,A0590,R024,Outbound,Closed Lost,13800.0,2024-08-22,2024-09-11,2024-Q3,false,true
O00228,A0391,R006,Outbound,Closed Won,47300.0,2024-05-29,2024-08-01,2024-Q3,true,true
O00229,A0138,R023,Inbound,Closed Lost,62700.0,2025-06-13,2025-10-04,2025-Q4,false,true
O00230,A0576,R017,Event,Closed Won,301000.0,2025-02-11,2025-06-06,2025-Q2,true,true
O00231,A0488,R023,Outbound,Closed Won,64200.0,2024-04-08,2024-07-19,2024-Q3,true,true
O00232,A0571,R011,Partner,Closed Lost,9200.0,2024-12-18,2025-01-02,2025-Q1,false,true
O00233,A0204,R017,Event,Closed Lost,184000.0,2024-10-18,2025-04-16,2025-Q2,false,true
O00234,A0458,R017,Event,Closed Lost,228400.0,2025-01-25,2025-07-07,2025-Q3,false,true
O00235,A0346,R015,Inbound,Closed Lost,11600.0,2025-10-08,2025-11-30,2025-Q4,false,true
O00236,A0166,R020,Inbound,Closed Lost,181400.0,2024-08-21,2025-02-07,2025-Q1,false,true
O00237,A0405,R011,Outbound,Closed Lost,14200.0,2025-03-31,2025-05-07,2025-Q2,false,true
O00238,A0172,R004,Referral,Closed Lost,63100.0,2024-01-24,2024-03-25,2024-Q1,false,true
O00239,A0082,R009,Event,Closed Won,4500.0,2024-06-19,2024-07-28,2024-Q3,true,true
O00240,A0562,R001,Inbound,Closed Lost,50500.0,2024-01-27,2024-05-01,2024-Q2,false,true
O00241,A0160,R003,Inbound,Proposal,37200.0,2025-11-01,,2025-Q4,,false
O00242,A0175,R001,Outbound,Closed Lost,71300.0,2024-02-05,2024-05-05,2024-Q2,false,true
O00243,A0554,R007,Outbound,Closed Lost,26400.0,2025-07-15,2025-10-24,2025-Q4,false,true
O00244,A0468,R023,Referral,Closed Lost,45000.0,2025-10-13,2026-02-07,2026-Q1,false,true
O00245,A0494,R016,Inbound,Closed Lost,45400.0,2024-08-20,2024-10-15,2024-Q4,false,true
O00246,A0311,R017,Outbound,Closed Lost,340900.0,2024-01-01,2024-08-11,2024-Q3,false,true
O00247,A0481,R021,Outbound,Closed Lost,16800.0,2024-01-09,2024-03-07,2024-Q1,false,true
O00248,A0010,R015,Outbound,Closed Won,6500.0,2024-10-26,2024-12-17,2024-Q4,true,true
O00249,A0422,R021,Partner,Closed Lost,6700.0,2025-03-23,2025-05-01,2025-Q2,false,true
O00250,A0388,R009,Event,Closed Won,9300.0,2024-09-26,2024-10-15,2024-Q4,true,true
O00251,A0279,R011,Event,Closed Lost,15100.0,2025-10-26,2025-12-13,2025-Q4,false,true
O00252,A0187,R008,Inbound,Closed Lost,12600.0,2024-10-23,2024-11-13,2024-Q4,false,true
O00253,A0504,R006,Inbound,Closed Lost,27400.0,2024-11-24,2025-01-10,2025-Q1,false,true
O00254,A0105,R007,Inbound,Closed Lost,62300.0,2024-10-02,2024-12-02,2024-Q4,false,true
O00255,A0155,R001,Event,Closed Lost,39200.0,2025-05-20,2025-07-31,2025-Q3,false,true
O00256,A0381,R018,Inbound,Closed Lost,4200.0,2024-02-02,2024-03-08,2024-Q1,false,true
O00257,A0273,R015,Event,Closed Won,10100.0,2024-03-14,2024-05-01,2024-Q2,true,true
O00258,A0391,R001,Inbound,Closed Lost,41900.0,2024-05-04,2024-07-19,2024-Q3,false,true
O00259,A0035,R017,Outbound,Closed Lost,246800.0,2025-04-16,2025-08-08,2025-Q3,false,true
O00260,A0320,R012,Outbound,Closed Lost,13900.0,2024-06-11,2024-08-04,2024-Q3,false,true
O00261,A0126,R020,Event,Closed Lost,143600.0,2025-05-07,2025-10-20,2025-Q4,false,true
O00262,A0224,R003,Inbound,Closed Won,38100.0,2024-08-29,2024-12-07,2024-Q4,true,true
O00263,A0123,R015,Partner,Closed Lost,17500.0,2024-09-05,2024-09-19,2024-Q3,false,true
O00264,A0159,R012,Outbound,Closed Won,5400.0,2024-04-01,2024-04-30,2024-Q2,true,true
O00265,A0062,R002,Inbound,Closed Lost,5300.0,2024-12-30,2025-02-23,2025-Q1,false,true
O00266,A0500,R006,Event,Closed Lost,66900.0,2024-11-20,2025-03-16,2025-Q1,false,true
O00267,A0450,R006,Event,Closed Won,40200.0,2024-01-22,2024-04-24,2024-Q2,true,true
O00268,A0497,R018,Outbound,Closed Lost,11100.0,2025-07-26,2025-08-27,2025-Q3,false,true
O00269,A0557,R020,Referral,Closed Lost,168100.0,2024-11-27,2025-06-24,2025-Q2,false,true
O00270,A0568,R017,Inbound,Closed Lost,129600.0,2024-03-11,2024-10-22,2024-Q4,false,true
O00271,A0376,R014,Inbound,Closed Won,41500.0,2024-01-01,2024-04-19,2024-Q2,true,true
O00272,A0373,R022,Outbound,Closed Lost,13800.0,2024-09-01,2024-10-05,2024-Q4,false,true
O00273,A0397,R009,Outbound,Closed Lost,10500.0,2025-06-20,2025-08-16,2025-Q3,false,true
O00274,A0331,R013,Inbound,Proposal,24800.0,2025-10-18,,2025-Q4,,false
O00275,A0033,R009,Partner,Closed Won,5900.0,2024-04-19,2024-06-03,2024-Q2,true,true
O00276,A0398,R024,Inbound,Closed Lost,12400.0,2025-05-16,2025-07-02,2025-Q3,false,true
O00277,A0227,R019,Outbound,Closed Won,75700.0,2024-03-13,2024-04-28,2024-Q2,true,true
O00278,A0082,R018,Event,Closed Lost,8400.0,2025-10-16,2025-11-02,2025-Q4,false,true
O00279,A0378,R002,Event,Closed Lost,10900.0,2025-09-23,2025-10-24,2025-Q4,false,true
O00280,A0080,R009,Outbound,Closed Won,4500.0,2025-06-15,2025-07-05,2025-Q3,true,true
O00281,A0198,R017,Event,Closed Lost,258700.0,2025-08-06,2025-12-19,2025-Q4,false,true
O00282,A0591,R012,Outbound,Proposal,13500.0,2025-11-21,,2025-Q4,,false
O00283,A0517,R010,Referral,Closed Lost,51100.0,2025-11-04,2026-01-08,2026-Q1,false,true
O00284,A0564,R010,Partner,Closed Lost,65400.0,2025-01-15,2025-04-22,2025-Q2,false,true
O00285,A0247,R017,Referral,Closed Lost,376400.0,2025-01-19,2025-09-06,2025-Q3,false,true
O00286,A0459,R013,Outbound,Closed Lost,78900.0,2024-01-01,2024-02-19,2024-Q1,false,true
O00287,A0310,R002,Event,Closed Won,6200.0,2024-11-03,2024-12-01,2024-Q4,true,true
O00288,A0283,R021,Inbound,Closed Lost,11600.0,2025-06-07,2025-07-26,2025-Q3,false,true
O00289,A0472,R010,Inbound,Closed Lost,34400.0,2024-06-08,2024-08-09,2024-Q3,false,true
O00290,A0263,R011,Partner,Closed Lost,9000.0,2024-04-04,2024-05-24,2024-Q2,false,true
O00291,A0333,R018,Outbound,Closed Lost,15400.0,2024-06-26,2024-08-10,2024-Q3,false,true
O00292,A0098,R022,Outbound,Closed Lost,3600.0,2025-10-19,2025-11-21,2025-Q4,false,true
O00293,A0058,R012,Event,Closed Lost,9200.0,2024-12-22,2025-02-01,2025-Q1,false,true
O00294,A0233,R017,Inbound,Qualification,97300.0,2025-10-11,,2025-Q4,,false
O00295,A0227,R004,Outbound,Closed Lost,78200.0,2024-02-21,2024-05-26,2024-Q2,false,true
O00296,A0093,R017,Inbound,Closed Won,331600.0,2025-03-18,2025-08-29,2025-Q3,true,true
O00297,A0488,R019,Outbound,Closed Won,42700.0,2024-02-20,2024-06-14,2024-Q2,true,true
O00298,A0134,R008,Outbound,Closed Lost,6000.0,2025-05-07,2025-06-25,2025-Q2,false,true
O00299,A0575,R022,Outbound,Closed Won,6600.0,2025-06-20,2025-07-19,2025-Q3,true,true
O00300,A0590,R005,Inbound,Closed Lost,9200.0,2024-04-25,2024-06-20,2024-Q2,false,true
O00301,A0353,R019,Event,Proposal,65700.0,2025-11-02,,2025-Q4,,false
O00302,A0150,R018,Partner,Closed Lost,6000.0,2024-02-15,2024-03-14,2024-Q1,false,true
O00303,A0088,R017,Event,Closed Lost,383700.0,2024-02-25,2024-07-26,2024-Q3,false,true
O00304,A0295,R001,Inbound,Closed Lost,36900.0,2024-12-17,2025-02-14,2025-Q1,false,true
O00305,A0551,R006,Outbound,Closed Won,50400.0,2024-07-27,2024-11-18,2024-Q4,true,true
O00306,A0145,R017,Inbound,Closed Lost,369900.0,2025-01-20,2025-09-16,2025-Q3,false,true
O00307,A0062,R011,Partner,Closed Won,12300.0,2024-07-24,2024-09-20,2024-Q3,true,true
O00308,A0009,R005,Partner,Closed Lost,7100.0,2025-02-01,2025-03-29,2025-Q1,false,true
O00309,A0111,R001,Referral,Closed Lost,32300.0,2024-10-26,2025-01-28,2025-Q1,false,true
O00310,A0102,R012,Outbound,Closed Won,11000.0,2025-05-11,2025-07-02,2025-Q3,true,true
O00311,A0469,R021,Inbound,Closed Lost,6700.0,2024-01-23,2024-02-08,2024-Q1,false,true
O00312,A0403,R008,Inbound,Closed Lost,13300.0,2024-01-19,2024-02-24,2024-Q1,false,true
O00313,A0514,R011,Referral,Closed Lost,6900.0,2024-03-04,2024-04-27,2024-Q2,false,true
O00314,A0031,R016,Partner,Closed Lost,27400.0,2024-10-13,2024-12-25,2024-Q4,false,true
O00315,A0090,R013,Outbound,Closed Lost,43900.0,2025-06-17,2025-08-30,2025-Q3,false,true
O00316,A0320,R022,Inbound,Closed Won,11100.0,2024-12-03,2025-01-14,2025-Q1,true,true
O00317,A0555,R024,Outbound,Closed Lost,7600.0,2024-07-26,2024-08-17,2024-Q3,false,true
O00318,A0139,R015,Inbound,Closed Lost,17000.0,2024-05-28,2024-07-22,2024-Q3,false,true
O00319,A0571,R021,Partner,Closed Lost,7800.0,2024-05-01,2024-05-26,2024-Q2,false,true
O00320,A0327,R020,Event,Closed Lost,221800.0,2025-02-25,2025-08-11,2025-Q3,false,true
O00321,A0281,R008,Referral,Closed Won,5000.0,2024-07-11,2024-07-31,2024-Q3,true,true
O00322,A0274,R022,Partner,Closed Won,6500.0,2025-08-03,2025-09-25,2025-Q3,true,true
O00323,A0368,R005,Partner,Closed Lost,10500.0,2025-05-03,2025-05-25,2025-Q2,false,true
O00324,A0383,R017,Inbound,Closed Won,231600.0,2025-01-31,2025-09-03,2025-Q3,true,true
O00325,A0419,R002,Inbound,Closed Lost,6300.0,2024-10-03,2024-11-12,2024-Q4,false,true
O00326,A0210,R003,Inbound,Closed Lost,71800.0,2024-06-30,2024-10-09,2024-Q4,false,true
O00327,A0469,R009,Event,Closed Lost,14600.0,2025-03-13,2025-04-21,2025-Q2,false,true
O00328,A0321,R015,Event,Closed Lost,11900.0,2025-09-18,2025-11-07,2025-Q4,false,true
O00329,A0040,R021,Event,Closed Lost,9900.0,2024-04-21,2024-06-02,2024-Q2,false,true
O00330,A0252,R021,Outbound,Closed Won,17800.0,2025-07-04,2025-08-12,2025-Q3,true,true
O00331,A0051,R006,Event,Closed Lost,42700.0,2024-10-25,2025-02-03,2025-Q1,false,true
O00332,A0473,R008,Outbound,Closed Won,12200.0,2025-03-08,2025-04-09,2025-Q2,true,true
O00333,A0146,R014,Event,Qualification,23600.0,2025-10-23,,2025-Q4,,false
O00334,A0560,R008,Outbound,Closed Won,7900.0,2025-02-06,2025-03-18,2025-Q1,true,true
O00335,A0207,R018,Partner,Closed Lost,7900.0,2024-04-02,2024-05-02,2024-Q2,false,true
O00336,A0168,R003,Inbound,Closed Lost,61800.0,2024-04-03,2024-06-01,2024-Q2,false,true
O00337,A0394,R021,Event,Closed Lost,8700.0,2025-09-18,2025-10-12,2025-Q4,false,true
O00338,A0344,R017,Outbound,Closed Lost,137200.0,2024-06-15,2024-10-20,2024-Q4,false,true
O00339,A0317,R014,Inbound,Closed Won,25300.0,2024-10-22,2024-12-29,2024-Q4,true,true
O00340,A0260,R002,Inbound,Closed Lost,15800.0,2025-04-14,2025-05-29,2025-Q2,false,true
O00341,A0506,R006,Outbound,Closed Lost,58900.0,2024-08-10,2024-12-08,2024-Q4,false,true
O00342,A0007,R009,Event,Closed Lost,12300.0,2025-07-14,2025-08-14,2025-Q3,false,true
O00343,A0051,R004,Event,Closed Won,58500.0,2024-05-31,2024-07-22,2024-Q3,true,true
O00344,A0592,R022,Outbound,Closed Won,16800.0,2024-11-01,2024-12-06,2024-Q4,true,true
O00345,A0183,R008,Event,Closed Lost,12200.0,2025-11-19,2025-12-21,2025-Q4,false,true
O00346,A0182,R020,Outbound,Qualification,378100.0,2025-08-15,,2025-Q3,,false
O00347,A0070,R015,Partner,Closed Won,7400.0,2025-07-17,2025-08-04,2025-Q3,true,true
O00348,A0282,R010,Outbound,Closed Lost,50500.0,2025-06-23,2025-09-28,2025-Q3,false,true
O00349,A0112,R022,Partner,Closed Lost,17800.0,2025-10-06,2025-11-22,2025-Q4,false,true
O00350,A0295,R013,Partner,Closed Lost,34100.0,2025-09-15,2025-12-09,2025-Q4,false,true
O00351,A0133,R022,Outbound,Closed Lost,10800.0,2025-07-30,2025-09-13,2025-Q3,false,true
O00352,A0185,R022,Inbound,Closed Won,7400.0,2024-08-26,2024-10-24,2024-Q4,true,true
O00353,A0477,R023,Outbound,Closed Lost,67600.0,2024-04-30,2024-07-10,2024-Q3,false,true
O00354,A0342,R010,Inbound,Closed Won,18700.0,2025-07-27,2025-10-07,2025-Q4,true,true
O00355,A0070,R011,Inbound,Closed Lost,11200.0,2024-11-03,2024-12-19,2024-Q4,false,true
O00356,A0342,R010,Inbound,Closed Won,56200.0,2025-02-09,2025-06-06,2025-Q2,true,true
O00357,A0339,R012,Outbound,Closed Lost,16700.0,2025-11-19,2026-01-02,2026-Q1,false,true
O00358,A0472,R016,Partner,Closed Lost,66600.0,2024-12-09,2025-03-23,2025-Q1,false,true
O00359,A0534,R007,Outbound,Closed Won,52400.0,2025-08-01,2025-10-25,2025-Q4,true,true
O00360,A0340,R012,Referral,Closed Won,7200.0,2024-03-08,2024-03-31,2024-Q1,true,true
O00361,A0548,R008,Event,Closed Lost,8800.0,2025-08-07,2025-09-28,2025-Q3,false,true
O00362,A0316,R010,Inbound,Closed Lost,43700.0,2024-02-02,2024-04-21,2024-Q2,false,true
O00363,A0463,R007,Event,Closed Won,36700.0,2024-08-09,2024-11-29,2024-Q4,true,true
O00364,A0207,R005,Outbound,Closed Lost,3400.0,2025-03-30,2025-05-15,2025-Q2,false,true
O00365,A0195,R012,Inbound,Closed Won,16100.0,2025-05-10,2025-07-09,2025-Q3,true,true
O00366,A0101,R021,Outbound,Closed Won,6100.0,2025-11-23,2025-12-15,2025-Q4,true,true
O00367,A0535,R005,Outbound,Closed Lost,17000.0,2024-01-05,2024-02-07,2024-Q1,false,true
O00368,A0090,R010,Partner,Closed Lost,24400.0,2025-04-23,2025-06-12,2025-Q2,false,true
O00369,A0024,R022,Inbound,Closed Lost,16400.0,2024-11-15,2025-01-08,2025-Q1,false,true
O00370,A0284,R016,Inbound,Closed Lost,59600.0,2024-11-22,2025-03-03,2025-Q1,false,true
O00371,A0118,R002,Outbound,Closed Won,10700.0,2025-09-29,2025-11-17,2025-Q4,true,true
O00372,A0327,R020,Inbound,Closed Won,263700.0,2024-05-24,2024-11-02,2024-Q4,true,true
O00373,A0347,R021,Partner,Closed Lost,5000.0,2025-03-30,2025-04-16,2025-Q2,false,true
O00374,A0109,R015,Outbound,Closed Won,9400.0,2024-02-25,2024-03-15,2024-Q1,true,true
O00375,A0457,R022,Partner,Closed Won,8000.0,2024-12-30,2025-02-01,2025-Q1,true,true
O00376,A0547,R003,Referral,Closed Lost,26200.0,2025-04-21,2025-08-16,2025-Q3,false,true
O00377,A0480,R017,Outbound,Closed Lost,299000.0,2025-04-11,2025-09-27,2025-Q3,false,true
O00378,A0238,R009,Inbound,Closed Lost,6900.0,2024-05-27,2024-07-19,2024-Q3,false,true
O00379,A0339,R012,Outbound,Closed Lost,3500.0,2025-04-09,2025-05-24,2025-Q2,false,true
O00380,A0473,R008,Inbound,Closed Won,12100.0,2024-10-16,2024-11-21,2024-Q4,true,true
O00381,A0110,R012,Outbound,Closed Won,4100.0,2025-07-23,2025-09-16,2025-Q3,true,true
O00382,A0424,R009,Outbound,Closed Lost,11200.0,2025-09-27,2025-10-26,2025-Q4,false,true
O00383,A0349,R009,Event,Closed Lost,14800.0,2025-08-28,2025-10-08,2025-Q4,false,true
O00384,A0558,R006,Event,Closed Lost,63800.0,2024-06-26,2024-08-19,2024-Q3,false,true
O00385,A0118,R022,Outbound,Closed Won,7900.0,2025-09-02,2025-10-15,2025-Q4,true,true
O00386,A0316,R013,Event,Closed Lost,60500.0,2024-03-12,2024-05-09,2024-Q2,false,true
O00387,A0336,R018,Partner,Qualification,3900.0,2025-10-22,,2025-Q4,,false
O00388,A0001,R008,Outbound,Closed Won,9800.0,2025-11-07,2025-11-30,2025-Q4,true,true
O00389,A0458,R017,Partner,Closed Lost,175900.0,2024-07-29,2025-01-16,2025-Q1,false,true
O00390,A0446,R012,Outbound,Closed Lost,3100.0,2024-04-01,2024-05-22,2024-Q2,false,true
O00391,A0131,R007,Inbound,Closed Lost,73900.0,2024-03-04,2024-06-04,2024-Q2,false,true
O00392,A0574,R012,Partner,Closed Won,16000.0,2024-04-22,2024-05-24,2024-Q2,true,true
O00393,A0404,R020,Partner,Closed Lost,202100.0,2025-01-26,2025-08-07,2025-Q3,false,true
O00394,A0487,R008,Event,Closed Lost,8800.0,2024-07-11,2024-08-29,2024-Q3,false,true
O00395,A0158,R020,Outbound,Proposal,123000.0,2025-11-17,,2025-Q4,,false
O00396,A0448,R008,Outbound,Closed Lost,12600.0,2024-03-27,2024-04-18,2024-Q2,false,true
O00397,A0436,R022,Outbound,Closed Lost,10600.0,2024-07-03,2024-08-15,2024-Q3,false,true
O00398,A0364,R006,Event,Closed Lost,55500.0,2024-07-09,2024-10-16,2024-Q4,false,true
O00399,A0243,R021,Inbound,Closed Lost,16900.0,2024-10-02,2024-11-11,2024-Q4,false,true
O00400,A0039,R022,Referral,Closed Lost,8500.0,2025-05-09,2025-07-07,2025-Q3,false,true
O00401,A0082,R008,Event,Closed Won,10000.0,2025-06-23,2025-07-24,2025-Q3,true,true
O00402,A0091,R009,Inbound,Closed Lost,14100.0,2025-04-28,2025-06-21,2025-Q2,false,true
O00403,A0553,R020,Referral,Qualification,369100.0,2025-09-19,,2025-Q3,,false
O00404,A0588,R010,Inbound,Closed Lost,77600.0,2025-03-07,2025-06-05,2025-Q2,false,true
O00405,A0037,R022,Partner,Closed Won,14800.0,2024-11-07,2025-01-06,2025-Q1,true,true
O00406,A0593,R004,Partner,Closed Lost,58700.0,2025-08-09,2025-09-29,2025-Q3,false,true
O00407,A0028,R011,Event,Closed Won,4900.0,2025-05-11,2025-05-30,2025-Q2,true,true
O00408,A0259,R008,Partner,Closed Won,7100.0,2025-09-22,2025-10-23,2025-Q4,true,true
O00409,A0179,R022,Inbound,Closed Lost,9700.0,2024-06-03,2024-07-29,2024-Q3,false,true
O00410,A0242,R014,Inbound,Closed Lost,71400.0,2024-07-04,2024-10-24,2024-Q4,false,true
O00411,A0149,R019,Outbound,Closed Lost,64700.0,2024-06-06,2024-09-22,2024-Q3,false,true
O00412,A0451,R024,Inbound,Closed Lost,11700.0,2024-06-20,2024-07-17,2024-Q3,false,true
O00413,A0271,R005,Outbound,Closed Lost,10000.0,2024-02-23,2024-03-18,2024-Q1,false,true
O00414,A0546,R009,Inbound,Closed Lost,13600.0,2025-01-23,2025-03-21,2025-Q1,false,true
O00415,A0446,R002,Outbound,Closed Won,8700.0,2024-10-22,2024-12-03,2024-Q4,true,true
O00416,A0043,R005,Outbound,Closed Lost,8300.0,2025-06-28,2025-08-21,2025-Q3,false,true
O00417,A0280,R012,Outbound,Closed Won,15000.0,2024-10-03,2024-11-03,2024-Q4,true,true
O00418,A0473,R024,Outbound,Closed Lost,13100.0,2024-09-04,2024-11-03,2024-Q4,false,true
O00419,A0185,R012,Inbound,Closed Lost,13100.0,2025-07-14,2025-07-28,2025-Q3,false,true
O00420,A0101,R021,Inbound,Closed Won,9700.0,2024-04-16,2024-06-12,2024-Q2,true,true
O00421,A0198,R017,Event,Closed Lost,98200.0,2024-01-25,2024-05-17,2024-Q2,false,true
O00422,A0223,R022,Event,Closed Won,13600.0,2025-10-15,2025-11-05,2025-Q4,true,true
O00423,A0134,R015,Partner,Closed Lost,11500.0,2025-11-03,2025-12-28,2025-Q4,false,true
O00424,A0260,R011,Referral,Closed Lost,17000.0,2025-04-23,2025-06-18,2025-Q2,false,true
O00425,A0284,R013,Outbound,Prospecting,34000.0,2025-11-14,,2025-Q4,,false
O00426,A0062,R011,Referral,Closed Lost,9600.0,2024-09-28,2024-10-23,2024-Q4,false,true
O00427,A0403,R008,Outbound,Closed Lost,4600.0,2025-10-22,2025-12-06,2025-Q4,false,true
O00428,A0109,R018,Partner,Closed Won,3500.0,2024-09-22,2024-10-12,2024-Q4,true,true
O00429,A0457,R002,Inbound,Closed Won,12800.0,2025-05-24,2025-06-16,2025-Q2,true,true
O00430,A0400,R020,Outbound,Closed Lost,369500.0,2024-06-04,2024-11-25,2024-Q4,false,true
O00431,A0503,R018,Event,Closed Lost,15700.0,2025-03-22,2025-04-30,2025-Q2,false,true
O00432,A0554,R006,Outbound,Closed Lost,77200.0,2024-01-04,2024-04-07,2024-Q2,false,true
O00433,A0581,R021,Partner,Closed Lost,13200.0,2025-01-02,2025-02-06,2025-Q1,false,true
O00434,A0093,R020,Partner,Closed Lost,105700.0,2025-07-01,2025-12-25,2025-Q4,false,true
O00435,A0181,R021,Outbound,Closed Won,12900.0,2024-02-10,2024-03-19,2024-Q1,true,true
O00436,A0110,R024,Partner,Closed Lost,4300.0,2025-01-02,2025-02-16,2025-Q1,false,true
O00437,A0144,R017,Outbound,Closed Lost,310300.0,2024-07-16,2024-10-20,2024-Q4,false,true
O00438,A0065,R021,Event,Closed Lost,10500.0,2025-10-20,2025-11-22,2025-Q4,false,true
O00439,A0017,R017,Outbound,Closed Lost,188100.0,2024-12-13,2025-03-27,2025-Q1,false,true
O00440,A0217,R024,Inbound,Closed Lost,9900.0,2025-11-14,2025-12-31,2025-Q4,false,true
O00441,A0594,R009,Inbound,Closed Lost,14000.0,2024-03-14,2024-03-30,2024-Q1,false,true
O00442,A0047,R009,Referral,Closed Lost,3200.0,2025-10-26,2025-11-17,2025-Q4,false,true
O00443,A0100,R014,Event,Closed Won,69800.0,2025-09-17,2025-11-22,2025-Q4,true,true
O00444,A0117,R018,Outbound,Closed Lost,6300.0,2025-09-01,2025-10-24,2025-Q4,false,true
O00445,A0412,R020,Referral,Closed Lost,254700.0,2024-05-03,2024-12-26,2024-Q4,false,true
O00446,A0219,R001,Inbound,Closed Won,38800.0,2025-08-30,2025-11-05,2025-Q4,true,true
O00447,A0426,R008,Outbound,Closed Won,5500.0,2025-01-13,2025-03-03,2025-Q1,true,true
O00448,A0137,R003,Inbound,Prospecting,66200.0,2025-10-09,,2025-Q4,,false
O00449,A0092,R023,Event,Closed Lost,43800.0,2025-08-30,2025-11-19,2025-Q4,false,true
O00450,A0130,R009,Inbound,Closed Lost,7100.0,2024-05-26,2024-07-19,2024-Q3,false,true
O00451,A0179,R022,Referral,Closed Lost,5700.0,2024-02-08,2024-03-31,2024-Q1,false,true
O00452,A0309,R012,Referral,Closed Won,11400.0,2025-03-04,2025-03-18,2025-Q1,true,true
O00453,A0098,R022,Partner,Closed Lost,10600.0,2025-01-05,2025-02-22,2025-Q1,false,true
O00454,A0214,R020,Event,Closed Won,116100.0,2024-02-24,2024-07-12,2024-Q3,true,true
O00455,A0486,R018,Partner,Closed Won,13100.0,2024-06-29,2024-07-23,2024-Q3,true,true
O00456,A0292,R009,Partner,Closed Lost,8000.0,2025-03-21,2025-04-20,2025-Q2,false,true
O00457,A0045,R003,Outbound,Closed Lost,28900.0,2024-02-23,2024-06-15,2024-Q2,false,true
O00458,A0119,R005,Outbound,Closed Lost,9700.0,2024-08-28,2024-10-27,2024-Q4,false,true
O00459,A0334,R009,Outbound,Closed Won,6400.0,2024-04-22,2024-05-26,2024-Q2,true,true
O00460,A0205,R013,Event,Closed Lost,47200.0,2024-08-13,2024-10-06,2024-Q4,false,true
O00461,A0149,R006,Outbound,Prospecting,29000.0,2025-09-16,,2025-Q3,,false
O00462,A0277,R009,Inbound,Closed Lost,3500.0,2024-12-09,2024-12-31,2024-Q4,false,true
O00463,A0114,R018,Event,Closed Lost,5600.0,2025-04-14,2025-05-24,2025-Q2,false,true
O00464,A0161,R024,Inbound,Closed Lost,11700.0,2025-09-18,2025-10-12,2025-Q4,false,true
O00465,A0422,R021,Inbound,Closed Lost,11900.0,2025-05-15,2025-06-11,2025-Q2,false,true
O00466,A0439,R017,Referral,Closed Lost,219000.0,2024-09-10,2025-03-02,2025-Q1,false,true
O00467,A0153,R019,Outbound,Closed Won,78800.0,2024-01-06,2024-04-13,2024-Q2,true,true
O00468,A0517,R001,Partner,Closed Lost,42400.0,2025-03-11,2025-07-01,2025-Q3,false,true
O00469,A0101,R018,Partner,Closed Lost,4200.0,2025-05-22,2025-06-20,2025-Q2,false,true
O00470,A0417,R006,Inbound,Closed Lost,36300.0,2024-05-15,2024-08-13,2024-Q3,false,true
O00471,A0492,R024,Partner,Closed Lost,13500.0,2024-11-08,2024-12-02,2024-Q4,false,true
O00472,A0025,R018,Event,Closed Lost,16100.0,2025-04-19,2025-05-11,2025-Q2,false,true
O00473,A0380,R023,Event,Closed Won,71300.0,2025-04-20,2025-06-04,2025-Q2,true,true
O00474,A0341,R021,Referral,Closed Won,9400.0,2024-02-03,2024-03-06,2024-Q1,true,true
O00475,A0556,R019,Referral,Closed Lost,56500.0,2024-07-31,2024-09-24,2024-Q3,false,true
O00476,A0528,R020,Inbound,Closed Lost,202500.0,2024-02-22,2024-06-19,2024-Q2,false,true
O00477,A0376,R004,Inbound,Closed Lost,61700.0,2025-10-25,2026-02-18,2026-Q1,false,true
O00478,A0343,R009,Partner,Closed Lost,12700.0,2025-07-06,2025-07-27,2025-Q3,false,true
O00479,A0215,R006,Outbound,Closed Lost,73700.0,2024-11-24,2025-02-22,2025-Q1,false,true
O00480,A0056,R017,Event,Closed Lost,224800.0,2025-01-16,2025-07-13,2025-Q3,false,true
O00481,A0482,R016,Partner,Proposal,73800.0,2025-11-25,,2025-Q4,,false
O00482,A0068,R006,Inbound,Closed Lost,23000.0,2025-04-13,2025-06-08,2025-Q2,false,true
O00483,A0079,R005,Inbound,Closed Won,4700.0,2024-06-17,2024-07-18,2024-Q3,true,true
O00484,A0210,R016,Outbound,Closed Lost,36200.0,2025-10-04,2025-11-20,2025-Q4,false,true
O00485,A0136,R014,Inbound,Closed Lost,45500.0,2024-12-21,2025-03-29,2025-Q1,false,true
O00486,A0065,R002,Outbound,Closed Lost,12700.0,2024-08-25,2024-10-11,2024-Q4,false,true
O00487,A0335,R014,Event,Prospecting,70200.0,2025-08-30,,2025-Q3,,false
O00488,A0176,R020,Event,Closed Lost,199000.0,2024-08-20,2025-03-21,2025-Q1,false,true
O00489,A0152,R012,Inbound,Closed Lost,17300.0,2024-10-18,2024-11-30,2024-Q4,false,true
O00490,A0549,R011,Partner,Closed Lost,15600.0,2024-07-05,2024-07-30,2024-Q3,false,true
O00491,A0158,R017,Inbound,Closed Lost,93200.0,2024-08-31,2024-12-28,2024-Q4,false,true
O00492,A0267,R012,Inbound,Closed Won,11400.0,2024-07-07,2024-08-03,2024-Q3,true,true
O00493,A0353,R004,Inbound,Closed Won,51500.0,2025-01-16,2025-04-28,2025-Q2,true,true
O00494,A0026,R015,Inbound,Closed Lost,17200.0,2025-05-26,2025-06-18,2025-Q2,false,true
O00495,A0560,R021,Inbound,Closed Lost,13600.0,2024-12-05,2025-01-29,2025-Q1,false,true
O00496,A0588,R023,Inbound,Closed Lost,63200.0,2024-05-30,2024-09-24,2024-Q3,false,true
O00497,A0116,R018,Inbound,Closed Won,13200.0,2024-02-11,2024-03-04,2024-Q1,true,true
O00498,A0226,R018,Inbound,Closed Lost,7900.0,2024-12-31,2025-01-19,2025-Q1,false,true
O00499,A0540,R009,Outbound,Closed Lost,3300.0,2024-10-11,2024-11-06,2024-Q4,false,true
O00500,A0090,R016,Outbound,Closed Lost,48400.0,2025-02-07,2025-04-17,2025-Q2,false,true
O00501,A0058,R024,Outbound,Closed Lost,5200.0,2025-01-04,2025-02-12,2025-Q1,false,true
O00502,A0382,R002,Event,Closed Lost,8300.0,2024-10-18,2024-11-23,2024-Q4,false,true
O00503,A0090,R006,Event,Closed Lost,67800.0,2025-03-30,2025-07-06,2025-Q3,false,true
O00504,A0435,R015,Inbound,Closed Won,12000.0,2024-05-22,2024-07-12,2024-Q3,true,true
O00505,A0538,R012,Outbound,Closed Won,14300.0,2024-03-08,2024-04-28,2024-Q2,true,true
O00506,A0280,R015,Referral,Closed Lost,9900.0,2024-06-28,2024-08-16,2024-Q3,false,true
O00507,A0205,R004,Event,Closed Won,52300.0,2025-01-25,2025-04-17,2025-Q2,true,true
O00508,A0600,R011,Event,Closed Won,14100.0,2025-05-20,2025-07-08,2025-Q3,true,true
O00509,A0158,R020,Inbound,Closed Lost,119700.0,2024-11-03,2025-06-01,2025-Q2,false,true
O00510,A0184,R014,Outbound,Negotiation,19800.0,2025-10-22,,2025-Q4,,false
O00511,A0371,R019,Partner,Closed Won,45000.0,2025-05-07,2025-09-01,2025-Q3,true,true
O00512,A0123,R012,Inbound,Closed Lost,11600.0,2025-06-08,2025-08-07,2025-Q3,false,true
O00513,A0060,R008,Inbound,Closed Won,16200.0,2024-11-23,2025-01-05,2025-Q1,true,true
O00514,A0280,R012,Inbound,Closed Lost,16700.0,2025-03-05,2025-04-28,2025-Q2,false,true
O00515,A0543,R017,Inbound,Closed Won,325300.0,2025-06-10,2025-10-27,2025-Q4,true,true
O00516,A0172,R016,Inbound,Closed Lost,69300.0,2024-11-26,2025-02-19,2025-Q1,false,true
O00517,A0372,R017,Event,Prospecting,192500.0,2025-07-01,,2025-Q3,,false
O00518,A0422,R012,Event,Closed Lost,6300.0,2024-06-15,2024-07-05,2024-Q3,false,true
O00519,A0573,R019,Event,Closed Lost,62200.0,2025-06-22,2025-10-13,2025-Q4,false,true
O00520,A0428,R014,Outbound,Closed Lost,68800.0,2024-03-19,2024-05-17,2024-Q2,false,true
O00521,A0320,R012,Event,Closed Lost,16300.0,2024-05-22,2024-07-03,2024-Q3,false,true
O00522,A0351,R004,Inbound,Closed Won,64200.0,2024-11-07,2024-12-25,2024-Q4,true,true
O00523,A0146,R006,Outbound,Closed Lost,31000.0,2024-11-10,2025-01-10,2025-Q1,false,true
O00524,A0115,R003,Inbound,Closed Won,65000.0,2024-01-20,2024-05-05,2024-Q2,true,true
O00525,A0526,R022,Inbound,Closed Won,4800.0,2024-03-01,2024-04-14,2024-Q2,true,true
O00526,A0011,R017,Partner,Closed Lost,268000.0,2024-05-06,2024-09-25,2024-Q3,false,true
O00527,A0030,R005,Inbound,Closed Lost,17200.0,2024-05-29,2024-06-29,2024-Q2,false,true
O00528,A0513,R017,Outbound,Closed Lost,101900.0,2025-06-01,2026-01-22,2026-Q1,false,true
O00529,A0197,R007,Referral,Closed Lost,18300.0,2024-06-24,2024-10-15,2024-Q4,false,true
O00530,A0517,R014,Inbound,Closed Lost,29500.0,2025-01-10,2025-05-10,2025-Q2,false,true
O00531,A0364,R013,Event,Closed Lost,49900.0,2025-03-10,2025-05-21,2025-Q2,false,true
O00532,A0322,R017,Outbound,Closed Lost,246300.0,2025-04-22,2025-08-18,2025-Q3,false,true
O00533,A0296,R021,Inbound,Closed Won,7900.0,2024-02-11,2024-03-01,2024-Q1,true,true
O00534,A0320,R024,Event,Closed Won,11300.0,2025-03-30,2025-04-27,2025-Q2,true,true
O00535,A0194,R005,Partner,Closed Won,8500.0,2025-05-02,2025-06-28,2025-Q2,true,true
O00536,A0108,R015,Inbound,Closed Won,12900.0,2025-03-24,2025-05-10,2025-Q2,true,true
O00537,A0411,R019,Inbound,Closed Lost,22000.0,2024-04-14,2024-06-19,2024-Q2,false,true
O00538,A0414,R005,Partner,Closed Won,13900.0,2024-08-26,2024-10-06,2024-Q4,true,true
O00539,A0596,R022,Partner,Closed Lost,17100.0,2024-10-06,2024-11-30,2024-Q4,false,true
O00540,A0415,R018,Inbound,Closed Lost,5200.0,2025-06-07,2025-07-08,2025-Q3,false,true
O00541,A0502,R018,Partner,Closed Won,17100.0,2024-08-24,2024-10-17,2024-Q4,true,true
O00542,A0070,R018,Partner,Closed Lost,17600.0,2025-11-25,2025-12-10,2025-Q4,false,true
O00543,A0157,R011,Partner,Closed Won,4400.0,2025-09-28,2025-11-20,2025-Q4,true,true
O00544,A0505,R018,Inbound,Closed Lost,12900.0,2024-07-25,2024-08-26,2024-Q3,false,true
O00545,A0352,R021,Outbound,Closed Won,17300.0,2025-07-13,2025-07-28,2025-Q3,true,true
O00546,A0122,R015,Inbound,Closed Lost,15800.0,2025-04-05,2025-05-09,2025-Q2,false,true
O00547,A0182,R020,Outbound,Closed Lost,217800.0,2024-06-17,2025-01-18,2025-Q1,false,true
O00548,A0113,R020,Outbound,Negotiation,299300.0,2025-11-06,,2025-Q4,,false
O00549,A0401,R011,Outbound,Closed Lost,17600.0,2025-05-21,2025-07-11,2025-Q3,false,true
O00550,A0292,R012,Outbound,Closed Won,11900.0,2024-03-03,2024-03-18,2024-Q1,true,true
O00551,A0598,R002,Referral,Closed Lost,8700.0,2025-10-02,2025-11-06,2025-Q4,false,true
O00552,A0422,R012,Inbound,Closed Won,6700.0,2024-02-27,2024-04-23,2024-Q2,true,true
O00553,A0087,R005,Inbound,Closed Won,8100.0,2024-11-08,2024-11-29,2024-Q4,true,true
O00554,A0472,R023,Inbound,Closed Lost,49900.0,2025-03-08,2025-07-03,2025-Q3,false,true
O00555,A0481,R022,Outbound,Closed Lost,8700.0,2024-01-23,2024-02-26,2024-Q1,false,true
O00556,A0501,R003,Inbound,Closed Lost,38800.0,2025-11-22,2026-02-01,2026-Q1,false,true
O00557,A0307,R012,Event,Closed Lost,10500.0,2025-03-22,2025-04-17,2025-Q2,false,true
O00558,A0549,R009,Outbound,Closed Lost,3700.0,2024-10-21,2024-11-20,2024-Q4,false,true
O00559,A0232,R019,Inbound,Closed Lost,23900.0,2024-04-04,2024-08-01,2024-Q3,false,true
O00560,A0544,R014,Event,Closed Won,39500.0,2025-03-13,2025-05-23,2025-Q2,true,true
O00561,A0517,R007,Inbound,Closed Lost,37400.0,2025-03-19,2025-07-11,2025-Q3,false,true
O00562,A0528,R020,Event,Closed Won,137800.0,2025-11-18,2026-07-06,2026-Q3,true,true
O00563,A0591,R018,Outbound,Closed Lost,17400.0,2024-08-06,2024-10-01,2024-Q4,false,true
O00564,A0546,R022,Inbound,Closed Won,13900.0,2025-03-20,2025-05-09,2025-Q2,true,true
O00565,A0474,R008,Event,Closed Lost,14200.0,2024-09-03,2024-09-26,2024-Q3,false,true
O00566,A0421,R010,Inbound,Closed Lost,70400.0,2024-03-06,2024-05-16,2024-Q2,false,true
O00567,A0165,R020,Event,Prospecting,209900.0,2025-09-07,,2025-Q3,,false
O00568,A0476,R018,Inbound,Closed Lost,9300.0,2025-07-27,2025-09-06,2025-Q3,false,true
O00569,A0280,R008,Outbound,Closed Won,14800.0,2024-01-30,2024-02-29,2024-Q1,true,true
O00570,A0044,R018,Outbound,Closed Won,15900.0,2024-01-21,2024-02-07,2024-Q1,true,true
O00571,A0066,R020,Event,Closed Lost,207000.0,2025-01-07,2025-04-30,2025-Q2,false,true
O00572,A0242,R003,Event,Closed Lost,75800.0,2025-08-07,2025-11-24,2025-Q4,false,true
O00573,A0538,R011,Event,Closed Won,6600.0,2025-05-23,2025-06-11,2025-Q2,true,true
O00574,A0338,R019,Inbound,Closed Won,76000.0,2025-02-03,2025-04-19,2025-Q2,true,true
O00575,A0220,R011,Outbound,Closed Lost,6800.0,2025-03-26,2025-05-05,2025-Q2,false,true
O00576,A0384,R017,Referral,Closed Lost,215600.0,2024-11-20,2025-07-07,2025-Q3,false,true
O00577,A0149,R010,Referral,Closed Won,68900.0,2025-05-01,2025-08-01,2025-Q3,true,true
O00578,A0036,R023,Partner,Closed Lost,33700.0,2024-02-25,2024-05-10,2024-Q2,false,true
O00579,A0372,R017,Referral,Closed Lost,354400.0,2025-07-01,2025-11-28,2025-Q4,false,true
O00580,A0403,R011,Inbound,Closed Lost,17000.0,2024-11-04,2024-11-23,2024-Q4,false,true
O00581,A0165,R020,Event,Prospecting,361400.0,2025-10-08,,2025-Q4,,false
O00582,A0504,R014,Event,Closed Lost,62500.0,2025-02-26,2025-05-24,2025-Q2,false,true
O00583,A0165,R020,Event,Closed Lost,192600.0,2025-06-02,2025-09-16,2025-Q3,false,true
O00584,A0335,R014,Outbound,Closed Won,57800.0,2024-01-29,2024-03-20,2024-Q1,true,true
O00585,A0140,R002,Inbound,Closed Won,12400.0,2025-02-14,2025-03-12,2025-Q1,true,true
O00586,A0162,R017,Event,Closed Lost,351000.0,2025-06-12,2025-10-13,2025-Q4,false,true
O00587,A0328,R018,Event,Closed Lost,6900.0,2025-05-04,2025-05-26,2025-Q2,false,true
O00588,A0289,R009,Outbound,Closed Lost,8500.0,2024-03-27,2024-05-06,2024-Q2,false,true
O00589,A0585,R006,Partner,Closed Lost,75200.0,2024-01-22,2024-03-09,2024-Q1,false,true
O00590,A0092,R014,Outbound,Closed Won,61500.0,2024-07-22,2024-10-08,2024-Q4,true,true
O00591,A0440,R019,Referral,Closed Lost,23500.0,2024-09-23,2024-11-26,2024-Q4,false,true
O00592,A0121,R002,Event,Closed Lost,14600.0,2025-06-22,2025-08-02,2025-Q3,false,true
O00593,A0507,R005,Event,Closed Lost,6000.0,2024-08-17,2024-10-15,2024-Q4,false,true
O00594,A0273,R011,Outbound,Closed Lost,5000.0,2025-05-21,2025-06-28,2025-Q2,false,true
O00595,A0290,R023,Inbound,Closed Lost,29200.0,2024-07-12,2024-10-18,2024-Q4,false,true
O00596,A0269,R006,Outbound,Closed Lost,74300.0,2025-09-24,2026-01-04,2026-Q1,false,true
O00597,A0011,R020,Inbound,Closed Lost,391800.0,2024-05-16,2024-11-04,2024-Q4,false,true
O00598,A0393,R020,Outbound,Negotiation,103400.0,2025-09-03,,2025-Q3,,false
O00599,A0363,R022,Outbound,Qualification,13600.0,2025-11-17,,2025-Q4,,false
O00600,A0405,R024,Outbound,Closed Lost,17500.0,2025-01-14,2025-02-05,2025-Q1,false,true
O00601,A0267,R008,Inbound,Closed Lost,17000.0,2025-05-30,2025-07-14,2025-Q3,false,true
O00602,A0325,R020,Inbound,Closed Won,117400.0,2024-05-25,2024-10-28,2024-Q4,true,true
O00603,A0288,R020,Event,Closed Lost,368900.0,2025-03-16,2025-08-25,2025-Q3,false,true
O00604,A0271,R021,Referral,Closed Won,16400.0,2024-11-16,2024-12-27,2024-Q4,true,true
O00605,A0155,R016,Inbound,Prospecting,21300.0,2025-11-04,,2025-Q4,,false
O00606,A0479,R015,Partner,Closed Lost,3600.0,2024-04-28,2024-06-12,2024-Q2,false,true
O00607,A0497,R018,Inbound,Closed Lost,15700.0,2025-05-19,2025-06-09,2025-Q2,false,true
O00608,A0096,R009,Event,Closed Lost,15500.0,2024-10-17,2024-11-11,2024-Q4,false,true
O00609,A0577,R024,Outbound,Closed Lost,11800.0,2025-08-22,2025-09-18,2025-Q3,false,true
O00610,A0585,R004,Inbound,Closed Lost,33300.0,2025-03-02,2025-04-25,2025-Q2,false,true
O00611,A0337,R002,Outbound,Closed Won,17700.0,2024-10-18,2024-12-14,2024-Q4,true,true
O00612,A0109,R012,Partner,Closed Lost,4200.0,2024-06-06,2024-06-21,2024-Q2,false,true
O00613,A0465,R024,Inbound,Closed Lost,12900.0,2024-10-02,2024-11-23,2024-Q4,false,true
O00614,A0464,R020,Partner,Closed Won,147600.0,2025-08-05,2025-12-06,2025-Q4,true,true
O00615,A0331,R001,Outbound,Closed Lost,77000.0,2024-03-13,2024-07-06,2024-Q3,false,true
O00616,A0183,R009,Outbound,Closed Won,3300.0,2025-02-12,2025-03-03,2025-Q1,true,true
O00617,A0413,R007,Inbound,Proposal,25500.0,2025-10-24,,2025-Q4,,false
O00618,A0135,R020,Outbound,Negotiation,346300.0,2025-11-12,,2025-Q4,,false
O00619,A0577,R022,Outbound,Closed Lost,14300.0,2025-03-09,2025-03-28,2025-Q1,false,true
O00620,A0445,R020,Partner,Closed Lost,244300.0,2024-04-05,2024-07-14,2024-Q3,false,true
O00621,A0159,R018,Outbound,Closed Won,12700.0,2025-06-23,2025-08-16,2025-Q3,true,true
O00622,A0082,R018,Inbound,Closed Lost,17800.0,2024-11-03,2024-11-26,2024-Q4,false,true
O00623,A0255,R021,Referral,Closed Lost,11500.0,2025-03-13,2025-04-14,2025-Q2,false,true
O00624,A0526,R005,Partner,Closed Lost,9200.0,2025-06-06,2025-07-17,2025-Q3,false,true
O00625,A0260,R012,Inbound,Closed Lost,4200.0,2024-09-17,2024-11-07,2024-Q4,false,true
O00626,A0474,R008,Partner,Closed Lost,3700.0,2024-07-05,2024-08-13,2024-Q3,false,true
O00627,A0322,R020,Event,Closed Lost,279600.0,2025-11-17,2026-06-10,2026-Q2,false,true
O00628,A0192,R006,Event,Closed Lost,64300.0,2024-07-08,2024-09-01,2024-Q3,false,true
O00629,A0109,R015,Inbound,Closed Won,3100.0,2025-07-01,2025-07-16,2025-Q3,true,true
O00630,A0489,R018,Outbound,Closed Lost,17500.0,2025-02-18,2025-04-15,2025-Q2,false,true
O00631,A0370,R024,Event,Prospecting,15100.0,2025-11-22,,2025-Q4,,false
O00632,A0193,R002,Outbound,Closed Lost,12700.0,2024-08-02,2024-09-15,2024-Q3,false,true
O00633,A0552,R006,Outbound,Closed Won,65700.0,2024-03-29,2024-06-20,2024-Q2,true,true
O00634,A0120,R017,Event,Closed Lost,388400.0,2024-06-05,2024-12-25,2024-Q4,false,true
O00635,A0600,R009,Inbound,Closed Lost,11500.0,2024-07-25,2024-08-26,2024-Q3,false,true
O00636,A0009,R005,Outbound,Closed Lost,9500.0,2025-10-07,2025-12-05,2025-Q4,false,true
O00637,A0593,R019,Outbound,Closed Lost,20300.0,2025-07-21,2025-10-11,2025-Q4,false,true
O00638,A0500,R006,Outbound,Closed Lost,19200.0,2024-03-03,2024-06-23,2024-Q2,false,true
O00639,A0275,R024,Partner,Closed Lost,4800.0,2025-03-03,2025-04-16,2025-Q2,false,true
O00640,A0460,R015,Outbound,Closed Won,7300.0,2024-01-22,2024-02-15,2024-Q1,true,true
O00641,A0238,R021,Outbound,Closed Lost,16600.0,2024-08-12,2024-10-02,2024-Q4,false,true
O00642,A0480,R017,Partner,Closed Lost,387100.0,2024-10-27,2025-05-04,2025-Q2,false,true
O00643,A0369,R018,Inbound,Closed Lost,6100.0,2024-06-14,2024-08-06,2024-Q3,false,true
O00644,A0495,R008,Event,Closed Lost,5300.0,2024-06-26,2024-07-22,2024-Q3,false,true
O00645,A0506,R007,Outbound,Closed Lost,52500.0,2024-08-28,2024-11-07,2024-Q4,false,true
O00646,A0268,R010,Event,Closed Lost,28800.0,2025-11-24,2026-01-28,2026-Q1,false,true
O00647,A0346,R015,Outbound,Closed Lost,6400.0,2024-04-26,2024-06-18,2024-Q2,false,true
O00648,A0349,R012,Partner,Closed Won,7000.0,2024-02-17,2024-04-06,2024-Q2,true,true
O00649,A0528,R017,Partner,Closed Lost,335700.0,2024-02-21,2024-09-10,2024-Q3,false,true
O00650,A0109,R022,Inbound,Closed Won,15400.0,2025-09-16,2025-10-06,2025-Q4,true,true
O00651,A0121,R009,Event,Closed Lost,13900.0,2025-01-05,2025-01-29,2025-Q1,false,true
O00652,A0511,R005,Inbound,Closed Lost,8500.0,2024-06-06,2024-07-31,2024-Q3,false,true
O00653,A0207,R018,Outbound,Closed Lost,6700.0,2025-03-01,2025-03-15,2025-Q1,false,true
O00654,A0518,R008,Outbound,Closed Lost,8600.0,2024-03-28,2024-04-28,2024-Q2,false,true
O00655,A0252,R008,Outbound,Closed Won,14800.0,2025-06-26,2025-08-05,2025-Q3,true,true
O00656,A0420,R014,Event,Closed Lost,76500.0,2025-06-12,2025-09-11,2025-Q3,false,true
O00657,A0530,R017,Inbound,Closed Lost,180700.0,2024-03-27,2024-09-19,2024-Q3,false,true
O00658,A0063,R015,Outbound,Closed Won,16800.0,2024-02-07,2024-04-03,2024-Q2,true,true
O00659,A0533,R011,Event,Closed Lost,16300.0,2025-03-05,2025-04-13,2025-Q2,false,true
O00660,A0322,R020,Inbound,Closed Lost,368100.0,2024-01-09,2024-06-18,2024-Q2,false,true
O00661,A0414,R018,Outbound,Closed Lost,16300.0,2025-10-21,2025-11-17,2025-Q4,false,true
O00662,A0453,R012,Inbound,Closed Lost,14600.0,2025-10-26,2025-12-04,2025-Q4,false,true
O00663,A0551,R010,Inbound,Closed Lost,50300.0,2025-02-03,2025-04-05,2025-Q2,false,true
O00664,A0524,R020,Inbound,Closed Won,322300.0,2025-06-17,2025-12-11,2025-Q4,true,true
O00665,A0553,R020,Inbound,Closed Lost,312500.0,2024-09-04,2025-02-18,2025-Q1,false,true
O00666,A0062,R012,Partner,Closed Won,10600.0,2024-09-22,2024-11-15,2024-Q4,true,true
O00667,A0128,R020,Referral,Closed Lost,315800.0,2024-11-01,2025-06-25,2025-Q2,false,true
O00668,A0596,R022,Outbound,Closed Lost,11000.0,2025-10-04,2025-11-29,2025-Q4,false,true
O00669,A0292,R024,Partner,Closed Lost,5100.0,2025-08-09,2025-10-05,2025-Q4,false,true
O00670,A0108,R012,Outbound,Closed Lost,5900.0,2025-06-12,2025-08-02,2025-Q3,false,true
O00671,A0151,R013,Inbound,Closed Lost,23700.0,2025-02-25,2025-04-21,2025-Q2,false,true
O00672,A0220,R018,Outbound,Closed Lost,13200.0,2024-03-20,2024-04-26,2024-Q2,false,true
O00673,A0405,R011,Partner,Closed Lost,12500.0,2025-08-21,2025-10-05,2025-Q4,false,true
O00674,A0502,R015,Outbound,Closed Lost,10600.0,2024-06-15,2024-07-08,2024-Q3,false,true
O00675,A0526,R021,Partner,Closed Lost,6200.0,2024-04-30,2024-06-27,2024-Q2,false,true
O00676,A0573,R010,Inbound,Closed Lost,24800.0,2024-05-01,2024-08-06,2024-Q3,false,true
O00677,A0536,R004,Inbound,Closed Lost,36900.0,2024-04-30,2024-07-31,2024-Q3,false,true
O00678,A0029,R008,Inbound,Closed Lost,9300.0,2024-05-25,2024-07-15,2024-Q3,false,true
O00679,A0291,R009,Inbound,Closed Lost,3000.0,2024-07-06,2024-08-20,2024-Q3,false,true
O00680,A0046,R015,Inbound,Closed Lost,7600.0,2025-05-07,2025-06-26,2025-Q2,false,true
O00681,A0387,R014,Outbound,Closed Lost,65200.0,2025-09-12,2025-11-12,2025-Q4,false,true
O00682,A0461,R023,Event,Closed Lost,71700.0,2025-04-04,2025-06-07,2025-Q2,false,true
O00683,A0420,R013,Partner,Closed Won,39000.0,2024-08-26,2024-11-29,2024-Q4,true,true
O00684,A0454,R011,Outbound,Closed Lost,16000.0,2025-10-23,2025-11-11,2025-Q4,false,true
O00685,A0317,R016,Outbound,Closed Won,57900.0,2025-10-22,2025-12-21,2025-Q4,true,true
O00686,A0055,R017,Referral,Closed Won,367000.0,2025-05-02,2025-12-06,2025-Q4,true,true
O00687,A0185,R002,Event,Closed Lost,6700.0,2024-10-08,2024-11-04,2024-Q4,false,true
O00688,A0455,R003,Event,Closed Won,42900.0,2025-06-30,2025-09-24,2025-Q3,true,true
O00689,A0024,R012,Inbound,Closed Lost,9200.0,2025-03-23,2025-04-17,2025-Q2,false,true
O00690,A0264,R005,Inbound,Closed Won,11100.0,2024-04-27,2024-05-17,2024-Q2,true,true
O00691,A0092,R004,Referral,Closed Won,60100.0,2024-11-10,2025-02-15,2025-Q1,true,true
O00692,A0186,R001,Outbound,Closed Lost,42200.0,2024-02-29,2024-05-22,2024-Q2,false,true
O00693,A0332,R020,Outbound,Closed Lost,96600.0,2025-01-19,2025-05-19,2025-Q2,false,true
O00694,A0243,R018,Inbound,Closed Won,8800.0,2025-06-04,2025-07-20,2025-Q3,true,true
O00695,A0476,R021,Inbound,Closed Lost,10300.0,2025-02-20,2025-03-10,2025-Q1,false,true
O00696,A0020,R007,Outbound,Closed Won,59900.0,2025-07-21,2025-11-18,2025-Q4,true,true
O00697,A0129,R007,Outbound,Closed Lost,45700.0,2025-08-04,2025-11-09,2025-Q4,false,true
O00698,A0146,R010,Outbound,Closed Lost,66500.0,2025-07-07,2025-09-11,2025-Q3,false,true
O00699,A0569,R018,Partner,Closed Lost,15200.0,2024-02-12,2024-02-26,2024-Q1,false,true
O00700,A0172,R001,Partner,Closed Won,34900.0,2024-03-02,2024-06-16,2024-Q2,true,true
O00701,A0360,R023,Inbound,Closed Lost,70100.0,2024-08-05,2024-12-02,2024-Q4,false,true
O00702,A0547,R019,Event,Closed Lost,23600.0,2024-03-12,2024-06-03,2024-Q2,false,true
O00703,A0570,R007,Inbound,Closed Lost,55800.0,2025-03-18,2025-05-28,2025-Q2,false,true
O00704,A0351,R023,Inbound,Closed Lost,34900.0,2024-09-24,2025-01-04,2025-Q1,false,true
O00705,A0216,R018,Partner,Closed Lost,3200.0,2025-09-05,2025-10-10,2025-Q4,false,true
O00706,A0003,R022,Outbound,Closed Lost,16500.0,2025-05-02,2025-05-16,2025-Q2,false,true
O00707,A0501,R013,Inbound,Closed Lost,66800.0,2025-07-05,2025-08-29,2025-Q3,false,true
O00708,A0032,R024,Outbound,Closed Lost,4900.0,2025-03-31,2025-05-27,2025-Q2,false,true
O00709,A0367,R015,Outbound,Closed Won,17800.0,2024-06-30,2024-08-27,2024-Q3,true,true
O00710,A0198,R020,Partner,Closed Lost,317800.0,2024-01-10,2024-06-04,2024-Q2,false,true
O00711,A0367,R009,Inbound,Closed Lost,12400.0,2024-04-02,2024-05-25,2024-Q2,false,true
O00712,A0506,R010,Outbound,Closed Lost,48600.0,2024-02-07,2024-04-27,2024-Q2,false,true
O00713,A0008,R006,Inbound,Closed Lost,24900.0,2025-10-15,2026-01-18,2026-Q1,false,true
O00714,A0199,R024,Inbound,Closed Lost,13200.0,2025-08-02,2025-09-28,2025-Q3,false,true
O00715,A0132,R003,Event,Closed Lost,75900.0,2024-05-10,2024-07-27,2024-Q3,false,true
O00716,A0281,R009,Outbound,Closed Lost,17900.0,2025-11-25,2025-12-10,2025-Q4,false,true
O00717,A0259,R024,Partner,Closed Lost,3000.0,2025-07-27,2025-09-08,2025-Q3,false,true
O00718,A0054,R010,Outbound,Closed Lost,35000.0,2025-03-18,2025-06-23,2025-Q2,false,true
O00719,A0371,R016,Outbound,Closed Lost,20900.0,2024-02-14,2024-04-27,2024-Q2,false,true
O00720,A0324,R017,Event,Closed Lost,187100.0,2025-02-05,2025-06-24,2025-Q2,false,true
O00721,A0232,R013,Inbound,Closed Lost,30200.0,2024-03-17,2024-06-01,2024-Q2,false,true
O00722,A0100,R001,Partner,Closed Lost,68100.0,2025-05-06,2025-08-14,2025-Q3,false,true
O00723,A0343,R011,Event,Closed Lost,10100.0,2024-09-10,2024-09-30,2024-Q3,false,true
O00724,A0342,R016,Event,Closed Lost,66100.0,2024-08-30,2024-10-23,2024-Q4,false,true
O00725,A0458,R017,Event,Closed Lost,373300.0,2024-03-28,2024-07-11,2024-Q3,false,true
O00726,A0067,R008,Outbound,Closed Lost,3800.0,2024-03-04,2024-04-15,2024-Q2,false,true
O00727,A0105,R023,Outbound,Closed Lost,21200.0,2024-02-27,2024-06-22,2024-Q2,false,true
O00728,A0421,R006,Outbound,Closed Lost,46100.0,2025-09-05,2025-10-21,2025-Q4,false,true
O00729,A0104,R012,Inbound,Prospecting,14700.0,2025-10-28,,2025-Q4,,false
O00730,A0070,R022,Outbound,Closed Lost,4900.0,2024-07-17,2024-09-05,2024-Q3,false,true
O00731,A0493,R022,Inbound,Closed Lost,6600.0,2025-03-31,2025-04-25,2025-Q2,false,true
O00732,A0320,R022,Inbound,Closed Lost,17400.0,2025-03-22,2025-05-07,2025-Q2,false,true
O00733,A0555,R008,Outbound,Closed Lost,7600.0,2024-05-30,2024-07-13,2024-Q3,false,true
O00734,A0009,R021,Outbound,Closed Won,13200.0,2025-08-23,2025-10-18,2025-Q4,true,true
O00735,A0573,R001,Referral,Closed Won,30100.0,2025-03-08,2025-06-05,2025-Q2,true,true
O00736,A0071,R010,Outbound,Closed Lost,61100.0,2024-07-12,2024-10-25,2024-Q4,false,true
O00737,A0340,R022,Inbound,Closed Lost,12200.0,2025-08-02,2025-09-06,2025-Q3,false,true
O00738,A0466,R001,Partner,Closed Lost,75000.0,2025-05-22,2025-08-03,2025-Q3,false,true
O00739,A0478,R022,Event,Closed Lost,10200.0,2024-08-06,2024-09-04,2024-Q3,false,true
O00740,A0385,R017,Inbound,Closed Won,344300.0,2025-02-13,2025-06-30,2025-Q2,true,true
O00741,A0367,R002,Partner,Closed Lost,5100.0,2025-07-22,2025-08-12,2025-Q3,false,true
O00742,A0369,R002,Event,Closed Won,6000.0,2024-01-31,2024-02-26,2024-Q1,true,true
O00743,A0179,R012,Event,Closed Won,5700.0,2025-07-21,2025-08-19,2025-Q3,true,true
O00744,A0104,R002,Inbound,Negotiation,8700.0,2025-11-24,,2025-Q4,,false
O00745,A0246,R020,Referral,Closed Lost,381200.0,2025-01-16,2025-05-29,2025-Q2,false,true
O00746,A0445,R017,Inbound,Closed Won,362500.0,2024-05-01,2024-09-04,2024-Q3,true,true
O00747,A0546,R015,Inbound,Closed Lost,12000.0,2025-01-18,2025-02-21,2025-Q1,false,true
O00748,A0048,R019,Inbound,Closed Lost,71000.0,2025-08-24,2025-11-01,2025-Q4,false,true
O00749,A0254,R017,Event,Closed Lost,359300.0,2025-10-06,2026-03-16,2026-Q1,false,true
O00750,A0215,R003,Event,Closed Lost,28400.0,2025-04-26,2025-06-18,2025-Q2,false,true
O00751,A0522,R012,Outbound,Closed Lost,10000.0,2025-05-25,2025-07-11,2025-Q3,false,true
O00752,A0495,R018,Event,Closed Lost,11700.0,2025-04-30,2025-05-31,2025-Q2,false,true
O00753,A0038,R017,Inbound,Closed Lost,224700.0,2024-08-12,2024-12-31,2024-Q4,false,true
O00754,A0436,R015,Outbound,Closed Lost,17000.0,2025-08-08,2025-09-01,2025-Q3,false,true
O00755,A0138,R003,Inbound,Closed Won,50200.0,2024-10-29,2025-02-07,2025-Q1,true,true
O00756,A0525,R022,Outbound,Closed Lost,9800.0,2024-12-10,2025-01-20,2025-Q1,false,true
O00757,A0510,R012,Inbound,Closed Lost,3400.0,2024-10-06,2024-11-13,2024-Q4,false,true
O00758,A0078,R010,Partner,Closed Lost,70200.0,2024-03-25,2024-06-15,2024-Q2,false,true
O00759,A0284,R006,Inbound,Closed Won,22400.0,2024-04-10,2024-06-09,2024-Q2,true,true
O00760,A0202,R024,Partner,Closed Lost,7500.0,2024-12-03,2025-01-02,2025-Q1,false,true
O00761,A0282,R006,Partner,Closed Lost,79900.0,2025-09-10,2025-11-11,2025-Q4,false,true
O00762,A0268,R001,Outbound,Closed Lost,69000.0,2024-11-02,2025-01-22,2025-Q1,false,true
O00763,A0416,R022,Event,Closed Lost,10100.0,2025-11-02,2025-11-16,2025-Q4,false,true
O00764,A0153,R013,Inbound,Closed Won,62800.0,2024-08-21,2024-11-03,2024-Q4,true,true
O00765,A0566,R018,Inbound,Closed Won,14900.0,2025-04-17,2025-05-22,2025-Q2,true,true
O00766,A0428,R006,Inbound,Closed Won,70900.0,2025-03-25,2025-07-05,2025-Q3,true,true
O00767,A0132,R007,Inbound,Closed Lost,68200.0,2024-01-10,2024-04-27,2024-Q2,false,true
O00768,A0430,R013,Outbound,Closed Lost,36600.0,2025-02-17,2025-06-10,2025-Q2,false,true
O00769,A0033,R008,Referral,Closed Lost,11500.0,2024-06-06,2024-07-11,2024-Q3,false,true
O00770,A0588,R013,Outbound,Closed Won,76800.0,2025-01-25,2025-04-06,2025-Q2,true,true
O00771,A0487,R005,Inbound,Closed Lost,17400.0,2024-12-02,2025-01-21,2025-Q1,false,true
O00772,A0176,R017,Inbound,Closed Lost,136800.0,2025-11-22,2026-07-11,2026-Q3,false,true
O00773,A0204,R017,Outbound,Closed Lost,145900.0,2025-01-30,2025-07-11,2025-Q3,false,true
O00774,A0466,R001,Referral,Closed Lost,18700.0,2025-01-12,2025-05-03,2025-Q2,false,true
O00775,A0401,R008,Inbound,Closed Lost,11000.0,2024-04-23,2024-05-15,2024-Q2,false,true
O00776,A0212,R004,Outbound,Closed Lost,44800.0,2024-07-29,2024-10-21,2024-Q4,false,true
O00777,A0589,R011,Inbound,Closed Lost,10500.0,2025-08-24,2025-09-19,2025-Q3,false,true
O00778,A0008,R004,Inbound,Closed Lost,69100.0,2025-04-01,2025-05-24,2025-Q2,false,true
O00779,A0337,R022,Inbound,Closed Won,9900.0,2025-05-17,2025-06-29,2025-Q2,true,true
O00780,A0468,R010,Inbound,Closed Lost,56000.0,2024-10-31,2025-02-03,2025-Q1,false,true
O00781,A0256,R004,Outbound,Qualification,46400.0,2025-09-24,,2025-Q3,,false
O00782,A0045,R006,Partner,Closed Lost,72700.0,2024-06-10,2024-08-29,2024-Q3,false,true
O00783,A0069,R006,Referral,Closed Lost,79500.0,2025-05-20,2025-08-25,2025-Q3,false,true
O00784,A0079,R005,Inbound,Closed Won,9200.0,2025-05-31,2025-07-04,2025-Q3,true,true
O00785,A0046,R018,Outbound,Closed Lost,12600.0,2024-01-28,2024-02-15,2024-Q1,false,true
O00786,A0352,R015,Partner,Closed Won,3600.0,2024-07-18,2024-08-26,2024-Q3,true,true
O00787,A0140,R012,Inbound,Closed Won,10300.0,2025-11-17,2025-12-30,2025-Q4,true,true
O00788,A0449,R008,Inbound,Closed Won,15600.0,2025-04-27,2025-05-28,2025-Q2,true,true
O00789,A0103,R017,Inbound,Closed Lost,251100.0,2024-10-28,2025-02-26,2025-Q1,false,true
O00790,A0012,R024,Partner,Closed Won,9600.0,2024-10-06,2024-10-29,2024-Q4,true,true
O00791,A0546,R009,Outbound,Closed Lost,3700.0,2025-03-28,2025-05-25,2025-Q2,false,true
O00792,A0106,R015,Event,Closed Won,3800.0,2024-11-11,2024-12-23,2024-Q4,true,true
O00793,A0207,R009,Inbound,Closed Won,6000.0,2025-01-18,2025-02-16,2025-Q1,true,true
O00794,A0015,R012,Event,Closed Won,13000.0,2024-07-15,2024-09-10,2024-Q3,true,true
O00795,A0172,R004,Inbound,Closed Lost,49800.0,2024-02-15,2024-05-23,2024-Q2,false,true
O00796,A0195,R022,Inbound,Closed Lost,8900.0,2024-07-31,2024-09-17,2024-Q3,false,true
O00797,A0109,R012,Inbound,Closed Lost,3200.0,2024-11-27,2024-12-22,2024-Q4,false,true
O00798,A0218,R018,Partner,Closed Won,12900.0,2024-08-13,2024-08-31,2024-Q3,true,true
O00799,A0045,R003,Referral,Closed Lost,36700.0,2024-08-11,2024-11-16,2024-Q4,false,true
O00800,A0105,R016,Inbound,Closed Won,33600.0,2025-08-05,2025-10-10,2025-Q4,true,true
O00801,A0398,R024,Partner,Closed Lost,5600.0,2024-05-16,2024-06-20,2024-Q2,false,true
O00802,A0494,R003,Outbound,Closed Lost,55700.0,2024-12-09,2025-01-25,2025-Q1,false,true
O00803,A0239,R016,Event,Closed Lost,32400.0,2025-08-24,2025-10-09,2025-Q4,false,true
O00804,A0317,R006,Outbound,Closed Won,56400.0,2025-03-14,2025-05-29,2025-Q2,true,true
O00805,A0304,R009,Referral,Closed Won,6100.0,2024-06-04,2024-07-12,2024-Q3,true,true
O00806,A0455,R010,Inbound,Closed Lost,37700.0,2024-05-17,2024-08-05,2024-Q3,false,true
O00807,A0425,R024,Outbound,Closed Lost,6400.0,2024-10-22,2024-11-06,2024-Q4,false,true
O00808,A0211,R016,Inbound,Closed Lost,67700.0,2024-02-25,2024-05-11,2024-Q2,false,true
O00809,A0391,R016,Event,Closed Won,45400.0,2024-11-25,2025-02-01,2025-Q1,true,true
O00810,A0072,R009,Inbound,Closed Lost,17900.0,2024-02-23,2024-04-17,2024-Q2,false,true
O00811,A0178,R017,Inbound,Closed Lost,105000.0,2024-08-29,2025-04-05,2025-Q2,false,true
O00812,A0203,R009,Outbound,Closed Won,12100.0,2025-03-10,2025-04-04,2025-Q2,true,true
O00813,A0207,R011,Outbound,Closed Lost,17300.0,2025-05-07,2025-05-26,2025-Q2,false,true
O00814,A0483,R018,Inbound,Closed Lost,12100.0,2025-03-08,2025-04-23,2025-Q2,false,true
O00815,A0494,R001,Referral,Closed Lost,71000.0,2025-01-25,2025-05-04,2025-Q2,false,true
O00816,A0551,R004,Outbound,Closed Lost,34000.0,2025-07-20,2025-09-25,2025-Q3,false,true
O00817,A0385,R020,Inbound,Closed Lost,123700.0,2024-03-14,2024-09-05,2024-Q3,false,true
O00818,A0195,R002,Outbound,Closed Lost,14000.0,2024-01-14,2024-02-29,2024-Q1,false,true
O00819,A0426,R015,Outbound,Closed Lost,10300.0,2025-01-17,2025-02-24,2025-Q1,false,true
O00820,A0419,R002,Event,Closed Won,17000.0,2024-05-07,2024-06-14,2024-Q2,true,true
O00821,A0262,R012,Partner,Closed Lost,10300.0,2025-06-05,2025-08-03,2025-Q3,false,true
O00822,A0395,R015,Outbound,Closed Lost,10200.0,2024-09-09,2024-10-08,2024-Q4,false,true
O00823,A0029,R024,Partner,Closed Lost,6900.0,2025-10-22,2025-11-14,2025-Q4,false,true
O00824,A0261,R009,Inbound,Closed Lost,17300.0,2025-09-08,2025-10-29,2025-Q4,false,true
O00825,A0095,R024,Inbound,Closed Lost,13600.0,2025-01-28,2025-03-08,2025-Q1,false,true
O00826,A0194,R015,Referral,Closed Won,6800.0,2024-06-18,2024-07-29,2024-Q3,true,true
O00827,A0392,R022,Partner,Closed Lost,9200.0,2024-11-11,2025-01-10,2025-Q1,false,true
O00828,A0092,R003,Referral,Proposal,66200.0,2025-10-13,,2025-Q4,,false
O00829,A0408,R011,Inbound,Closed Won,15200.0,2024-01-07,2024-01-31,2024-Q1,true,true
O00830,A0428,R016,Outbound,Closed Won,63400.0,2025-03-02,2025-05-22,2025-Q2,true,true
O00831,A0138,R006,Outbound,Closed Won,49200.0,2025-05-13,2025-07-20,2025-Q3,true,true
O00832,A0218,R008,Inbound,Closed Lost,14200.0,2024-07-24,2024-08-10,2024-Q3,false,true
O00833,A0419,R018,Inbound,Closed Lost,4600.0,2025-10-03,2025-11-25,2025-Q4,false,true
O00834,A0088,R020,Inbound,Closed Won,100600.0,2024-05-07,2024-10-14,2024-Q4,true,true
O00835,A0497,R024,Inbound,Closed Lost,3900.0,2024-04-13,2024-04-27,2024-Q2,false,true
O00836,A0597,R002,Outbound,Closed Won,10800.0,2024-04-09,2024-05-06,2024-Q2,true,true
O00837,A0273,R018,Partner,Closed Lost,12100.0,2025-04-29,2025-06-03,2025-Q2,false,true
O00838,A0352,R012,Inbound,Closed Lost,13000.0,2024-09-02,2024-10-09,2024-Q4,false,true
O00839,A0365,R012,Partner,Closed Lost,9900.0,2024-04-12,2024-04-26,2024-Q2,false,true
O00840,A0143,R001,Partner,Closed Lost,71900.0,2025-09-08,2025-11-07,2025-Q4,false,true
O00841,A0255,R012,Outbound,Closed Lost,13300.0,2025-04-07,2025-05-30,2025-Q2,false,true
O00842,A0193,R002,Inbound,Closed Lost,3200.0,2025-10-15,2025-11-18,2025-Q4,false,true
O00843,A0334,R024,Outbound,Closed Lost,12100.0,2025-03-30,2025-04-27,2025-Q2,false,true
O00844,A0084,R012,Referral,Closed Lost,17800.0,2025-03-14,2025-04-27,2025-Q2,false,true
O00845,A0395,R011,Event,Closed Lost,13700.0,2025-09-13,2025-10-09,2025-Q4,false,true
O00846,A0517,R001,Partner,Closed Lost,67400.0,2024-05-10,2024-08-26,2024-Q3,false,true
O00847,A0562,R014,Outbound,Closed Lost,77200.0,2024-06-21,2024-10-01,2024-Q4,false,true
O00848,A0250,R009,Referral,Closed Won,13500.0,2024-06-23,2024-08-18,2024-Q3,true,true
O00849,A0030,R008,Inbound,Closed Won,14500.0,2024-11-30,2025-01-07,2025-Q1,true,true
O00850,A0488,R023,Outbound,Closed Lost,75200.0,2024-05-06,2024-07-07,2024-Q3,false,true
O00851,A0341,R009,Referral,Closed Lost,4000.0,2025-08-12,2025-10-03,2025-Q4,false,true
O00852,A0391,R023,Inbound,Prospecting,77900.0,2025-10-19,,2025-Q4,,false
O00853,A0115,R003,Inbound,Closed Lost,76100.0,2024-12-14,2025-04-13,2025-Q2,false,true
O00854,A0377,R008,Inbound,Closed Won,11700.0,2024-11-16,2024-12-24,2024-Q4,true,true
O00855,A0549,R009,Partner,Closed Lost,7800.0,2025-02-01,2025-03-14,2025-Q1,false,true
O00856,A0130,R021,Inbound,Negotiation,11900.0,2025-11-10,,2025-Q4,,false
O00857,A0304,R009,Inbound,Closed Lost,9800.0,2025-05-26,2025-07-22,2025-Q3,false,true
O00858,A0036,R019,Inbound,Closed Lost,49100.0,2024-11-23,2025-02-15,2025-Q1,false,true
O00859,A0588,R014,Inbound,Negotiation,48700.0,2025-10-08,,2025-Q4,,false
O00860,A0216,R009,Inbound,Closed Lost,15900.0,2024-02-23,2024-03-19,2024-Q1,false,true
O00861,A0164,R001,Referral,Closed Lost,38900.0,2025-07-15,2025-10-18,2025-Q4,false,true
O00862,A0401,R015,Referral,Closed Won,13900.0,2024-03-14,2024-04-30,2024-Q2,true,true
O00863,A0562,R013,Event,Closed Lost,38100.0,2024-04-09,2024-06-09,2024-Q2,false,true
O00864,A0056,R020,Outbound,Closed Lost,264700.0,2025-04-13,2025-08-22,2025-Q3,false,true
O00865,A0149,R006,Partner,Closed Won,63600.0,2024-08-11,2024-10-20,2024-Q4,true,true
O00866,A0590,R005,Inbound,Closed Lost,8600.0,2025-11-25,2025-12-18,2025-Q4,false,true
O00867,A0058,R005,Referral,Closed Won,5700.0,2024-12-30,2025-02-12,2025-Q1,true,true
O00868,A0347,R022,Inbound,Closed Lost,12400.0,2025-03-20,2025-04-12,2025-Q2,false,true
O00869,A0247,R020,Partner,Closed Lost,300200.0,2025-05-15,2025-10-29,2025-Q4,false,true
O00870,A0385,R017,Outbound,Closed Lost,168100.0,2025-04-19,2025-10-23,2025-Q4,false,true
O00871,A0123,R005,Outbound,Closed Lost,10300.0,2024-03-25,2024-04-15,2024-Q2,false,true
O00872,A0024,R022,Inbound,Closed Lost,10200.0,2025-08-09,2025-09-28,2025-Q3,false,true
O00873,A0186,R013,Inbound,Closed Won,36500.0,2025-05-10,2025-08-18,2025-Q3,true,true
O00874,A0551,R004,Event,Closed Lost,42400.0,2025-02-19,2025-04-07,2025-Q2,false,true
O00875,A0543,R020,Event,Closed Lost,347900.0,2024-03-06,2024-10-14,2024-Q4,false,true
O00876,A0128,R017,Event,Qualification,137800.0,2025-11-05,,2025-Q4,,false
O00877,A0126,R017,Outbound,Closed Won,146000.0,2024-05-11,2025-01-03,2025-Q1,true,true
O00878,A0036,R003,Inbound,Closed Lost,36500.0,2024-05-07,2024-08-24,2024-Q3,false,true
O00879,A0001,R009,Event,Closed Lost,17200.0,2024-11-03,2024-11-19,2024-Q4,false,true
O00880,A0547,R014,Referral,Closed Lost,48400.0,2024-05-23,2024-09-18,2024-Q3,false,true
O00881,A0361,R017,Inbound,Closed Won,155900.0,2024-04-11,2024-07-21,2024-Q3,true,true
O00882,A0221,R008,Inbound,Closed Lost,6200.0,2025-09-08,2025-10-27,2025-Q4,false,true
O00883,A0433,R005,Inbound,Closed Lost,6900.0,2025-07-17,2025-08-16,2025-Q3,false,true
O00884,A0468,R003,Inbound,Closed Won,76300.0,2024-09-17,2024-12-25,2024-Q4,true,true
O00885,A0276,R023,Outbound,Closed Lost,62300.0,2025-10-23,2025-12-31,2025-Q4,false,true
O00886,A0168,R013,Inbound,Closed Lost,79500.0,2024-06-06,2024-08-30,2024-Q3,false,true
O00887,A0254,R017,Outbound,Closed Lost,250100.0,2024-10-03,2025-02-01,2025-Q1,false,true
O00888,A0338,R023,Inbound,Closed Lost,74400.0,2024-04-01,2024-07-01,2024-Q3,false,true
O00889,A0232,R007,Outbound,Closed Lost,41400.0,2024-01-11,2024-03-08,2024-Q1,false,true
O00890,A0108,R005,Event,Closed Won,13900.0,2024-06-28,2024-08-14,2024-Q3,true,true
O00891,A0502,R005,Outbound,Closed Lost,13500.0,2025-06-25,2025-07-31,2025-Q3,false,true
O00892,A0102,R002,Outbound,Closed Lost,17200.0,2024-06-23,2024-07-27,2024-Q3,false,true
O00893,A0545,R021,Inbound,Closed Won,10200.0,2025-08-31,2025-10-09,2025-Q4,true,true
O00894,A0526,R008,Inbound,Closed Lost,5100.0,2025-11-04,2025-11-26,2025-Q4,false,true
O00895,A0380,R006,Event,Closed Won,61800.0,2025-11-25,2026-03-03,2026-Q1,true,true
O00896,A0515,R020,Referral,Closed Lost,246600.0,2024-10-09,2025-04-26,2025-Q2,false,true
O00897,A0235,R011,Inbound,Closed Lost,17200.0,2025-10-12,2025-10-31,2025-Q4,false,true
O00898,A0093,R017,Inbound,Closed Won,382400.0,2024-03-19,2024-08-17,2024-Q3,true,true
O00899,A0293,R016,Outbound,Closed Lost,77700.0,2025-05-19,2025-07-04,2025-Q3,false,true
O00900,A0140,R018,Outbound,Closed Lost,13300.0,2025-05-24,2025-07-09,2025-Q3,false,true
O00901,A0128,R020,Partner,Closed Lost,371500.0,2024-01-15,2024-06-01,2024-Q2,false,true
O00902,A0548,R012,Event,Closed Lost,17300.0,2024-09-07,2024-11-02,2024-Q4,false,true
O00903,A0541,R024,Partner,Closed Lost,12100.0,2025-09-15,2025-10-01,2025-Q4,false,true
O00904,A0537,R006,Outbound,Closed Won,40800.0,2024-06-28,2024-08-21,2024-Q3,true,true
O00905,A0053,R015,Inbound,Closed Lost,5600.0,2025-05-22,2025-06-29,2025-Q2,false,true
O00906,A0256,R016,Inbound,Closed Lost,36500.0,2024-04-30,2024-07-21,2024-Q3,false,true
O00907,A0583,R013,Outbound,Closed Lost,75600.0,2024-08-10,2024-11-02,2024-Q4,false,true
O00908,A0037,R018,Outbound,Closed Won,3900.0,2025-09-24,2025-11-08,2025-Q4,true,true
O00909,A0306,R020,Outbound,Closed Lost,191900.0,2024-04-19,2024-07-19,2024-Q3,false,true
O00910,A0010,R005,Event,Closed Lost,6000.0,2025-03-17,2025-05-01,2025-Q2,false,true
O00911,A0421,R003,Inbound,Closed Lost,27600.0,2025-05-14,2025-06-28,2025-Q2,false,true
O00912,A0405,R012,Event,Closed Won,9400.0,2024-11-02,2024-12-09,2024-Q4,true,true
O00913,A0112,R018,Outbound,Closed Lost,5400.0,2025-11-03,2025-12-15,2025-Q4,false,true
O00914,A0368,R009,Outbound,Closed Won,7300.0,2024-04-23,2024-05-19,2024-Q2,true,true
O00915,A0340,R002,Partner,Closed Lost,6000.0,2024-06-13,2024-08-08,2024-Q3,false,true
O00916,A0273,R005,Partner,Closed Lost,11300.0,2025-03-07,2025-04-21,2025-Q2,false,true
O00917,A0333,R015,Outbound,Closed Lost,16900.0,2025-05-28,2025-07-27,2025-Q3,false,true
O00918,A0113,R017,Event,Closed Lost,129800.0,2024-01-22,2024-05-23,2024-Q2,false,true
O00919,A0243,R002,Inbound,Qualification,9400.0,2025-11-25,,2025-Q4,,false
O00920,A0085,R015,Inbound,Closed Lost,5300.0,2024-09-10,2024-11-02,2024-Q4,false,true
O00921,A0118,R011,Partner,Closed Won,15300.0,2024-09-10,2024-11-05,2024-Q4,true,true
O00922,A0106,R021,Partner,Closed Lost,5800.0,2025-09-17,2025-10-12,2025-Q4,false,true
O00923,A0153,R006,Inbound,Closed Lost,42900.0,2024-05-03,2024-07-03,2024-Q3,false,true
O00924,A0150,R015,Outbound,Closed Lost,6000.0,2024-01-19,2024-03-12,2024-Q1,false,true
O00925,A0538,R011,Inbound,Closed Lost,6300.0,2025-10-10,2025-11-07,2025-Q4,false,true
O00926,A0438,R017,Outbound,Closed Lost,166200.0,2024-11-07,2025-03-05,2025-Q1,false,true
O00927,A0429,R009,Partner,Closed Won,5700.0,2024-11-23,2024-12-10,2024-Q4,true,true
O00928,A0330,R009,Outbound,Closed Lost,7200.0,2024-10-19,2024-12-02,2024-Q4,false,true
O00929,A0259,R018,Inbound,Closed Won,7600.0,2025-01-07,2025-02-11,2025-Q1,true,true
O00930,A0566,R008,Event,Closed Lost,14100.0,2024-12-05,2025-01-11,2025-Q1,false,true
O00931,A0542,R022,Outbound,Closed Won,12800.0,2025-01-15,2025-02-13,2025-Q1,true,true
O00932,A0109,R008,Referral,Closed Lost,4800.0,2025-10-06,2025-11-27,2025-Q4,false,true
O00933,A0196,R009,Outbound,Closed Lost,4100.0,2025-04-01,2025-04-21,2025-Q2,false,true
O00934,A0486,R009,Outbound,Closed Won,5300.0,2025-06-30,2025-08-29,2025-Q3,true,true
O00935,A0259,R021,Referral,Closed Lost,9700.0,2024-12-21,2025-01-27,2025-Q1,false,true
O00936,A0070,R018,Inbound,Closed Lost,17000.0,2025-03-05,2025-04-21,2025-Q2,false,true
O00937,A0281,R008,Referral,Closed Won,17300.0,2024-10-23,2024-11-08,2024-Q4,true,true
O00938,A0195,R015,Inbound,Closed Lost,11000.0,2025-05-21,2025-07-17,2025-Q3,false,true
O00939,A0449,R021,Inbound,Closed Lost,14700.0,2025-01-28,2025-03-18,2025-Q1,false,true
O00940,A0189,R002,Event,Closed Lost,6300.0,2024-06-12,2024-08-01,2024-Q3,false,true
O00941,A0526,R018,Event,Closed Won,13800.0,2025-05-30,2025-07-28,2025-Q3,true,true
O00942,A0304,R011,Inbound,Closed Won,5600.0,2025-07-19,2025-08-09,2025-Q3,true,true
O00943,A0041,R024,Event,Closed Won,16900.0,2024-05-31,2024-07-01,2024-Q3,true,true
O00944,A0255,R009,Outbound,Closed Lost,3000.0,2025-07-01,2025-07-22,2025-Q3,false,true
O00945,A0378,R012,Inbound,Closed Won,16300.0,2024-03-26,2024-05-24,2024-Q2,true,true
O00946,A0302,R012,Inbound,Closed Lost,15200.0,2024-02-28,2024-04-22,2024-Q2,false,true
O00947,A0287,R004,Event,Closed Lost,51300.0,2024-09-19,2024-11-05,2024-Q4,false,true
O00948,A0598,R005,Outbound,Closed Lost,6900.0,2025-01-26,2025-03-22,2025-Q1,false,true
O00949,A0212,R014,Event,Closed Lost,34700.0,2024-08-13,2024-11-07,2024-Q4,false,true
O00950,A0405,R008,Inbound,Closed Lost,13900.0,2025-04-01,2025-04-29,2025-Q2,false,true
O00951,A0491,R005,Inbound,Closed Lost,9900.0,2025-05-22,2025-06-16,2025-Q2,false,true
O00952,A0584,R018,Event,Closed Won,7200.0,2024-07-03,2024-08-27,2024-Q3,true,true
O00953,A0404,R017,Referral,Closed Lost,103100.0,2024-03-12,2024-07-16,2024-Q3,false,true
O00954,A0413,R003,Outbound,Closed Lost,63100.0,2025-06-23,2025-08-24,2025-Q3,false,true
O00955,A0387,R013,Partner,Closed Lost,69200.0,2024-01-22,2024-03-21,2024-Q1,false,true
O00956,A0045,R004,Outbound,Closed Lost,34600.0,2024-09-11,2024-11-05,2024-Q4,false,true
O00957,A0010,R005,Inbound,Closed Won,15800.0,2025-07-09,2025-08-13,2025-Q3,true,true
O00958,A0577,R018,Inbound,Closed Won,8000.0,2024-06-16,2024-07-19,2024-Q3,true,true
O00959,A0274,R024,Outbound,Closed Won,3300.0,2025-07-10,2025-07-31,2025-Q3,true,true
O00960,A0106,R021,Inbound,Closed Won,3000.0,2025-03-01,2025-03-24,2025-Q1,true,true
O00961,A0395,R008,Partner,Closed Lost,7300.0,2024-12-27,2025-02-20,2025-Q1,false,true
O00962,A0116,R018,Inbound,Closed Lost,6400.0,2024-06-22,2024-07-13,2024-Q3,false,true
O00963,A0079,R022,Inbound,Closed Lost,8400.0,2024-12-07,2024-12-28,2024-Q4,false,true
O00964,A0045,R019,Inbound,Closed Lost,44600.0,2024-06-03,2024-08-09,2024-Q3,false,true
O00965,A0436,R008,Referral,Prospecting,7500.0,2025-11-14,,2025-Q4,,false
O00966,A0378,R011,Event,Closed Lost,15900.0,2024-03-19,2024-04-02,2024-Q2,false,true
O00967,A0151,R010,Referral,Closed Lost,45700.0,2024-05-31,2024-09-02,2024-Q3,false,true
O00968,A0069,R003,Inbound,Closed Lost,77500.0,2025-08-14,2025-11-21,2025-Q4,false,true
O00969,A0131,R004,Partner,Closed Lost,37800.0,2025-01-29,2025-04-29,2025-Q2,false,true
O00970,A0424,R022,Referral,Closed Lost,5100.0,2025-10-13,2025-11-17,2025-Q4,false,true
O00971,A0393,R020,Inbound,Closed Lost,252400.0,2025-07-16,2026-02-18,2026-Q1,false,true
O00972,A0086,R022,Partner,Closed Lost,11700.0,2025-03-07,2025-04-23,2025-Q2,false,true
O00973,A0090,R006,Outbound,Closed Lost,30600.0,2025-01-05,2025-02-19,2025-Q1,false,true
O00974,A0486,R008,Event,Closed Lost,16700.0,2024-04-22,2024-05-09,2024-Q2,false,true
O00975,A0143,R007,Referral,Closed Lost,69800.0,2025-04-16,2025-06-18,2025-Q2,false,true
O00976,A0432,R006,Referral,Closed Won,21500.0,2024-08-03,2024-10-15,2024-Q4,true,true
O00977,A0147,R015,Partner,Closed Lost,17500.0,2024-01-27,2024-03-25,2024-Q1,false,true
O00978,A0596,R005,Outbound,Closed Won,16100.0,2025-05-03,2025-06-24,2025-Q2,true,true
O00979,A0081,R006,Inbound,Closed Lost,53300.0,2024-03-19,2024-05-04,2024-Q2,false,true
O00980,A0187,R018,Outbound,Closed Won,13500.0,2024-05-23,2024-07-09,2024-Q3,true,true
O00981,A0346,R018,Outbound,Proposal,3200.0,2025-10-22,,2025-Q4,,false
O00982,A0178,R017,Event,Closed Lost,346500.0,2024-01-12,2024-07-21,2024-Q3,false,true
O00983,A0568,R020,Inbound,Closed Lost,177900.0,2025-08-08,2026-03-14,2026-Q1,false,true
O00984,A0095,R021,Inbound,Closed Lost,14100.0,2025-01-21,2025-02-12,2025-Q1,false,true
O00985,A0402,R004,Inbound,Closed Lost,68600.0,2025-07-26,2025-09-18,2025-Q3,false,true
O00986,A0415,R015,Inbound,Closed Lost,15100.0,2024-06-17,2024-07-04,2024-Q3,false,true
O00987,A0112,R005,Inbound,Closed Lost,12000.0,2024-03-20,2024-04-26,2024-Q2,false,true
O00988,A0289,R008,Partner,Closed Lost,4000.0,2025-07-08,2025-07-28,2025-Q3,false,true
O00989,A0317,R006,Inbound,Closed Won,57600.0,2025-07-18,2025-09-26,2025-Q3,true,true
O00990,A0584,R022,Inbound,Closed Lost,17800.0,2024-02-15,2024-04-05,2024-Q2,false,true
O00991,A0096,R011,Outbound,Closed Lost,14300.0,2024-01-09,2024-02-14,2024-Q1,false,true
O00992,A0323,R015,Outbound,Closed Won,13500.0,2024-12-30,2025-01-21,2025-Q1,true,true
O00993,A0516,R017,Outbound,Closed Lost,87600.0,2025-05-29,2025-10-04,2025-Q4,false,true
O00994,A0039,R011,Partner,Closed Won,13200.0,2024-06-14,2024-07-07,2024-Q3,true,true
O00995,A0238,R009,Outbound,Closed Lost,5100.0,2025-11-28,2026-01-22,2026-Q1,false,true
O00996,A0536,R010,Event,Closed Lost,39000.0,2025-04-03,2025-06-03,2025-Q2,false,true
O00997,A0442,R002,Referral,Closed Lost,6600.0,2025-11-30,2026-01-07,2026-Q1,false,true
O00998,A0581,R024,Event,Closed Won,15100.0,2025-05-24,2025-06-13,2025-Q2,true,true
O00999,A0561,R017,Inbound,Closed Won,225500.0,2025-05-25,2025-09-16,2025-Q3,true,true
O01000,A0070,R011,Partner,Closed Won,8300.0,2025-08-13,2025-09-19,2025-Q3,true,true
O01001,A0472,R007,Referral,Closed Lost,65300.0,2025-04-29,2025-07-15,2025-Q3,false,true
O01002,A0127,R022,Outbound,Closed Won,8500.0,2025-05-14,2025-05-30,2025-Q2,true,true
O01003,A0133,R018,Outbound,Closed Lost,15700.0,2025-01-10,2025-02-25,2025-Q1,false,true
O01004,A0424,R021,Inbound,Closed Lost,16200.0,2025-04-05,2025-05-05,2025-Q2,false,true
O01005,A0059,R009,Outbound,Closed Won,5300.0,2025-07-28,2025-08-11,2025-Q3,true,true
O01006,A0584,R015,Inbound,Closed Lost,8800.0,2024-03-15,2024-04-12,2024-Q2,false,true
O01007,A0478,R018,Inbound,Closed Lost,16500.0,2025-10-19,2025-12-06,2025-Q4,false,true
O01008,A0111,R013,Outbound,Closed Won,42900.0,2025-03-19,2025-05-28,2025-Q2,true,true
O01009,A0498,R009,Inbound,Closed Won,7200.0,2025-05-02,2025-05-23,2025-Q2,true,true
O01010,A0482,R004,Outbound,Closed Won,37900.0,2025-10-17,2025-12-28,2025-Q4,true,true
O01011,A0371,R013,Referral,Closed Lost,21400.0,2025-04-29,2025-07-10,2025-Q3,false,true
O01012,A0434,R007,Outbound,Closed Won,23200.0,2024-09-15,2024-11-21,2024-Q4,true,true
O01013,A0306,R020,Inbound,Closed Lost,148500.0,2025-03-05,2025-10-15,2025-Q4,false,true
O01014,A0056,R017,Inbound,Closed Lost,388300.0,2025-03-14,2025-09-07,2025-Q3,false,true
O01015,A0430,R014,Partner,Closed Won,60700.0,2025-05-01,2025-08-22,2025-Q3,true,true
O01016,A0364,R019,Inbound,Closed Lost,52800.0,2025-02-02,2025-03-20,2025-Q1,false,true
O01017,A0593,R019,Partner,Closed Lost,59200.0,2024-05-28,2024-08-22,2024-Q3,false,true
O01018,A0325,R017,Inbound,Closed Lost,378800.0,2024-06-03,2024-12-27,2024-Q4,false,true
O01019,A0417,R007,Event,Closed Lost,79300.0,2025-06-17,2025-08-01,2025-Q3,false,true
O01020,A0461,R023,Inbound,Closed Lost,20300.0,2025-08-15,2025-10-11,2025-Q4,false,true
O01021,A0560,R008,Inbound,Closed Won,6200.0,2025-09-07,2025-10-15,2025-Q4,true,true
O01022,A0591,R002,Outbound,Closed Lost,3200.0,2025-01-14,2025-02-20,2025-Q1,false,true
O01023,A0128,R020,Outbound,Closed Lost,212500.0,2025-10-26,2026-05-20,2026-Q2,false,true
O01024,A0344,R017,Outbound,Closed Won,217100.0,2024-06-29,2025-01-22,2025-Q1,true,true
O01025,A0556,R013,Outbound,Closed Lost,70400.0,2025-01-25,2025-04-16,2025-Q2,false,true
O01026,A0291,R022,Partner,Closed Won,15100.0,2024-04-11,2024-04-30,2024-Q2,true,true
O01027,A0422,R005,Outbound,Closed Won,16900.0,2025-05-23,2025-07-15,2025-Q3,true,true
O01028,A0596,R002,Outbound,Closed Won,15800.0,2025-11-14,2025-12-16,2025-Q4,true,true
O01029,A0118,R009,Outbound,Closed Lost,8300.0,2025-04-25,2025-05-16,2025-Q2,false,true
O01030,A0406,R001,Partner,Closed Lost,49500.0,2025-01-18,2025-04-01,2025-Q2,false,true
O01031,A0315,R013,Event,Prospecting,18300.0,2025-11-20,,2025-Q4,,false
O01032,A0532,R019,Outbound,Closed Lost,28600.0,2024-11-21,2025-02-16,2025-Q1,false,true
O01033,A0570,R013,Outbound,Closed Lost,69400.0,2024-07-16,2024-10-19,2024-Q4,false,true
O01034,A0132,R023,Inbound,Closed Lost,43000.0,2025-02-03,2025-04-11,2025-Q2,false,true
O01035,A0237,R005,Outbound,Closed Lost,4800.0,2024-05-09,2024-06-24,2024-Q2,false,true
O01036,A0267,R021,Outbound,Closed Won,6100.0,2024-06-11,2024-07-15,2024-Q3,true,true
O01037,A0157,R002,Outbound,Closed Lost,11200.0,2025-09-24,2025-11-22,2025-Q4,false,true
O01038,A0026,R008,Inbound,Closed Lost,12500.0,2025-04-09,2025-06-02,2025-Q2,false,true
O01039,A0228,R011,Event,Closed Lost,15600.0,2024-07-17,2024-09-03,2024-Q3,false,true
O01040,A0388,R011,Partner,Closed Lost,7100.0,2025-11-06,2025-11-23,2025-Q4,false,true
O01041,A0594,R005,Inbound,Closed Won,16900.0,2024-04-23,2024-06-05,2024-Q2,true,true
O01042,A0269,R004,Event,Closed Lost,48600.0,2024-04-05,2024-05-29,2024-Q2,false,true
O01043,A0401,R005,Partner,Closed Lost,9200.0,2025-05-17,2025-06-01,2025-Q2,false,true
O01044,A0216,R024,Outbound,Closed Lost,16300.0,2025-03-05,2025-04-12,2025-Q2,false,true
O01045,A0165,R017,Partner,Closed Lost,369200.0,2024-11-01,2025-02-01,2025-Q1,false,true
O01046,A0033,R005,Outbound,Closed Lost,10300.0,2024-12-17,2025-01-22,2025-Q1,false,true
O01047,A0163,R021,Inbound,Closed Won,5900.0,2024-09-17,2024-10-08,2024-Q4,true,true
O01048,A0525,R008,Inbound,Closed Won,4700.0,2024-08-09,2024-09-15,2024-Q3,true,true
O01049,A0226,R005,Inbound,Closed Won,7100.0,2024-05-09,2024-06-09,2024-Q2,true,true
O01050,A0565,R023,Outbound,Closed Lost,64200.0,2024-10-28,2025-02-09,2025-Q1,false,true
O01051,A0410,R009,Partner,Closed Lost,6000.0,2024-09-13,2024-10-08,2024-Q4,false,true
O01052,A0403,R005,Referral,Closed Lost,7700.0,2025-08-20,2025-10-10,2025-Q4,false,true
O01053,A0500,R013,Inbound,Closed Lost,55000.0,2025-04-01,2025-07-09,2025-Q3,false,true
O01054,A0111,R019,Event,Closed Lost,30400.0,2025-01-27,2025-05-06,2025-Q2,false,true
O01055,A0066,R020,Outbound,Closed Lost,386600.0,2024-06-20,2024-09-26,2024-Q3,false,true
O01056,A0544,R010,Outbound,Closed Lost,25100.0,2025-02-11,2025-03-31,2025-Q1,false,true
O01057,A0191,R012,Inbound,Closed Lost,6200.0,2024-09-08,2024-09-26,2024-Q3,false,true
O01058,A0322,R017,Inbound,Closed Lost,300300.0,2024-01-10,2024-06-29,2024-Q2,false,true
O01059,A0582,R020,Inbound,Closed Lost,101200.0,2024-08-26,2025-04-16,2025-Q2,false,true
O01060,A0223,R005,Event,Closed Lost,13700.0,2025-07-28,2025-08-28,2025-Q3,false,true
O01061,A0077,R019,Inbound,Closed Lost,60300.0,2025-10-23,2026-01-29,2026-Q1,false,true
O01062,A0051,R014,Inbound,Closed Lost,79400.0,2025-05-25,2025-07-14,2025-Q3,false,true
O01063,A0176,R020,Outbound,Proposal,155700.0,2025-08-28,,2025-Q3,,false
O01064,A0005,R020,Event,Closed Lost,349300.0,2024-10-18,2025-02-18,2025-Q1,false,true
O01065,A0541,R002,Event,Closed Lost,3200.0,2024-12-11,2025-02-04,2025-Q1,false,true
O01066,A0426,R011,Outbound,Closed Lost,14300.0,2024-10-08,2024-11-11,2024-Q4,false,true
O01067,A0321,R018,Outbound,Closed Lost,8900.0,2025-09-19,2025-10-06,2025-Q4,false,true
O01068,A0125,R012,Inbound,Closed Won,3400.0,2025-09-24,2025-10-14,2025-Q4,true,true
O01069,A0108,R012,Referral,Closed Won,5600.0,2025-03-22,2025-04-19,2025-Q2,true,true
O01070,A0378,R021,Event,Closed Won,16000.0,2024-01-06,2024-03-04,2024-Q1,true,true
O01071,A0114,R002,Event,Closed Lost,7000.0,2024-11-07,2024-11-25,2024-Q4,false,true
O01072,A0389,R007,Inbound,Closed Won,54200.0,2024-06-23,2024-08-24,2024-Q3,true,true
O01073,A0152,R022,Outbound,Closed Won,9700.0,2025-02-27,2025-04-22,2025-Q2,true,true
O01074,A0592,R018,Inbound,Closed Lost,17600.0,2025-11-08,2025-12-23,2025-Q4,false,true
O01075,A0271,R011,Partner,Closed Lost,11400.0,2024-03-25,2024-04-30,2024-Q2,false,true
O01076,A0211,R003,Inbound,Closed Won,21700.0,2024-03-17,2024-07-03,2024-Q3,true,true
O01077,A0395,R009,Event,Closed Lost,8100.0,2025-05-14,2025-06-03,2025-Q2,false,true
O01078,A0527,R010,Inbound,Closed Lost,58600.0,2024-11-15,2025-02-26,2025-Q1,false,true
O01079,A0134,R009,Outbound,Closed Lost,17600.0,2025-01-07,2025-02-14,2025-Q1,false,true
O01080,A0410,R009,Referral,Closed Lost,9300.0,2024-03-11,2024-04-11,2024-Q2,false,true
O01081,A0592,R024,Inbound,Closed Won,9900.0,2024-04-14,2024-05-07,2024-Q2,true,true
O01082,A0017,R020,Outbound,Closed Lost,89100.0,2024-07-10,2024-12-15,2024-Q4,false,true
O01083,A0272,R017,Outbound,Closed Lost,193400.0,2025-07-17,2025-11-05,2025-Q4,false,true
O01084,A0442,R021,Inbound,Closed Lost,9600.0,2024-12-07,2024-12-24,2024-Q4,false,true
O01085,A0392,R015,Inbound,Closed Won,5800.0,2024-07-17,2024-08-18,2024-Q3,true,true
O01086,A0506,R016,Referral,Closed Lost,60200.0,2025-03-19,2025-05-16,2025-Q2,false,true
O01087,A0225,R017,Outbound,Closed Lost,264100.0,2024-02-24,2024-06-02,2024-Q2,false,true
O01088,A0283,R009,Inbound,Closed Lost,13700.0,2025-09-27,2025-11-24,2025-Q4,false,true
O01089,A0275,R018,Inbound,Closed Lost,14800.0,2024-07-29,2024-08-22,2024-Q3,false,true
O01090,A0295,R001,Outbound,Closed Lost,49200.0,2024-04-06,2024-06-13,2024-Q2,false,true
O01091,A0313,R009,Inbound,Closed Won,13200.0,2024-06-23,2024-07-27,2024-Q3,true,true
O01092,A0467,R004,Referral,Closed Won,44500.0,2024-01-14,2024-04-28,2024-Q2,true,true
O01093,A0079,R008,Outbound,Closed Lost,11900.0,2025-11-26,2025-12-10,2025-Q4,false,true
O01094,A0501,R006,Partner,Closed Won,20800.0,2025-04-28,2025-06-26,2025-Q2,true,true
O01095,A0298,R009,Inbound,Closed Won,5500.0,2025-06-21,2025-08-06,2025-Q3,true,true
O01096,A0312,R020,Inbound,Closed Lost,315100.0,2025-04-08,2025-11-09,2025-Q4,false,true
O01097,A0499,R007,Partner,Closed Lost,18800.0,2025-01-08,2025-04-21,2025-Q2,false,true
O01098,A0531,R023,Inbound,Closed Lost,25000.0,2025-09-02,2025-12-17,2025-Q4,false,true
O01099,A0421,R006,Partner,Closed Won,40100.0,2025-11-06,2026-01-08,2026-Q1,true,true
O01100,A0442,R012,Partner,Closed Lost,5900.0,2024-07-30,2024-08-18,2024-Q3,false,true
O01101,A0281,R024,Outbound,Closed Lost,16500.0,2025-11-26,2026-01-13,2026-Q1,false,true
O01102,A0272,R020,Inbound,Closed Lost,268500.0,2024-12-05,2025-06-13,2025-Q2,false,true
O01103,A0196,R002,Inbound,Closed Lost,13500.0,2025-08-16,2025-10-02,2025-Q4,false,true
O01104,A0466,R019,Referral,Closed Won,24800.0,2024-12-21,2025-03-12,2025-Q1,true,true
O01105,A0151,R014,Inbound,Closed Lost,50400.0,2025-11-28,2026-01-31,2026-Q1,false,true
O01106,A0499,R007,Inbound,Closed Won,19000.0,2024-03-07,2024-05-28,2024-Q2,true,true
O01107,A0127,R002,Event,Closed Lost,3100.0,2025-05-15,2025-06-17,2025-Q2,false,true
O01108,A0052,R011,Outbound,Closed Lost,16200.0,2024-05-21,2024-06-26,2024-Q2,false,true
O01109,A0575,R008,Inbound,Closed Lost,7100.0,2024-03-29,2024-05-27,2024-Q2,false,true
O01110,A0600,R005,Inbound,Closed Lost,3500.0,2024-10-24,2024-11-21,2024-Q4,false,true
O01111,A0396,R020,Outbound,Closed Lost,365800.0,2025-02-12,2025-06-07,2025-Q2,false,true
O01112,A0178,R020,Inbound,Closed Won,337400.0,2025-11-26,2026-05-17,2026-Q2,true,true
O01113,A0427,R021,Referral,Closed Won,7600.0,2024-07-23,2024-08-25,2024-Q3,true,true
O01114,A0473,R021,Inbound,Closed Lost,14700.0,2024-07-06,2024-08-13,2024-Q3,false,true
O01115,A0540,R018,Outbound,Closed Lost,17000.0,2024-11-16,2025-01-01,2025-Q1,false,true
O01116,A0438,R020,Inbound,Closed Lost,227600.0,2025-03-06,2025-09-17,2025-Q3,false,true
O01117,A0432,R003,Outbound,Closed Lost,66800.0,2024-05-23,2024-08-14,2024-Q3,false,true
O01118,A0557,R020,Outbound,Closed Lost,120300.0,2024-02-24,2024-09-01,2024-Q3,false,true
O01119,A0531,R014,Partner,Closed Lost,21400.0,2024-02-25,2024-04-20,2024-Q2,false,true
O01120,A0342,R019,Event,Closed Lost,53100.0,2024-04-09,2024-06-30,2024-Q2,false,true
O01121,A0125,R022,Partner,Prospecting,14100.0,2025-11-21,,2025-Q4,,false
O01122,A0508,R004,Referral,Closed Lost,36700.0,2024-08-16,2024-10-19,2024-Q4,false,true
O01123,A0007,R018,Inbound,Closed Won,6000.0,2025-09-30,2025-11-27,2025-Q4,true,true
O01124,A0124,R016,Event,Closed Lost,30700.0,2024-04-09,2024-06-24,2024-Q2,false,true
O01125,A0455,R013,Inbound,Closed Lost,36600.0,2024-02-26,2024-04-26,2024-Q2,false,true
O01126,A0241,R016,Outbound,Closed Lost,71300.0,2024-09-23,2025-01-02,2025-Q1,false,true
O01127,A0023,R004,Outbound,Closed Lost,28600.0,2024-05-25,2024-08-08,2024-Q3,false,true
O01128,A0488,R014,Outbound,Closed Lost,59400.0,2024-10-23,2025-01-13,2025-Q1,false,true
O01129,A0282,R013,Inbound,Closed Lost,46800.0,2025-01-30,2025-03-29,2025-Q1,false,true
O01130,A0291,R018,Inbound,Closed Lost,8800.0,2024-05-03,2024-06-22,2024-Q2,false,true
O01131,A0456,R001,Inbound,Closed Lost,47000.0,2024-12-29,2025-03-01,2025-Q1,false,true
O01132,A0163,R012,Outbound,Closed Lost,6200.0,2025-05-27,2025-07-12,2025-Q3,false,true
O01133,A0526,R005,Outbound,Closed Lost,5300.0,2024-06-27,2024-08-21,2024-Q3,false,true
O01134,A0471,R004,Event,Closed Won,75300.0,2024-10-12,2025-01-03,2025-Q1,true,true
O01135,A0496,R015,Referral,Closed Lost,12900.0,2025-04-28,2025-06-19,2025-Q2,false,true
O01136,A0539,R020,Outbound,Closed Lost,268400.0,2024-05-12,2024-10-31,2024-Q4,false,true
O01137,A0414,R005,Inbound,Closed Won,15800.0,2024-02-16,2024-03-02,2024-Q1,true,true
O01138,A0109,R018,Referral,Closed Won,7900.0,2025-11-26,2026-01-09,2026-Q1,true,true
O01139,A0243,R005,Outbound,Closed Lost,16400.0,2024-06-27,2024-08-26,2024-Q3,false,true
O01140,A0066,R017,Outbound,Proposal,116600.0,2025-09-18,,2025-Q3,,false
O01141,A0031,R004,Referral,Closed Lost,61300.0,2024-11-24,2025-01-21,2025-Q1,false,true
O01142,A0588,R016,Inbound,Closed Lost,33700.0,2024-07-23,2024-10-01,2024-Q4,false,true
O01143,A0207,R008,Outbound,Closed Won,15100.0,2025-03-20,2025-05-06,2025-Q2,true,true
O01144,A0099,R006,Outbound,Closed Lost,73400.0,2024-02-04,2024-04-06,2024-Q2,false,true
O01145,A0560,R005,Partner,Closed Lost,13200.0,2024-12-14,2025-01-08,2025-Q1,false,true
O01146,A0541,R018,Outbound,Closed Lost,11600.0,2024-07-13,2024-08-09,2024-Q3,false,true
O01147,A0573,R004,Inbound,Closed Lost,44500.0,2024-03-09,2024-06-18,2024-Q2,false,true
O01148,A0081,R004,Inbound,Closed Lost,24300.0,2025-06-13,2025-09-04,2025-Q3,false,true
O01149,A0554,R010,Event,Closed Lost,68900.0,2024-01-24,2024-04-06,2024-Q2,false,true
O01150,A0400,R020,Outbound,Closed Won,389800.0,2024-03-10,2024-07-18,2024-Q3,true,true
O01151,A0531,R019,Partner,Closed Won,42800.0,2025-05-27,2025-08-19,2025-Q3,true,true
O01152,A0114,R022,Outbound,Closed Won,12800.0,2025-04-27,2025-05-27,2025-Q2,true,true
O01153,A0206,R010,Inbound,Closed Lost,30700.0,2024-03-01,2024-05-02,2024-Q2,false,true
O01154,A0064,R009,Outbound,Closed Lost,15100.0,2025-05-20,2025-06-07,2025-Q2,false,true
O01155,A0037,R012,Inbound,Closed Lost,12000.0,2024-03-13,2024-04-22,2024-Q2,false,true
O01156,A0565,R014,Outbound,Closed Won,62800.0,2024-05-12,2024-07-30,2024-Q3,true,true
O01157,A0231,R020,Referral,Closed Lost,177100.0,2025-03-17,2025-10-15,2025-Q4,false,true
O01158,A0022,R002,Partner,Closed Lost,11000.0,2024-01-27,2024-02-22,2024-Q1,false,true
O01159,A0019,R021,Inbound,Closed Lost,8800.0,2025-05-08,2025-05-25,2025-Q2,false,true
O01160,A0438,R017,Referral,Closed Lost,117800.0,2024-04-28,2024-11-16,2024-Q4,false,true
O01161,A0361,R017,Inbound,Closed Lost,373800.0,2024-12-17,2025-07-06,2025-Q3,false,true
O01162,A0011,R017,Inbound,Closed Lost,261800.0,2025-02-26,2025-10-11,2025-Q4,false,true
O01163,A0256,R001,Inbound,Closed Won,25900.0,2024-03-19,2024-05-10,2024-Q2,true,true
O01164,A0359,R022,Outbound,Closed Won,18000.0,2025-11-01,2025-11-30,2025-Q4,true,true
O01165,A0126,R017,Partner,Closed Lost,380300.0,2024-03-19,2024-08-20,2024-Q3,false,true
O01166,A0366,R006,Inbound,Closed Lost,76400.0,2025-03-30,2025-06-21,2025-Q2,false,true
O01167,A0251,R016,Inbound,Closed Lost,61300.0,2024-09-30,2024-12-24,2024-Q4,false,true
O01168,A0421,R019,Event,Closed Lost,22900.0,2025-05-12,2025-07-31,2025-Q3,false,true
O01169,A0534,R006,Event,Closed Lost,31100.0,2024-11-08,2025-03-03,2025-Q1,false,true
O01170,A0146,R001,Inbound,Closed Lost,58300.0,2024-08-28,2024-12-07,2024-Q4,false,true
O01171,A0511,R002,Referral,Closed Won,11800.0,2024-10-03,2024-11-03,2024-Q4,true,true
O01172,A0062,R011,Outbound,Closed Lost,10400.0,2025-09-16,2025-10-24,2025-Q4,false,true
O01173,A0046,R009,Inbound,Closed Lost,5800.0,2024-07-29,2024-09-05,2024-Q3,false,true
O01174,A0313,R002,Partner,Closed Lost,17100.0,2025-07-08,2025-08-13,2025-Q3,false,true
O01175,A0345,R020,Outbound,Closed Lost,322300.0,2025-08-28,2026-01-20,2026-Q1,false,true
O01176,A0438,R017,Partner,Closed Lost,204200.0,2024-04-21,2024-12-08,2024-Q4,false,true
O01177,A0548,R018,Inbound,Closed Lost,13800.0,2025-03-10,2025-04-29,2025-Q2,false,true
O01178,A0391,R014,Partner,Closed Lost,74300.0,2024-08-31,2024-10-31,2024-Q4,false,true
O01179,A0281,R005,Inbound,Closed Lost,7400.0,2024-09-12,2024-10-30,2024-Q4,false,true
O01180,A0281,R012,Event,Closed Lost,6800.0,2024-10-02,2024-11-27,2024-Q4,false,true
O01181,A0013,R005,Event,Closed Lost,12900.0,2024-11-10,2024-12-30,2024-Q4,false,true
O01182,A0455,R014,Outbound,Closed Won,18500.0,2024-01-18,2024-04-28,2024-Q2,true,true
O01183,A0570,R006,Event,Closed Won,53900.0,2025-02-22,2025-04-15,2025-Q2,true,true
O01184,A0565,R010,Inbound,Closed Lost,29100.0,2024-03-06,2024-06-15,2024-Q2,false,true
O01185,A0507,R008,Partner,Closed Lost,5600.0,2024-08-20,2024-10-13,2024-Q4,false,true
O01186,A0239,R003,Outbound,Qualification,29400.0,2025-11-01,,2025-Q4,,false
O01187,A0234,R002,Event,Closed Lost,3200.0,2024-09-22,2024-10-22,2024-Q4,false,true
O01188,A0554,R001,Outbound,Closed Won,39700.0,2025-09-06,2025-11-20,2025-Q4,true,true
O01189,A0524,R017,Event,Closed Lost,184300.0,2024-08-30,2025-01-19,2025-Q1,false,true
O01190,A0426,R005,Inbound,Closed Won,16100.0,2025-10-19,2025-11-29,2025-Q4,true,true
O01191,A0369,R012,Inbound,Closed Lost,8600.0,2025-02-21,2025-04-17,2025-Q2,false,true
O01192,A0032,R008,Outbound,Closed Won,7400.0,2025-01-12,2025-01-28,2025-Q1,true,true
O01193,A0109,R022,Outbound,Closed Lost,10700.0,2024-08-04,2024-09-07,2024-Q3,false,true
O01194,A0596,R012,Partner,Closed Won,15500.0,2024-08-08,2024-09-15,2024-Q3,true,true
O01195,A0391,R023,Outbound,Closed Lost,77400.0,2024-03-21,2024-05-14,2024-Q2,false,true
O01196,A0589,R024,Event,Closed Lost,9300.0,2025-07-15,2025-09-13,2025-Q3,false,true
O01197,A0541,R002,Inbound,Closed Lost,12900.0,2025-09-13,2025-10-27,2025-Q4,false,true
O01198,A0200,R022,Referral,Closed Lost,7900.0,2024-10-27,2024-11-25,2024-Q4,false,true
O01199,A0237,R018,Referral,Closed Lost,13400.0,2024-11-18,2024-12-09,2024-Q4,false,true
O01200,A0420,R010,Outbound,Closed Won,52700.0,2024-03-22,2024-06-20,2024-Q2,true,true
O01201,A0496,R022,Event,Closed Won,14800.0,2024-08-23,2024-10-04,2024-Q4,true,true
O01202,A0129,R016,Outbound,Closed Lost,59800.0,2024-09-07,2024-12-13,2024-Q4,false,true
O01203,A0294,R012,Referral,Closed Lost,4200.0,2024-11-17,2024-12-08,2024-Q4,false,true
O01204,A0590,R018,Inbound,Closed Lost,16500.0,2025-10-09,2025-11-04,2025-Q4,false,true
O01205,A0124,R013,Inbound,Closed Lost,62100.0,2024-09-26,2025-01-19,2025-Q1,false,true
O01206,A0035,R020,Event,Closed Won,396800.0,2024-01-25,2024-06-05,2024-Q2,true,true
O01207,A0398,R015,Partner,Closed Lost,9000.0,2024-12-28,2025-01-19,2025-Q1,false,true
O01208,A0122,R012,Partner,Closed Won,12100.0,2024-12-10,2025-01-30,2025-Q1,true,true
O01209,A0076,R012,Outbound,Closed Lost,12500.0,2025-04-04,2025-05-14,2025-Q2,false,true
O01210,A0489,R008,Referral,Closed Lost,14500.0,2024-07-06,2024-09-04,2024-Q3,false,true
O01211,A0086,R008,Outbound,Closed Lost,11900.0,2024-01-08,2024-02-28,2024-Q1,false,true
O01212,A0329,R020,Event,Closed Lost,311200.0,2024-06-29,2025-02-04,2025-Q1,false,true
O01213,A0238,R011,Outbound,Closed Lost,3700.0,2025-05-20,2025-06-24,2025-Q2,false,true
O01214,A0521,R013,Referral,Closed Lost,41800.0,2024-10-19,2025-01-13,2025-Q1,false,true
O01215,A0043,R009,Inbound,Closed Lost,7200.0,2025-03-16,2025-05-02,2025-Q2,false,true
O01216,A0356,R011,Inbound,Closed Lost,7300.0,2024-06-18,2024-07-09,2024-Q3,false,true
O01217,A0174,R011,Partner,Closed Lost,14300.0,2024-09-22,2024-11-13,2024-Q4,false,true
O01218,A0145,R017,Inbound,Closed Lost,348400.0,2024-07-30,2025-03-18,2025-Q1,false,true
O01219,A0041,R021,Inbound,Closed Lost,3100.0,2025-07-04,2025-07-30,2025-Q3,false,true
O01220,A0209,R011,Event,Closed Lost,14000.0,2025-08-07,2025-09-17,2025-Q3,false,true
O01221,A0303,R005,Inbound,Closed Lost,16300.0,2024-05-02,2024-06-13,2024-Q2,false,true
O01222,A0141,R011,Partner,Closed Lost,17500.0,2025-11-15,2025-12-06,2025-Q4,false,true
O01223,A0228,R005,Partner,Closed Won,10600.0,2024-11-30,2024-12-24,2024-Q4,true,true
O01224,A0526,R024,Inbound,Closed Lost,13300.0,2024-03-16,2024-05-14,2024-Q2,false,true
O01225,A0103,R020,Inbound,Closed Lost,291600.0,2024-07-13,2025-03-02,2025-Q1,false,true
O01226,A0009,R009,Partner,Closed Lost,8600.0,2024-05-20,2024-07-10,2024-Q3,false,true
O01227,A0272,R020,Inbound,Closed Lost,340400.0,2024-06-04,2025-01-04,2025-Q1,false,true
O01228,A0204,R017,Outbound,Closed Won,81000.0,2025-06-12,2025-11-03,2025-Q4,true,true
O01229,A0214,R017,Partner,Closed Lost,300200.0,2024-02-09,2024-08-24,2024-Q3,false,true
O01230,A0241,R023,Event,Closed Lost,50900.0,2024-12-23,2025-04-08,2025-Q2,false,true
O01231,A0238,R011,Outbound,Closed Lost,10400.0,2025-11-15,2025-12-30,2025-Q4,false,true
O01232,A0303,R005,Event,Closed Lost,17400.0,2024-08-12,2024-09-02,2024-Q3,false,true
O01233,A0430,R014,Outbound,Closed Won,59100.0,2024-11-29,2025-02-13,2025-Q1,true,true
O01234,A0327,R017,Outbound,Closed Lost,305500.0,2024-12-21,2025-06-30,2025-Q2,false,true
O01235,A0501,R019,Inbound,Closed Lost,19800.0,2025-02-25,2025-05-11,2025-Q2,false,true
O01236,A0419,R002,Outbound,Closed Won,6900.0,2025-07-29,2025-09-01,2025-Q3,true,true
O01237,A0453,R015,Partner,Closed Won,16700.0,2025-02-12,2025-03-14,2025-Q1,true,true
O01238,A0348,R024,Event,Closed Won,9700.0,2024-02-16,2024-03-20,2024-Q1,true,true
O01239,A0549,R009,Inbound,Closed Lost,17200.0,2025-10-02,2025-10-23,2025-Q4,false,true
O01240,A0553,R017,Referral,Closed Lost,108900.0,2024-01-22,2024-07-27,2024-Q3,false,true
O01241,A0567,R003,Outbound,Prospecting,50200.0,2025-11-01,,2025-Q4,,false
O01242,A0235,R011,Partner,Closed Won,8000.0,2024-06-14,2024-07-21,2024-Q3,true,true
O01243,A0014,R002,Outbound,Closed Lost,4500.0,2024-01-21,2024-03-08,2024-Q1,false,true
O01244,A0161,R011,Inbound,Closed Lost,6500.0,2024-11-04,2024-11-19,2024-Q4,false,true
O01245,A0279,R005,Event,Closed Lost,9000.0,2025-01-21,2025-03-17,2025-Q1,false,true
O01246,A0087,R005,Outbound,Closed Lost,13800.0,2024-03-16,2024-05-01,2024-Q2,false,true
O01247,A0016,R021,Outbound,Closed Lost,4400.0,2025-09-11,2025-10-04,2025-Q4,false,true
O01248,A0320,R012,Outbound,Closed Won,14200.0,2025-03-11,2025-04-26,2025-Q2,true,true
O01249,A0103,R020,Outbound,Negotiation,230800.0,2025-11-02,,2025-Q4,,false
O01250,A0495,R011,Outbound,Closed Won,6700.0,2025-06-30,2025-08-15,2025-Q3,true,true
O01251,A0404,R020,Inbound,Closed Lost,224700.0,2025-07-13,2025-11-07,2025-Q4,false,true
O01252,A0238,R018,Inbound,Closed Lost,11400.0,2025-01-13,2025-02-26,2025-Q1,false,true
O01253,A0086,R005,Outbound,Closed Lost,6100.0,2025-07-28,2025-08-21,2025-Q3,false,true
O01254,A0086,R008,Event,Closed Lost,15600.0,2025-02-16,2025-04-10,2025-Q2,false,true
O01255,A0239,R001,Event,Closed Lost,43500.0,2025-05-20,2025-08-05,2025-Q3,false,true
O01256,A0038,R020,Outbound,Qualification,358900.0,2025-08-01,,2025-Q3,,false
O01257,A0512,R012,Outbound,Closed Lost,7800.0,2025-10-29,2025-11-27,2025-Q4,false,true
O01258,A0084,R005,Inbound,Closed Won,4200.0,2025-03-11,2025-05-08,2025-Q2,true,true
O01259,A0533,R005,Inbound,Closed Lost,9600.0,2024-06-19,2024-07-15,2024-Q3,false,true
O01260,A0435,R018,Partner,Closed Lost,15000.0,2024-06-23,2024-08-16,2024-Q3,false,true
O01261,A0561,R020,Inbound,Closed Lost,175000.0,2025-02-12,2025-05-15,2025-Q2,false,true
O01262,A0278,R021,Inbound,Closed Lost,16300.0,2024-11-26,2025-01-18,2025-Q1,false,true
O01263,A0298,R021,Outbound,Closed Lost,17300.0,2024-07-28,2024-09-19,2024-Q3,false,true
O01264,A0484,R014,Event,Closed Lost,75500.0,2024-08-03,2024-10-29,2024-Q4,false,true
O01265,A0139,R008,Outbound,Closed Won,15400.0,2025-06-20,2025-08-18,2025-Q3,true,true
O01266,A0154,R018,Partner,Closed Won,7700.0,2024-03-09,2024-03-23,2024-Q1,true,true
O01267,A0551,R014,Inbound,Closed Lost,21800.0,2024-12-04,2025-01-30,2025-Q1,false,true
O01268,A0359,R024,Inbound,Closed Won,8200.0,2025-07-26,2025-08-23,2025-Q3,true,true
O01269,A0292,R015,Outbound,Closed Lost,7600.0,2025-08-21,2025-10-20,2025-Q4,false,true
O01270,A0261,R021,Inbound,Closed Won,12900.0,2025-07-08,2025-09-01,2025-Q3,true,true
O01271,A0222,R007,Outbound,Closed Won,52900.0,2024-07-01,2024-09-17,2024-Q3,true,true
O01272,A0393,R020,Referral,Closed Lost,389300.0,2025-08-12,2026-01-19,2026-Q1,false,true
O01273,A0215,R004,Event,Closed Won,79300.0,2024-01-03,2024-03-17,2024-Q1,true,true
O01274,A0151,R004,Event,Closed Lost,72200.0,2024-06-17,2024-09-30,2024-Q3,false,true
O01275,A0054,R004,Inbound,Closed Lost,44400.0,2025-06-07,2025-09-16,2025-Q3,false,true
O01276,A0121,R009,Outbound,Closed Lost,8700.0,2025-07-27,2025-09-04,2025-Q3,false,true
O01277,A0320,R021,Inbound,Closed Lost,4200.0,2024-11-20,2025-01-06,2025-Q1,false,true
O01278,A0171,R023,Outbound,Closed Lost,70100.0,2024-10-11,2024-12-13,2024-Q4,false,true
O01279,A0257,R024,Inbound,Closed Lost,16500.0,2024-05-03,2024-06-21,2024-Q2,false,true
O01280,A0375,R014,Referral,Closed Won,63200.0,2025-11-17,2026-02-14,2026-Q1,true,true
O01281,A0196,R015,Inbound,Closed Lost,17000.0,2025-01-18,2025-02-12,2025-Q1,false,true
O01282,A0370,R021,Referral,Closed Lost,11800.0,2024-07-18,2024-08-01,2024-Q3,false,true
O01283,A0260,R021,Partner,Closed Lost,7100.0,2024-01-14,2024-03-06,2024-Q1,false,true
O01284,A0408,R002,Event,Closed Lost,12400.0,2024-09-16,2024-10-17,2024-Q4,false,true
O01285,A0483,R022,Event,Closed Lost,10400.0,2025-10-09,2025-11-21,2025-Q4,false,true
O01286,A0559,R005,Inbound,Closed Lost,3400.0,2024-02-09,2024-03-17,2024-Q1,false,true
O01287,A0182,R017,Outbound,Closed Won,346900.0,2024-03-25,2024-10-08,2024-Q4,true,true
O01288,A0064,R012,Partner,Closed Lost,7200.0,2024-04-09,2024-05-27,2024-Q2,false,true
O01289,A0018,R020,Partner,Closed Won,367300.0,2025-11-19,2026-05-09,2026-Q2,true,true
O01290,A0376,R016,Inbound,Closed Lost,43800.0,2024-01-15,2024-04-20,2024-Q2,false,true
O01291,A0198,R017,Outbound,Closed Won,135200.0,2024-09-30,2025-01-19,2025-Q1,true,true
O01292,A0518,R015,Inbound,Closed Lost,14200.0,2024-06-26,2024-08-19,2024-Q3,false,true
O01293,A0281,R021,Partner,Closed Lost,8100.0,2024-12-25,2025-01-15,2025-Q1,false,true
O01294,A0580,R020,Inbound,Closed Won,373800.0,2024-03-31,2024-07-28,2024-Q3,true,true
O01295,A0326,R019,Inbound,Closed Lost,65500.0,2025-10-03,2025-11-19,2025-Q4,false,true
O01296,A0384,R020,Referral,Closed Lost,178500.0,2024-03-24,2024-08-24,2024-Q3,false,true
O01297,A0196,R008,Inbound,Closed Won,8700.0,2024-11-13,2024-11-30,2024-Q4,true,true
O01298,A0579,R010,Inbound,Closed Lost,69800.0,2025-02-27,2025-05-11,2025-Q2,false,true
O01299,A0303,R011,Outbound,Closed Lost,4400.0,2025-03-26,2025-04-25,2025-Q2,false,true
O01300,A0536,R014,Outbound,Closed Lost,20300.0,2025-10-08,2025-12-13,2025-Q4,false,true
O01301,A0551,R019,Event,Closed Lost,39500.0,2024-08-03,2024-11-11,2024-Q4,false,true
O01302,A0213,R012,Inbound,Closed Lost,15400.0,2025-05-30,2025-07-18,2025-Q3,false,true
O01303,A0216,R011,Outbound,Closed Lost,6900.0,2024-08-11,2024-09-23,2024-Q3,false,true
O01304,A0191,R018,Outbound,Closed Lost,11800.0,2024-05-23,2024-07-05,2024-Q3,false,true
O01305,A0035,R020,Outbound,Closed Won,358200.0,2024-04-17,2024-10-15,2024-Q4,true,true
O01306,A0343,R012,Inbound,Closed Lost,5800.0,2025-10-25,2025-11-14,2025-Q4,false,true
O01307,A0560,R008,Outbound,Closed Lost,15100.0,2024-01-23,2024-03-05,2024-Q1,false,true
O01308,A0446,R015,Inbound,Closed Lost,6800.0,2025-04-29,2025-05-28,2025-Q2,false,true
O01309,A0411,R007,Outbound,Closed Lost,65300.0,2024-02-11,2024-04-25,2024-Q2,false,true
O01310,A0432,R013,Outbound,Closed Won,42800.0,2024-10-02,2025-01-28,2025-Q1,true,true
O01311,A0308,R022,Inbound,Closed Lost,17300.0,2025-06-20,2025-07-16,2025-Q3,false,true
O01312,A0342,R001,Outbound,Closed Won,67200.0,2024-04-02,2024-06-25,2024-Q2,true,true
O01313,A0406,R004,Inbound,Closed Won,58800.0,2025-04-16,2025-05-31,2025-Q2,true,true
O01314,A0315,R003,Partner,Closed Lost,71200.0,2024-07-08,2024-09-21,2024-Q3,false,true
O01315,A0158,R020,Outbound,Closed Won,131000.0,2024-01-06,2024-08-05,2024-Q3,true,true
O01316,A0404,R017,Event,Closed Lost,346000.0,2025-04-28,2025-10-31,2025-Q4,false,true
O01317,A0099,R013,Event,Closed Won,65300.0,2024-05-11,2024-08-04,2024-Q3,true,true
O01318,A0290,R023,Partner,Closed Lost,51100.0,2025-03-10,2025-06-13,2025-Q2,false,true
O01319,A0028,R009,Inbound,Closed Lost,14500.0,2025-09-15,2025-10-10,2025-Q4,false,true
O01320,A0002,R020,Inbound,Closed Won,124200.0,2024-03-20,2024-08-15,2024-Q3,true,true
O01321,A0446,R005,Inbound,Closed Lost,12800.0,2024-12-13,2025-01-20,2025-Q1,false,true
O01322,A0397,R024,Inbound,Closed Lost,6900.0,2025-05-07,2025-05-23,2025-Q2,false,true
O01323,A0408,R024,Partner,Closed Won,10000.0,2025-06-13,2025-07-03,2025-Q3,true,true
O01324,A0104,R024,Outbound,Closed Won,5400.0,2025-02-18,2025-03-04,2025-Q1,true,true
O01325,A0466,R001,Outbound,Closed Won,44200.0,2025-05-12,2025-08-16,2025-Q3,true,true
O01326,A0119,R022,Inbound,Closed Lost,8600.0,2025-04-06,2025-05-22,2025-Q2,false,true
O01327,A0548,R012,Outbound,Closed Lost,17700.0,2024-04-24,2024-05-19,2024-Q2,false,true
O01328,A0082,R008,Inbound,Closed Lost,17200.0,2024-01-08,2024-02-12,2024-Q1,false,true
O01329,A0528,R020,Event,Closed Won,228700.0,2025-03-21,2025-07-01,2025-Q3,true,true
O01330,A0472,R010,Inbound,Closed Lost,33600.0,2024-02-21,2024-05-23,2024-Q2,false,true
O01331,A0025,R021,Outbound,Closed Lost,7400.0,2024-09-30,2024-10-25,2024-Q4,false,true
O01332,A0305,R024,Outbound,Closed Lost,4700.0,2024-02-06,2024-03-29,2024-Q1,false,true
O01333,A0406,R006,Inbound,Closed Won,51200.0,2024-06-28,2024-08-22,2024-Q3,true,true
O01334,A0506,R013,Inbound,Closed Lost,78300.0,2024-10-08,2025-01-05,2025-Q1,false,true
O01335,A0537,R019,Inbound,Closed Lost,22700.0,2025-04-14,2025-06-03,2025-Q2,false,true
O01336,A0104,R015,Partner,Closed Lost,4200.0,2025-06-08,2025-08-07,2025-Q3,false,true
O01337,A0433,R015,Partner,Closed Won,17300.0,2024-01-23,2024-02-17,2024-Q1,true,true
O01338,A0082,R015,Outbound,Closed Lost,11600.0,2024-04-29,2024-05-25,2024-Q2,false,true
O01339,A0553,R017,Referral,Closed Lost,263500.0,2024-02-20,2024-08-23,2024-Q3,false,true
O01340,A0282,R004,Referral,Closed Lost,59600.0,2024-10-10,2025-01-27,2025-Q1,false,true
O01341,A0292,R011,Partner,Closed Lost,6100.0,2024-01-06,2024-02-15,2024-Q1,false,true
O01342,A0282,R007,Partner,Closed Won,24000.0,2025-04-18,2025-07-12,2025-Q3,true,true
O01343,A0227,R003,Outbound,Closed Lost,63100.0,2025-09-18,2025-12-08,2025-Q4,false,true
O01344,A0431,R023,Outbound,Closed Lost,51600.0,2025-09-01,2025-11-27,2025-Q4,false,true
O01345,A0352,R012,Event,Closed Won,15300.0,2024-11-23,2024-12-29,2024-Q4,true,true
O01346,A0511,R009,Outbound,Closed Lost,5600.0,2025-06-29,2025-08-26,2025-Q3,false,true
O01347,A0586,R017,Outbound,Negotiation,259600.0,2025-10-08,,2025-Q4,,false
O01348,A0299,R012,Outbound,Closed Won,10000.0,2025-04-07,2025-06-03,2025-Q2,true,true
O01349,A0361,R020,Partner,Closed Lost,320400.0,2025-03-01,2025-06-04,2025-Q2,false,true
O01350,A0241,R013,Inbound,Closed Lost,41500.0,2025-07-04,2025-09-03,2025-Q3,false,true
O01351,A0406,R006,Inbound,Closed Won,53400.0,2024-08-04,2024-10-02,2024-Q4,true,true
O01352,A0411,R016,Outbound,Closed Lost,64600.0,2025-02-22,2025-05-23,2025-Q2,false,true
O01353,A0328,R012,Partner,Closed Lost,13000.0,2025-10-07,2025-10-27,2025-Q4,false,true
O01354,A0326,R016,Outbound,Closed Lost,42300.0,2025-07-02,2025-10-23,2025-Q4,false,true
O01355,A0476,R011,Inbound,Closed Won,16900.0,2025-04-05,2025-04-29,2025-Q2,true,true
O01356,A0546,R012,Outbound,Closed Lost,5600.0,2025-04-20,2025-06-14,2025-Q2,false,true
O01357,A0429,R015,Inbound,Closed Lost,12500.0,2025-02-24,2025-03-22,2025-Q1,false,true
O01358,A0516,R017,Outbound,Prospecting,314300.0,2025-09-05,,2025-Q3,,false
O01359,A0484,R023,Event,Closed Lost,19400.0,2024-04-03,2024-07-04,2024-Q3,false,true
O01360,A0399,R016,Outbound,Closed Won,70700.0,2025-06-07,2025-08-15,2025-Q3,true,true
O01361,A0246,R017,Event,Closed Lost,183300.0,2025-04-28,2025-09-16,2025-Q3,false,true
O01362,A0212,R019,Referral,Closed Lost,33200.0,2025-04-17,2025-07-29,2025-Q3,false,true
O01363,A0182,R020,Event,Closed Lost,337200.0,2025-05-27,2025-09-22,2025-Q3,false,true
O01364,A0164,R006,Partner,Closed Won,18400.0,2025-04-18,2025-06-10,2025-Q2,true,true
O01365,A0533,R018,Event,Closed Lost,14700.0,2025-01-29,2025-02-16,2025-Q1,false,true
O01366,A0551,R003,Inbound,Closed Lost,62300.0,2025-09-13,2026-01-04,2026-Q1,false,true
O01367,A0408,R002,Partner,Closed Lost,13700.0,2025-01-07,2025-02-15,2025-Q1,false,true
O01368,A0439,R017,Outbound,Closed Lost,351100.0,2024-04-16,2024-08-21,2024-Q3,false,true
O01369,A0115,R004,Inbound,Closed Won,58700.0,2025-01-10,2025-04-17,2025-Q2,true,true
O01370,A0495,R009,Outbound,Closed Lost,8000.0,2024-09-27,2024-10-17,2024-Q4,false,true
O01371,A0504,R006,Event,Closed Lost,36300.0,2024-09-23,2024-12-20,2024-Q4,false,true
O01372,A0265,R019,Inbound,Closed Won,65200.0,2024-10-08,2024-11-26,2024-Q4,true,true
O01373,A0227,R010,Partner,Closed Lost,62300.0,2025-07-31,2025-10-30,2025-Q4,false,true
O01374,A0582,R020,Event,Closed Won,295400.0,2025-05-01,2025-11-19,2025-Q4,true,true
O01375,A0132,R004,Inbound,Closed Won,71300.0,2025-09-14,2025-12-05,2025-Q4,true,true
O01376,A0217,R022,Partner,Closed Won,11800.0,2024-11-06,2024-11-29,2024-Q4,true,true
O01377,A0530,R020,Outbound,Closed Lost,391200.0,2025-05-03,2025-09-13,2025-Q3,false,true
O01378,A0514,R012,Partner,Closed Lost,8700.0,2025-06-19,2025-07-26,2025-Q3,false,true
O01379,A0538,R018,Referral,Closed Won,16500.0,2024-06-28,2024-08-11,2024-Q3,true,true
O01380,A0351,R006,Event,Closed Lost,31900.0,2024-11-12,2025-01-22,2025-Q1,false,true
O01381,A0123,R024,Partner,Closed Lost,10500.0,2024-07-20,2024-08-25,2024-Q3,false,true
O01382,A0013,R021,Partner,Closed Won,8500.0,2024-08-21,2024-09-16,2024-Q3,true,true
O01383,A0338,R016,Partner,Closed Lost,52300.0,2024-03-09,2024-05-27,2024-Q2,false,true
O01384,A0082,R002,Event,Closed Won,10800.0,2025-04-02,2025-05-22,2025-Q2,true,true
O01385,A0188,R024,Inbound,Closed Lost,13300.0,2024-09-07,2024-10-05,2024-Q4,false,true
O01386,A0273,R021,Referral,Closed Lost,14100.0,2024-10-11,2024-10-30,2024-Q4,false,true
O01387,A0136,R016,Event,Closed Won,30900.0,2024-11-06,2024-12-28,2024-Q4,true,true
O01388,A0489,R018,Event,Closed Won,16200.0,2024-04-10,2024-05-28,2024-Q2,true,true
O01389,A0075,R017,Inbound,Closed Lost,221400.0,2025-05-04,2025-08-31,2025-Q3,false,true
O01390,A0221,R022,Event,Closed Lost,11500.0,2025-05-13,2025-06-15,2025-Q2,false,true
O01391,A0115,R014,Referral,Closed Lost,54500.0,2025-10-20,2025-12-28,2025-Q4,false,true
O01392,A0258,R020,Outbound,Closed Won,237600.0,2025-09-07,2026-02-13,2026-Q1,true,true
O01393,A0307,R011,Outbound,Closed Lost,8100.0,2025-06-28,2025-07-27,2025-Q3,false,true
O01394,A0451,R005,Outbound,Closed Lost,3100.0,2024-07-05,2024-08-19,2024-Q3,false,true
O01395,A0508,R004,Inbound,Closed Lost,65100.0,2024-07-02,2024-08-24,2024-Q3,false,true
O01396,A0454,R012,Event,Closed Won,11100.0,2025-10-15,2025-12-11,2025-Q4,true,true
O01397,A0238,R009,Outbound,Closed Lost,7600.0,2024-11-10,2024-12-26,2024-Q4,false,true
O01398,A0308,R022,Inbound,Closed Lost,13100.0,2024-08-03,2024-09-22,2024-Q3,false,true
O01399,A0406,R004,Outbound,Closed Lost,38200.0,2024-06-10,2024-08-14,2024-Q3,false,true
O01400,A0427,R011,Inbound,Closed Lost,10100.0,2024-08-22,2024-09-21,2024-Q3,false,true
O01401,A0149,R007,Inbound,Closed Lost,69400.0,2024-12-07,2025-03-07,2025-Q1,false,true
O01402,A0577,R015,Referral,Closed Lost,14400.0,2025-03-03,2025-03-17,2025-Q1,false,true
O01403,A0363,R024,Partner,Closed Won,14500.0,2024-05-23,2024-07-05,2024-Q3,true,true
O01404,A0214,R020,Outbound,Closed Lost,87600.0,2024-10-28,2025-05-01,2025-Q2,false,true
O01405,A0572,R021,Inbound,Closed Lost,12300.0,2024-07-23,2024-08-19,2024-Q3,false,true
O01406,A0077,R006,Outbound,Closed Lost,62800.0,2024-06-13,2024-09-07,2024-Q3,false,true
O01407,A0048,R023,Outbound,Closed Lost,33500.0,2025-02-03,2025-05-21,2025-Q2,false,true
O01408,A0061,R005,Outbound,Closed Lost,8100.0,2024-02-27,2024-04-21,2024-Q2,false,true
O01409,A0292,R005,Referral,Closed Won,16200.0,2025-04-28,2025-05-20,2025-Q2,true,true
O01410,A0424,R008,Inbound,Closed Won,7500.0,2024-06-03,2024-07-24,2024-Q3,true,true
O01411,A0252,R012,Outbound,Closed Won,14400.0,2025-08-09,2025-09-26,2025-Q3,true,true
O01412,A0299,R002,Partner,Closed Lost,16100.0,2024-05-23,2024-06-10,2024-Q2,false,true
O01413,A0370,R018,Outbound,Closed Won,7800.0,2024-08-07,2024-09-01,2024-Q3,true,true
O01414,A0204,R020,Outbound,Closed Lost,124900.0,2024-09-18,2024-12-22,2024-Q4,false,true
O01415,A0499,R001,Inbound,Closed Lost,74600.0,2025-06-25,2025-08-16,2025-Q3,false,true
O01416,A0448,R002,Outbound,Closed Lost,14900.0,2025-05-31,2025-07-04,2025-Q3,false,true
O01417,A0069,R003,Outbound,Closed Lost,78400.0,2025-08-01,2025-09-26,2025-Q3,false,true
O01418,A0526,R005,Partner,Closed Lost,12200.0,2025-08-10,2025-09-22,2025-Q3,false,true
O01419,A0442,R011,Inbound,Closed Lost,16300.0,2025-04-21,2025-06-02,2025-Q2,false,true
O01420,A0339,R005,Event,Closed Lost,11600.0,2024-07-05,2024-08-29,2024-Q3,false,true
O01421,A0443,R002,Outbound,Closed Lost,7400.0,2025-02-15,2025-04-06,2025-Q2,false,true
O01422,A0009,R009,Outbound,Closed Lost,5300.0,2024-11-26,2025-01-06,2025-Q1,false,true
O01423,A0335,R016,Outbound,Closed Lost,65700.0,2025-04-13,2025-06-22,2025-Q2,false,true
O01424,A0591,R008,Inbound,Closed Won,6100.0,2024-07-12,2024-08-04,2024-Q3,true,true
O01425,A0041,R008,Inbound,Closed Lost,17300.0,2025-07-07,2025-08-12,2025-Q3,false,true
O01426,A0236,R024,Inbound,Closed Lost,7500.0,2024-08-01,2024-08-27,2024-Q3,false,true
O01427,A0223,R012,Inbound,Closed Lost,16200.0,2024-01-28,2024-02-19,2024-Q1,false,true
O01428,A0385,R017,Outbound,Closed Lost,201700.0,2025-03-30,2025-08-20,2025-Q3,false,true
O01429,A0211,R013,Referral,Closed Won,23800.0,2025-08-27,2025-10-26,2025-Q4,true,true
O01430,A0529,R017,Outbound,Closed Lost,118500.0,2024-06-15,2024-11-05,2024-Q4,false,true
O01431,A0325,R020,Outbound,Closed Lost,395200.0,2024-07-14,2024-12-04,2024-Q4,false,true
O01432,A0262,R021,Outbound,Closed Lost,3200.0,2024-04-24,2024-06-06,2024-Q2,false,true
O01433,A0103,R020,Event,Closed Lost,347700.0,2025-01-04,2025-06-22,2025-Q2,false,true
O01434,A0308,R009,Outbound,Closed Lost,12700.0,2024-03-27,2024-05-21,2024-Q2,false,true
O01435,A0282,R023,Outbound,Closed Won,26700.0,2024-11-27,2025-01-16,2025-Q1,true,true
O01436,A0132,R016,Inbound,Closed Lost,61100.0,2024-06-08,2024-08-09,2024-Q3,false,true
O01437,A0215,R023,Outbound,Closed Lost,56300.0,2024-10-27,2025-01-27,2025-Q1,false,true
O01438,A0179,R021,Inbound,Closed Lost,5700.0,2024-06-04,2024-07-30,2024-Q3,false,true
O01439,A0167,R017,Referral,Closed Lost,177900.0,2025-05-24,2025-10-13,2025-Q4,false,true
O01440,A0272,R020,Inbound,Closed Lost,186100.0,2024-01-30,2024-05-05,2024-Q2,false,true
O01441,A0148,R015,Outbound,Closed Lost,8700.0,2024-02-17,2024-04-05,2024-Q2,false,true
O01442,A0162,R017,Referral,Closed Won,367100.0,2024-01-16,2024-07-13,2024-Q3,true,true
O01443,A0116,R018,Inbound,Closed Lost,15800.0,2025-04-20,2025-05-30,2025-Q2,false,true
O01444,A0001,R011,Inbound,Closed Won,16500.0,2025-05-02,2025-06-15,2025-Q2,true,true
O01445,A0553,R020,Inbound,Closed Lost,232900.0,2025-09-20,2026-01-12,2026-Q1,false,true
O01446,A0225,R017,Partner,Closed Lost,290900.0,2024-05-26,2024-10-20,2024-Q4,false,true
O01447,A0290,R019,Partner,Closed Won,32000.0,2024-04-17,2024-07-02,2024-Q3,true,true
O01448,A0337,R018,Partner,Closed Lost,10800.0,2025-11-15,2026-01-05,2026-Q1,false,true
O01449,A0135,R020,Referral,Closed Lost,291600.0,2025-03-08,2025-09-09,2025-Q3,false,true
O01450,A0036,R013,Inbound,Closed Lost,67200.0,2025-10-09,2025-11-29,2025-Q4,false,true
O01451,A0035,R017,Outbound,Closed Lost,183200.0,2024-06-14,2024-12-22,2024-Q4,false,true
O01452,A0353,R006,Outbound,Prospecting,43200.0,2025-10-05,,2025-Q4,,false
O01453,A0287,R023,Inbound,Closed Lost,38900.0,2025-06-10,2025-09-06,2025-Q3,false,true
O01454,A0500,R016,Outbound,Closed Lost,59400.0,2025-04-12,2025-06-08,2025-Q2,false,true
O01455,A0065,R012,Inbound,Closed Lost,3400.0,2025-03-12,2025-05-06,2025-Q2,false,true
O01456,A0469,R005,Outbound,Closed Won,13700.0,2024-05-03,2024-06-21,2024-Q2,true,true
O01457,A0464,R020,Inbound,Closed Lost,389200.0,2025-07-20,2025-11-08,2025-Q4,false,true
O01458,A0524,R017,Partner,Closed Won,328300.0,2024-05-25,2024-10-18,2024-Q4,true,true
O01459,A0539,R017,Referral,Prospecting,248000.0,2025-07-30,,2025-Q3,,false
O01460,A0544,R004,Partner,Closed Won,24200.0,2025-01-18,2025-03-24,2025-Q1,true,true
O01461,A0232,R004,Referral,Closed Lost,71200.0,2025-07-07,2025-10-14,2025-Q4,false,true
O01462,A0411,R007,Outbound,Closed Lost,78300.0,2025-02-03,2025-05-25,2025-Q2,false,true
O01463,A0140,R011,Inbound,Closed Lost,6800.0,2024-01-01,2024-01-19,2024-Q1,false,true
O01464,A0069,R001,Event,Closed Lost,26900.0,2025-02-24,2025-04-27,2025-Q2,false,true
O01465,A0249,R015,Inbound,Closed Lost,9300.0,2024-06-12,2024-08-06,2024-Q3,false,true
O01466,A0359,R005,Partner,Closed Lost,5100.0,2024-08-19,2024-09-19,2024-Q3,false,true
O01467,A0600,R024,Event,Closed Lost,9700.0,2024-06-04,2024-07-01,2024-Q3,false,true
O01468,A0012,R024,Partner,Closed Won,7700.0,2024-04-30,2024-06-16,2024-Q2,true,true
O01469,A0483,R009,Outbound,Closed Won,7500.0,2025-11-07,2025-12-19,2025-Q4,true,true
O01470,A0073,R012,Inbound,Closed Lost,8700.0,2024-10-05,2024-10-21,2024-Q4,false,true
O01471,A0478,R015,Event,Closed Lost,16100.0,2025-08-22,2025-09-15,2025-Q3,false,true
O01472,A0299,R009,Referral,Closed Lost,4300.0,2025-06-19,2025-07-09,2025-Q3,false,true
O01473,A0372,R017,Event,Proposal,347700.0,2025-11-11,,2025-Q4,,false
O01474,A0287,R007,Inbound,Closed Lost,38400.0,2024-09-14,2025-01-02,2025-Q1,false,true
O01475,A0366,R003,Outbound,Closed Lost,62200.0,2024-01-14,2024-03-11,2024-Q1,false,true
O01476,A0227,R019,Partner,Closed Lost,24400.0,2025-03-20,2025-06-07,2025-Q2,false,true
O01477,A0575,R022,Partner,Closed Lost,12100.0,2025-08-02,2025-09-09,2025-Q3,false,true
O01478,A0044,R022,Inbound,Closed Lost,15600.0,2024-04-20,2024-06-10,2024-Q2,false,true
O01479,A0098,R005,Outbound,Closed Lost,11700.0,2024-09-01,2024-10-08,2024-Q4,false,true
O01480,A0404,R017,Outbound,Closed Lost,352700.0,2024-12-21,2025-07-11,2025-Q3,false,true
O01481,A0409,R024,Inbound,Closed Won,16600.0,2025-03-18,2025-05-13,2025-Q2,true,true
O01482,A0337,R005,Event,Closed Lost,15000.0,2024-10-26,2024-12-05,2024-Q4,false,true
O01483,A0260,R012,Inbound,Proposal,8300.0,2025-11-30,,2025-Q4,,false
O01484,A0270,R017,Inbound,Closed Lost,326700.0,2024-08-02,2025-03-22,2025-Q1,false,true
O01485,A0411,R010,Outbound,Closed Lost,71100.0,2024-06-25,2024-10-11,2024-Q4,false,true
O01486,A0234,R012,Outbound,Closed Won,16700.0,2024-11-09,2024-11-29,2024-Q4,true,true
O01487,A0510,R024,Outbound,Closed Lost,6000.0,2024-07-09,2024-08-16,2024-Q3,false,true
O01488,A0346,R018,Inbound,Closed Lost,17400.0,2025-01-05,2025-01-29,2025-Q1,false,true
O01489,A0596,R011,Outbound,Closed Won,12600.0,2025-06-02,2025-07-30,2025-Q3,true,true
O01490,A0183,R015,Partner,Closed Won,4100.0,2025-09-25,2025-11-22,2025-Q4,true,true
O01491,A0415,R011,Inbound,Closed Lost,8100.0,2024-05-29,2024-07-27,2024-Q3,false,true
O01492,A0395,R005,Referral,Closed Won,11600.0,2024-10-27,2024-12-19,2024-Q4,true,true
O01493,A0454,R002,Inbound,Closed Lost,5300.0,2024-09-08,2024-10-27,2024-Q4,false,true
O01494,A0230,R009,Inbound,Closed Lost,9600.0,2024-09-08,2024-10-06,2024-Q4,false,true
O01495,A0304,R009,Outbound,Closed Lost,10200.0,2024-01-22,2024-03-15,2024-Q1,false,true
O01496,A0582,R017,Partner,Closed Lost,351300.0,2025-02-26,2025-07-13,2025-Q3,false,true
O01497,A0397,R011,Referral,Closed Lost,9500.0,2025-01-07,2025-02-06,2025-Q1,false,true
O01498,A0241,R010,Inbound,Closed Lost,22800.0,2025-07-07,2025-10-05,2025-Q4,false,true
O01499,A0253,R021,Referral,Closed Lost,4400.0,2025-08-15,2025-09-06,2025-Q3,false,true
O01500,A0488,R016,Partner,Closed Lost,68000.0,2024-11-17,2025-01-14,2025-Q1,false,true
O01501,A0568,R017,Outbound,Closed Won,263800.0,2025-04-21,2025-09-26,2025-Q3,true,true
O01502,A0510,R022,Outbound,Closed Won,17300.0,2025-03-22,2025-04-09,2025-Q2,true,true
O01503,A0573,R023,Inbound,Closed Lost,47600.0,2024-02-28,2024-05-27,2024-Q2,false,true
O01504,A0363,R005,Inbound,Closed Lost,6800.0,2024-10-09,2024-11-28,2024-Q4,false,true
O01505,A0503,R015,Outbound,Closed Lost,6200.0,2024-05-16,2024-06-24,2024-Q2,false,true
O01506,A0312,R020,Outbound,Closed Lost,335500.0,2024-08-26,2025-04-18,2025-Q2,false,true
O01507,A0553,R020,Inbound,Closed Lost,307900.0,2024-01-07,2024-04-19,2024-Q2,false,true
O01508,A0073,R022,Inbound,Closed Won,9200.0,2024-03-06,2024-04-22,2024-Q2,true,true
O01509,A0184,R004,Inbound,Closed Lost,63200.0,2024-01-31,2024-05-18,2024-Q2,false,true
O01510,A0414,R022,Event,Closed Lost,8700.0,2025-01-31,2025-03-12,2025-Q1,false,true
O01511,A0188,R005,Inbound,Closed Lost,5700.0,2024-11-14,2024-12-20,2024-Q4,false,true
O01512,A0093,R017,Partner,Closed Lost,144200.0,2024-09-23,2025-04-03,2025-Q2,false,true
O01513,A0084,R012,Outbound,Closed Won,10900.0,2025-04-07,2025-04-27,2025-Q2,true,true
O01514,A0571,R002,Inbound,Closed Won,4400.0,2025-11-30,2026-01-06,2026-Q1,true,true
O01515,A0335,R013,Outbound,Closed Lost,67600.0,2024-11-09,2024-12-27,2024-Q4,false,true
O01516,A0072,R008,Inbound,Closed Won,12300.0,2024-07-12,2024-09-04,2024-Q3,true,true
O01517,A0354,R003,Partner,Closed Lost,55200.0,2025-11-30,2026-02-02,2026-Q1,false,true
O01518,A0182,R017,Event,Closed Lost,279100.0,2025-03-31,2025-07-06,2025-Q3,false,true
O01519,A0124,R007,Outbound,Closed Won,39600.0,2024-10-25,2024-12-22,2024-Q4,true,true
O01520,A0103,R020,Referral,Closed Lost,399100.0,2024-07-16,2024-11-22,2024-Q4,false,true
O01521,A0562,R013,Inbound,Closed Won,59500.0,2025-04-03,2025-06-01,2025-Q2,true,true
O01522,A0145,R017,Inbound,Closed Won,334100.0,2025-05-17,2025-10-02,2025-Q4,true,true
O01523,A0492,R024,Partner,Closed Won,15700.0,2025-08-28,2025-09-17,2025-Q3,true,true
O01524,A0540,R022,Outbound,Closed Lost,11000.0,2025-08-11,2025-10-08,2025-Q4,false,true
O01525,A0206,R007,Referral,Closed Won,45800.0,2024-11-24,2025-01-25,2025-Q1,true,true
O01526,A0437,R020,Inbound,Closed Won,106400.0,2025-03-21,2025-09-23,2025-Q3,true,true
O01527,A0575,R018,Event,Closed Lost,7600.0,2025-09-16,2025-10-24,2025-Q4,false,true
O01528,A0057,R016,Outbound,Closed Lost,76700.0,2024-02-12,2024-04-21,2024-Q2,false,true
O01529,A0585,R016,Inbound,Closed Lost,63800.0,2024-06-26,2024-09-19,2024-Q3,false,true
O01530,A0311,R020,Event,Closed Won,388500.0,2024-07-11,2025-01-07,2025-Q1,true,true
O01531,A0445,R017,Inbound,Closed Won,298000.0,2025-06-04,2025-12-05,2025-Q4,true,true
O01532,A0469,R008,Outbound,Closed Lost,7800.0,2024-08-14,2024-10-12,2024-Q4,false,true
O01533,A0585,R023,Referral,Closed Lost,20800.0,2025-09-19,2025-11-04,2025-Q4,false,true
O01534,A0120,R020,Inbound,Closed Lost,291100.0,2024-01-05,2024-06-04,2024-Q2,false,true
O01535,A0182,R020,Inbound,Closed Lost,373600.0,2024-08-21,2025-02-22,2025-Q1,false,true
O01536,A0253,R022,Outbound,Closed Lost,16200.0,2025-11-15,2025-12-15,2025-Q4,false,true
O01537,A0318,R009,Event,Closed Won,9100.0,2025-10-31,2025-12-01,2025-Q4,true,true
O01538,A0387,R007,Partner,Closed Won,33700.0,2024-07-13,2024-10-28,2024-Q4,true,true
O01539,A0043,R018,Inbound,Closed Won,13300.0,2024-05-11,2024-07-06,2024-Q3,true,true
O01540,A0163,R018,Partner,Closed Won,11100.0,2024-03-09,2024-04-03,2024-Q2,true,true
O01541,A0408,R011,Inbound,Closed Lost,7300.0,2025-07-03,2025-08-04,2025-Q3,false,true
O01542,A0123,R015,Inbound,Closed Lost,11300.0,2024-07-25,2024-08-13,2024-Q3,false,true
O01543,A0037,R018,Outbound,Closed Won,4700.0,2025-05-05,2025-05-25,2025-Q2,true,true
O01544,A0086,R005,Inbound,Closed Lost,12200.0,2024-09-04,2024-10-15,2024-Q4,false,true
O01545,A0043,R024,Inbound,Closed Lost,14500.0,2025-05-30,2025-06-25,2025-Q2,false,true
O01546,A0015,R008,Inbound,Closed Lost,16800.0,2024-12-15,2025-01-14,2025-Q1,false,true
O01547,A0058,R015,Inbound,Closed Lost,17200.0,2025-01-24,2025-02-16,2025-Q1,false,true
O01548,A0200,R012,Outbound,Prospecting,9600.0,2025-11-04,,2025-Q4,,false
O01549,A0571,R008,Partner,Closed Won,17500.0,2024-05-26,2024-07-14,2024-Q3,true,true
O01550,A0420,R016,Referral,Closed Won,56400.0,2025-07-01,2025-08-17,2025-Q3,true,true
O01551,A0380,R001,Inbound,Closed Won,60400.0,2024-05-26,2024-07-23,2024-Q3,true,true
O01552,A0060,R015,Inbound,Closed Lost,15900.0,2025-08-03,2025-08-24,2025-Q3,false,true
O01553,A0559,R005,Outbound,Closed Lost,15400.0,2024-01-21,2024-03-16,2024-Q1,false,true
O01554,A0396,R020,Outbound,Closed Lost,223900.0,2025-09-22,2026-03-30,2026-Q1,false,true
O01555,A0354,R023,Outbound,Closed Won,75000.0,2025-04-10,2025-07-25,2025-Q3,true,true
O01556,A0369,R009,Referral,Closed Won,12600.0,2024-05-27,2024-06-28,2024-Q2,true,true
O01557,A0264,R008,Inbound,Closed Won,9500.0,2025-01-11,2025-01-26,2025-Q1,true,true
O01558,A0421,R016,Inbound,Closed Lost,25800.0,2024-08-20,2024-11-24,2024-Q4,false,true
O01559,A0416,R015,Outbound,Closed Lost,14000.0,2025-03-03,2025-04-15,2025-Q2,false,true
O01560,A0373,R012,Inbound,Closed Lost,9000.0,2024-11-29,2025-01-24,2025-Q1,false,true
O01561,A0223,R009,Event,Closed Lost,17200.0,2025-08-05,2025-08-31,2025-Q3,false,true
O01562,A0373,R018,Outbound,Closed Won,8600.0,2025-07-15,2025-08-24,2025-Q3,true,true
O01563,A0482,R003,Event,Closed Lost,36600.0,2025-07-09,2025-10-19,2025-Q4,false,true
O01564,A0423,R017,Partner,Closed Lost,188100.0,2024-07-23,2024-12-15,2024-Q4,false,true
O01565,A0530,R020,Outbound,Closed Lost,87600.0,2024-07-03,2025-01-22,2025-Q1,false,true
O01566,A0177,R011,Event,Closed Lost,14500.0,2025-11-27,2026-01-16,2026-Q1,false,true
O01567,A0155,R013,Event,Closed Lost,33200.0,2024-11-20,2025-03-04,2025-Q1,false,true
O01568,A0499,R010,Event,Closed Lost,63600.0,2025-09-17,2026-01-07,2026-Q1,false,true
O01569,A0088,R017,Referral,Closed Won,186100.0,2024-01-09,2024-04-21,2024-Q2,true,true
O01570,A0366,R006,Partner,Closed Won,37100.0,2024-06-03,2024-08-14,2024-Q3,true,true
O01571,A0324,R020,Inbound,Closed Lost,305200.0,2025-05-01,2025-10-24,2025-Q4,false,true
O01572,A0576,R017,Outbound,Closed Lost,212900.0,2024-06-04,2024-10-13,2024-Q4,false,true
O01573,A0163,R021,Partner,Closed Lost,10000.0,2025-07-19,2025-09-11,2025-Q3,false,true
O01574,A0256,R003,Outbound,Negotiation,74400.0,2025-11-10,,2025-Q4,,false
O01575,A0489,R008,Referral,Closed Lost,13300.0,2024-01-21,2024-03-12,2024-Q1,false,true
O01576,A0599,R022,Referral,Closed Lost,16400.0,2024-07-05,2024-08-16,2024-Q3,false,true
O01577,A0581,R012,Inbound,Closed Won,16300.0,2024-12-13,2025-01-01,2025-Q1,true,true
O01578,A0308,R024,Referral,Closed Lost,4700.0,2025-02-07,2025-03-02,2025-Q1,false,true
O01579,A0202,R024,Inbound,Closed Lost,13700.0,2024-11-24,2024-12-26,2024-Q4,false,true
O01580,A0507,R002,Event,Closed Won,9300.0,2025-09-28,2025-11-18,2025-Q4,true,true
O01581,A0197,R016,Inbound,Closed Won,74100.0,2024-10-13,2025-02-01,2025-Q1,true,true
O01582,A0171,R001,Inbound,Closed Lost,61400.0,2025-10-26,2026-01-09,2026-Q1,false,true
O01583,A0280,R024,Inbound,Closed Lost,4200.0,2025-04-14,2025-06-09,2025-Q2,false,true
O01584,A0011,R017,Outbound,Closed Lost,143900.0,2024-11-05,2025-05-11,2025-Q2,false,true
O01585,A0277,R015,Event,Closed Lost,15000.0,2024-12-09,2025-01-15,2025-Q1,false,true
O01586,A0417,R010,Outbound,Closed Lost,62600.0,2024-05-15,2024-08-12,2024-Q3,false,true
O01587,A0274,R005,Inbound,Closed Lost,4300.0,2025-04-05,2025-05-31,2025-Q2,false,true
O01588,A0522,R005,Inbound,Closed Won,15100.0,2024-01-24,2024-02-15,2024-Q1,true,true
O01589,A0383,R017,Event,Closed Lost,336500.0,2024-06-06,2025-01-28,2025-Q1,false,true
O01590,A0010,R002,Referral,Closed Lost,4100.0,2024-12-15,2025-02-06,2025-Q1,false,true
O01591,A0472,R023,Inbound,Closed Won,56000.0,2024-12-04,2025-01-31,2025-Q1,true,true
O01592,A0084,R008,Event,Closed Won,17300.0,2024-04-03,2024-06-01,2024-Q2,true,true
O01593,A0239,R006,Inbound,Closed Lost,42000.0,2024-02-21,2024-04-16,2024-Q2,false,true
O01594,A0203,R018,Partner,Closed Won,5800.0,2025-09-11,2025-11-09,2025-Q4,true,true
O01595,A0063,R018,Inbound,Closed Won,3100.0,2024-07-08,2024-08-23,2024-Q3,true,true
O01596,A0148,R021,Inbound,Closed Lost,13500.0,2025-08-12,2025-09-07,2025-Q3,false,true
O01597,A0192,R010,Inbound,Closed Lost,42500.0,2024-08-21,2024-10-25,2024-Q4,false,true
O01598,A0423,R020,Inbound,Closed Lost,160300.0,2024-08-11,2025-02-26,2025-Q1,false,true
O01599,A0008,R023,Referral,Qualification,35400.0,2025-11-30,,2025-Q4,,false
O01600,A0062,R022,Outbound,Closed Lost,13100.0,2025-03-16,2025-04-04,2025-Q2,false,true
O01601,A0091,R012,Referral,Closed Lost,13500.0,2025-08-25,2025-10-01,2025-Q4,false,true
O01602,A0583,R007,Outbound,Closed Lost,40200.0,2024-11-22,2025-03-04,2025-Q1,false,true
O01603,A0308,R018,Outbound,Closed Won,18000.0,2024-11-16,2025-01-03,2025-Q1,true,true
O01604,A0044,R012,Event,Closed Lost,16200.0,2025-02-23,2025-04-07,2025-Q2,false,true
O01605,A0413,R014,Outbound,Closed Lost,27500.0,2025-04-20,2025-07-31,2025-Q3,false,true
O01606,A0026,R008,Outbound,Closed Lost,17800.0,2024-11-20,2024-12-28,2024-Q4,false,true
O01607,A0015,R015,Inbound,Closed Lost,5300.0,2025-11-08,2025-12-03,2025-Q4,false,true
O01608,A0017,R020,Outbound,Closed Won,166700.0,2025-04-28,2025-09-03,2025-Q3,true,true
O01609,A0163,R011,Partner,Closed Lost,6400.0,2025-07-16,2025-08-16,2025-Q3,false,true
O01610,A0444,R015,Referral,Closed Won,17500.0,2024-06-12,2024-07-27,2024-Q3,true,true
O01611,A0069,R010,Outbound,Closed Lost,26800.0,2025-05-03,2025-07-24,2025-Q3,false,true
O01612,A0222,R013,Inbound,Closed Lost,77300.0,2025-05-17,2025-07-02,2025-Q3,false,true
O01613,A0319,R024,Outbound,Closed Lost,12200.0,2025-09-25,2025-11-05,2025-Q4,false,true
O01614,A0350,R010,Inbound,Closed Lost,53100.0,2024-05-11,2024-08-11,2024-Q3,false,true
O01615,A0379,R015,Referral,Closed Lost,17200.0,2024-09-09,2024-10-06,2024-Q4,false,true
O01616,A0321,R024,Inbound,Closed Lost,11300.0,2025-05-02,2025-06-02,2025-Q2,false,true
O01617,A0200,R008,Partner,Closed Lost,11600.0,2024-11-25,2025-01-18,2025-Q1,false,true
O01618,A0243,R009,Outbound,Closed Won,10000.0,2025-05-15,2025-07-04,2025-Q3,true,true
O01619,A0098,R015,Outbound,Closed Lost,7800.0,2024-05-31,2024-07-23,2024-Q3,false,true
O01620,A0273,R005,Inbound,Closed Lost,14700.0,2025-04-05,2025-05-13,2025-Q2,false,true
O01621,A0147,R012,Inbound,Closed Lost,6700.0,2024-03-01,2024-04-14,2024-Q2,false,true
O01622,A0495,R021,Inbound,Closed Lost,17400.0,2024-05-29,2024-06-29,2024-Q2,false,true
O01623,A0550,R006,Partner,Proposal,77400.0,2025-10-23,,2025-Q4,,false
O01624,A0200,R021,Partner,Closed Lost,6700.0,2025-05-31,2025-07-02,2025-Q3,false,true
O01625,A0012,R011,Partner,Closed Won,5200.0,2024-09-24,2024-10-21,2024-Q4,true,true
O01626,A0432,R003,Outbound,Closed Lost,66100.0,2025-01-12,2025-04-26,2025-Q2,false,true
O01627,A0392,R021,Referral,Closed Won,9700.0,2024-06-09,2024-07-31,2024-Q3,true,true
O01628,A0467,R007,Inbound,Closed Lost,35700.0,2024-07-21,2024-11-01,2024-Q4,false,true
O01629,A0018,R017,Inbound,Closed Lost,256800.0,2024-02-23,2024-08-14,2024-Q3,false,true
O01630,A0385,R017,Inbound,Proposal,286800.0,2025-10-05,,2025-Q4,,false
O01631,A0290,R010,Partner,Closed Lost,20400.0,2025-08-02,2025-11-27,2025-Q4,false,true
O01632,A0136,R014,Inbound,Closed Won,26700.0,2024-03-06,2024-04-28,2024-Q2,true,true
O01633,A0241,R003,Partner,Closed Lost,39000.0,2025-01-03,2025-04-03,2025-Q2,false,true
O01634,A0505,R015,Outbound,Closed Lost,10900.0,2025-07-12,2025-07-29,2025-Q3,false,true
O01635,A0159,R021,Referral,Closed Won,9700.0,2024-04-01,2024-04-28,2024-Q2,true,true
O01636,A0268,R006,Inbound,Closed Lost,58000.0,2024-09-02,2024-10-24,2024-Q4,false,true
O01637,A0231,R020,Inbound,Closed Lost,150100.0,2024-02-13,2024-05-23,2024-Q2,false,true
O01638,A0141,R021,Outbound,Closed Lost,8800.0,2024-11-23,2024-12-27,2024-Q4,false,true
O01639,A0523,R007,Outbound,Closed Lost,59500.0,2025-05-19,2025-07-06,2025-Q3,false,true
O01640,A0042,R017,Inbound,Closed Lost,146800.0,2025-08-26,2025-12-03,2025-Q4,false,true
O01641,A0083,R022,Inbound,Closed Won,16500.0,2025-01-11,2025-02-26,2025-Q1,true,true
O01642,A0550,R001,Partner,Proposal,34500.0,2025-10-04,,2025-Q4,,false
O01643,A0263,R012,Partner,Closed Lost,16500.0,2024-07-19,2024-08-22,2024-Q3,false,true
O01644,A0463,R001,Inbound,Closed Won,65700.0,2025-04-01,2025-07-20,2025-Q3,true,true
O01645,A0397,R005,Inbound,Closed Lost,14400.0,2024-07-29,2024-08-24,2024-Q3,false,true
O01646,A0220,R022,Inbound,Closed Lost,10000.0,2024-11-06,2024-12-13,2024-Q4,false,true
O01647,A0259,R009,Inbound,Closed Won,7600.0,2025-06-07,2025-06-22,2025-Q2,true,true
O01648,A0342,R006,Outbound,Closed Lost,62600.0,2025-05-26,2025-08-28,2025-Q3,false,true
O01649,A0170,R020,Referral,Closed Lost,271000.0,2025-05-06,2025-12-25,2025-Q4,false,true
O01650,A0080,R022,Event,Closed Lost,15800.0,2024-04-19,2024-05-03,2024-Q2,false,true
O01651,A0281,R002,Inbound,Closed Lost,8700.0,2024-11-06,2024-12-18,2024-Q4,false,true
O01652,A0055,R020,Outbound,Closed Lost,390700.0,2024-08-08,2024-12-24,2024-Q4,false,true
O01653,A0287,R013,Outbound,Prospecting,36400.0,2025-10-31,,2025-Q4,,false
O01654,A0210,R003,Inbound,Closed Lost,72600.0,2025-10-13,2025-11-30,2025-Q4,false,true
O01655,A0116,R005,Outbound,Closed Lost,16000.0,2024-08-28,2024-10-10,2024-Q4,false,true
O01656,A0277,R002,Inbound,Closed Lost,3900.0,2025-07-30,2025-09-12,2025-Q3,false,true
O01657,A0408,R024,Outbound,Closed Lost,3600.0,2025-01-21,2025-02-05,2025-Q1,false,true
O01658,A0180,R001,Event,Closed Lost,58700.0,2025-08-13,2025-10-02,2025-Q4,false,true
O01659,A0289,R018,Event,Closed Won,3400.0,2024-07-26,2024-08-26,2024-Q3,true,true
O01660,A0241,R014,Outbound,Closed Lost,72200.0,2024-01-02,2024-02-21,2024-Q1,false,true
O01661,A0501,R006,Outbound,Closed Lost,40600.0,2024-02-18,2024-05-09,2024-Q2,false,true
O01662,A0484,R016,Outbound,Closed Lost,58800.0,2024-06-16,2024-09-16,2024-Q3,false,true
O01663,A0150,R012,Outbound,Closed Lost,9100.0,2025-10-16,2025-11-21,2025-Q4,false,true
O01664,A0356,R011,Outbound,Closed Lost,14300.0,2024-05-31,2024-07-27,2024-Q3,false,true
O01665,A0369,R015,Referral,Closed Won,6800.0,2024-03-29,2024-05-20,2024-Q2,true,true
O01666,A0478,R018,Outbound,Closed Won,5500.0,2025-07-06,2025-09-01,2025-Q3,true,true
O01667,A0149,R019,Event,Closed Lost,57200.0,2024-12-15,2025-04-08,2025-Q2,false,true
O01668,A0588,R004,Inbound,Closed Lost,23100.0,2024-07-29,2024-11-01,2024-Q4,false,true
O01669,A0514,R021,Referral,Closed Won,4600.0,2024-02-12,2024-03-30,2024-Q1,true,true
O01670,A0169,R009,Outbound,Proposal,14800.0,2025-12-01,,2025-Q4,,false
O01671,A0405,R021,Outbound,Closed Lost,6300.0,2025-11-03,2025-12-12,2025-Q4,false,true
O01672,A0109,R009,Event,Closed Lost,9800.0,2025-10-17,2025-12-11,2025-Q4,false,true
O01673,A0193,R002,Partner,Closed Lost,10400.0,2025-05-31,2025-06-20,2025-Q2,false,true
O01674,A0314,R006,Inbound,Closed Lost,69200.0,2025-02-19,2025-05-13,2025-Q2,false,true
O01675,A0196,R002,Event,Closed Won,7400.0,2024-01-17,2024-02-01,2024-Q1,true,true
O01676,A0074,R005,Outbound,Closed Lost,17300.0,2024-09-16,2024-10-28,2024-Q4,false,true
O01677,A0413,R001,Inbound,Closed Lost,39300.0,2025-09-03,2025-11-25,2025-Q4,false,true
O01678,A0490,R023,Inbound,Qualification,20600.0,2025-09-21,,2025-Q3,,false
O01679,A0485,R015,Event,Closed Lost,9300.0,2025-07-05,2025-07-25,2025-Q3,false,true
O01680,A0503,R002,Inbound,Closed Lost,17400.0,2025-01-24,2025-02-09,2025-Q1,false,true
O01681,A0259,R021,Partner,Closed Lost,6700.0,2024-04-04,2024-04-23,2024-Q2,false,true
O01682,A0097,R018,Inbound,Closed Lost,6600.0,2025-01-23,2025-02-27,2025-Q1,false,true
O01683,A0318,R021,Partner,Closed Won,12200.0,2025-04-07,2025-05-04,2025-Q2,true,true
O01684,A0029,R021,Partner,Closed Lost,10500.0,2025-03-31,2025-04-18,2025-Q2,false,true
O01685,A0398,R021,Outbound,Closed Lost,3700.0,2025-10-31,2025-12-30,2025-Q4,false,true
O01686,A0463,R007,Inbound,Closed Lost,36000.0,2024-06-15,2024-08-04,2024-Q3,false,true
O01687,A0159,R005,Event,Closed Won,10300.0,2024-07-22,2024-09-04,2024-Q3,true,true
O01688,A0181,R015,Partner,Closed Lost,5700.0,2024-02-14,2024-03-18,2024-Q1,false,true
O01689,A0506,R006,Partner,Closed Won,24300.0,2025-03-31,2025-05-29,2025-Q2,true,true
O01690,A0577,R002,Inbound,Closed Lost,8500.0,2025-03-24,2025-05-08,2025-Q2,false,true
O01691,A0538,R012,Inbound,Closed Lost,4600.0,2025-10-12,2025-11-29,2025-Q4,false,true
O01692,A0571,R015,Partner,Closed Lost,4300.0,2024-03-09,2024-03-27,2024-Q1,false,true
O01693,A0487,R015,Inbound,Closed Lost,16600.0,2025-06-03,2025-07-02,2025-Q3,false,true
O01694,A0166,R017,Outbound,Closed Lost,292700.0,2025-08-07,2025-12-22,2025-Q4,false,true
O01695,A0270,R020,Inbound,Closed Won,266300.0,2024-03-09,2024-07-24,2024-Q3,true,true
O01696,A0208,R008,Outbound,Closed Lost,14200.0,2024-11-03,2024-11-25,2024-Q4,false,true
O01697,A0523,R001,Inbound,Closed Lost,59300.0,2024-04-25,2024-08-15,2024-Q3,false,true
O01698,A0141,R012,Outbound,Closed Won,15000.0,2024-09-06,2024-10-20,2024-Q4,true,true
O01699,A0491,R009,Outbound,Closed Lost,8800.0,2024-04-11,2024-05-06,2024-Q2,false,true
O01700,A0073,R008,Event,Closed Won,15900.0,2025-11-14,2025-12-06,2025-Q4,true,true
O01701,A0490,R016,Outbound,Closed Lost,28200.0,2024-03-15,2024-07-10,2024-Q3,false,true
O01702,A0371,R006,Event,Closed Lost,21700.0,2024-09-25,2024-12-31,2024-Q4,false,true
O01703,A0405,R002,Outbound,Closed Lost,13900.0,2024-07-16,2024-09-10,2024-Q3,false,true
O01704,A0231,R017,Partner,Closed Lost,364400.0,2025-05-05,2025-12-11,2025-Q4,false,true
O01705,A0162,R017,Inbound,Prospecting,172000.0,2025-09-05,,2025-Q3,,false
O01706,A0087,R008,Outbound,Closed Lost,8500.0,2025-10-18,2025-11-03,2025-Q4,false,true
O01707,A0350,R007,Outbound,Closed Lost,75000.0,2025-07-02,2025-09-26,2025-Q3,false,true
O01708,A0500,R013,Outbound,Closed Lost,75300.0,2025-08-26,2025-12-20,2025-Q4,false,true
O01709,A0481,R012,Outbound,Closed Lost,10300.0,2024-04-03,2024-05-31,2024-Q2,false,true
O01710,A0065,R011,Outbound,Closed Lost,17000.0,2025-10-06,2025-11-06,2025-Q4,false,true
O01711,A0234,R012,Inbound,Closed Lost,11500.0,2024-11-27,2024-12-26,2024-Q4,false,true
O01712,A0344,R020,Inbound,Closed Lost,271300.0,2024-10-12,2025-03-18,2025-Q1,false,true
O01713,A0143,R007,Inbound,Closed Lost,62200.0,2024-07-13,2024-10-12,2024-Q4,false,true
O01714,A0474,R022,Inbound,Closed Lost,4800.0,2025-06-16,2025-07-11,2025-Q3,false,true
O01715,A0253,R009,Partner,Closed Won,15500.0,2025-09-04,2025-10-28,2025-Q4,true,true
O01716,A0509,R020,Outbound,Closed Lost,235000.0,2024-09-08,2025-03-17,2025-Q1,false,true
O01717,A0551,R010,Referral,Closed Won,55600.0,2024-05-29,2024-08-14,2024-Q3,true,true
O01718,A0564,R013,Referral,Closed Lost,29700.0,2024-01-04,2024-02-26,2024-Q1,false,true
O01719,A0466,R016,Inbound,Closed Lost,49700.0,2025-08-20,2025-11-08,2025-Q4,false,true
O01720,A0438,R020,Outbound,Prospecting,232400.0,2025-09-01,,2025-Q3,,false
O01721,A0056,R017,Inbound,Closed Lost,114400.0,2024-03-12,2024-08-20,2024-Q3,false,true
O01722,A0099,R023,Inbound,Closed Lost,20500.0,2025-03-09,2025-05-19,2025-Q2,false,true
O01723,A0115,R010,Partner,Proposal,35600.0,2025-10-01,,2025-Q4,,false
O01724,A0566,R012,Event,Closed Lost,3300.0,2024-08-30,2024-09-22,2024-Q3,false,true
O01725,A0176,R020,Inbound,Closed Lost,277200.0,2024-07-27,2025-03-12,2025-Q1,false,true
O01726,A0277,R018,Inbound,Closed Lost,6700.0,2024-05-07,2024-05-27,2024-Q2,false,true
O01727,A0170,R017,Inbound,Closed Lost,114400.0,2024-08-13,2025-01-21,2025-Q1,false,true
O01728,A0594,R022,Inbound,Closed Won,6200.0,2025-01-30,2025-03-13,2025-Q1,true,true
O01729,A0455,R014,Inbound,Closed Lost,70700.0,2024-06-02,2024-09-04,2024-Q3,false,true
O01730,A0279,R009,Outbound,Prospecting,9500.0,2025-11-20,,2025-Q4,,false
O01731,A0398,R018,Outbound,Closed Lost,8600.0,2025-09-13,2025-10-10,2025-Q4,false,true
O01732,A0387,R004,Inbound,Closed Lost,31500.0,2025-02-17,2025-04-29,2025-Q2,false,true
O01733,A0298,R009,Partner,Closed Lost,16200.0,2025-01-23,2025-03-16,2025-Q1,false,true
O01734,A0577,R009,Outbound,Qualification,4000.0,2025-10-22,,2025-Q4,,false
O01735,A0021,R018,Outbound,Closed Lost,9700.0,2025-03-22,2025-05-21,2025-Q2,false,true
O01736,A0357,R006,Inbound,Closed Won,74500.0,2024-10-02,2025-01-01,2025-Q1,true,true
O01737,A0225,R017,Inbound,Closed Lost,196700.0,2024-02-07,2024-08-12,2024-Q3,false,true
O01738,A0163,R005,Outbound,Closed Won,11300.0,2025-09-22,2025-11-19,2025-Q4,true,true
O01739,A0262,R018,Event,Closed Lost,5100.0,2024-06-01,2024-07-03,2024-Q3,false,true
O01740,A0191,R009,Event,Closed Won,5500.0,2025-02-23,2025-03-28,2025-Q1,true,true
O01741,A0054,R019,Inbound,Prospecting,35900.0,2025-11-01,,2025-Q4,,false
O01742,A0201,R019,Event,Closed Lost,65900.0,2024-03-19,2024-05-11,2024-Q2,false,true
O01743,A0547,R003,Inbound,Closed Lost,65200.0,2025-04-18,2025-08-11,2025-Q3,false,true
O01744,A0192,R006,Outbound,Closed Lost,71000.0,2024-01-09,2024-04-04,2024-Q2,false,true
O01745,A0022,R021,Outbound,Closed Won,8900.0,2025-05-31,2025-06-17,2025-Q2,true,true
O01746,A0136,R006,Inbound,Prospecting,53600.0,2025-09-15,,2025-Q3,,false
O01747,A0255,R008,Outbound,Closed Won,14300.0,2025-10-17,2025-12-08,2025-Q4,true,true
O01748,A0001,R011,Outbound,Closed Lost,15000.0,2025-04-16,2025-06-02,2025-Q2,false,true
O01749,A0555,R015,Outbound,Closed Lost,17400.0,2025-06-21,2025-08-03,2025-Q3,false,true
O01750,A0592,R015,Event,Closed Won,17100.0,2024-09-14,2024-10-31,2024-Q4,true,true
O01751,A0130,R002,Inbound,Closed Lost,12000.0,2024-07-30,2024-08-17,2024-Q3,false,true
O01752,A0423,R020,Inbound,Closed Lost,199600.0,2025-01-19,2025-07-04,2025-Q3,false,true
O01753,A0017,R017,Partner,Closed Lost,224000.0,2025-03-21,2025-07-26,2025-Q3,false,true
O01754,A0144,R020,Referral,Closed Lost,125500.0,2025-02-09,2025-07-11,2025-Q3,false,true
O01755,A0259,R018,Inbound,Closed Lost,13700.0,2025-02-12,2025-03-27,2025-Q1,false,true
O01756,A0134,R015,Referral,Closed Lost,17200.0,2024-02-22,2024-03-22,2024-Q1,false,true
O01757,A0303,R012,Partner,Closed Lost,10000.0,2024-02-24,2024-03-31,2024-Q1,false,true
O01758,A0444,R005,Outbound,Closed Lost,8300.0,2025-09-04,2025-10-06,2025-Q4,false,true
O01759,A0491,R005,Inbound,Closed Lost,5900.0,2024-12-26,2025-01-30,2025-Q1,false,true
O01760,A0104,R008,Partner,Closed Lost,3900.0,2025-07-29,2025-08-29,2025-Q3,false,true
O01761,A0381,R002,Outbound,Closed Lost,8000.0,2025-04-04,2025-05-13,2025-Q2,false,true
O01762,A0335,R007,Event,Closed Lost,67700.0,2025-01-11,2025-03-03,2025-Q1,false,true
O01763,A0500,R013,Partner,Closed Lost,59300.0,2025-06-10,2025-07-29,2025-Q3,false,true
O01764,A0519,R005,Partner,Closed Lost,8000.0,2024-06-06,2024-07-14,2024-Q3,false,true
O01765,A0274,R008,Outbound,Closed Lost,4400.0,2024-05-25,2024-06-20,2024-Q2,false,true
O01766,A0043,R002,Outbound,Closed Won,17300.0,2024-11-06,2024-11-20,2024-Q4,true,true
O01767,A0428,R004,Inbound,Closed Lost,53200.0,2025-03-13,2025-07-06,2025-Q3,false,true
O01768,A0068,R004,Inbound,Closed Lost,63100.0,2024-02-08,2024-04-26,2024-Q2,false,true
O01769,A0170,R020,Outbound,Closed Lost,294200.0,2024-04-26,2024-08-14,2024-Q3,false,true
O01770,A0382,R018,Event,Closed Lost,11400.0,2024-09-21,2024-11-10,2024-Q4,false,true
O01771,A0339,R024,Event,Closed Lost,10900.0,2025-11-11,2025-12-15,2025-Q4,false,true
O01772,A0533,R024,Event,Closed Won,14700.0,2024-10-12,2024-12-03,2024-Q4,true,true
O01773,A0445,R020,Referral,Closed Lost,380800.0,2024-10-05,2025-03-28,2025-Q1,false,true
O01774,A0415,R002,Event,Closed Won,15000.0,2025-08-28,2025-09-30,2025-Q3,true,true
O01775,A0569,R009,Inbound,Closed Won,10000.0,2024-08-12,2024-09-10,2024-Q3,true,true
O01776,A0556,R016,Inbound,Closed Lost,64000.0,2025-01-06,2025-04-13,2025-Q2,false,true
O01777,A0084,R009,Inbound,Closed Lost,10200.0,2024-06-15,2024-08-07,2024-Q3,false,true
O01778,A0322,R017,Outbound,Closed Won,340800.0,2025-03-22,2025-10-01,2025-Q4,true,true
O01779,A0032,R012,Referral,Closed Lost,7600.0,2025-01-14,2025-02-04,2025-Q1,false,true
O01780,A0406,R019,Inbound,Closed Won,44700.0,2024-08-07,2024-11-11,2024-Q4,true,true
O01781,A0169,R012,Inbound,Closed Lost,7900.0,2024-06-12,2024-08-03,2024-Q3,false,true
O01782,A0085,R005,Inbound,Closed Lost,11100.0,2024-01-09,2024-02-01,2024-Q1,false,true
O01783,A0156,R002,Referral,Closed Won,5700.0,2024-01-03,2024-02-16,2024-Q1,true,true
O01784,A0376,R023,Inbound,Closed Won,23400.0,2024-12-31,2025-04-28,2025-Q2,true,true
O01785,A0103,R017,Event,Closed Lost,396200.0,2025-08-19,2025-12-08,2025-Q4,false,true
O01786,A0197,R004,Outbound,Closed Lost,24700.0,2025-02-04,2025-05-22,2025-Q2,false,true
O01787,A0539,R017,Inbound,Closed Lost,124400.0,2025-09-19,2026-02-28,2026-Q1,false,true
O01788,A0528,R017,Event,Closed Won,300500.0,2025-05-23,2025-10-17,2025-Q4,true,true
O01789,A0167,R020,Partner,Closed Lost,384500.0,2025-04-08,2025-10-06,2025-Q4,false,true
O01790,A0411,R013,Outbound,Closed Won,59300.0,2024-08-28,2024-11-20,2024-Q4,true,true
O01791,A0159,R002,Inbound,Closed Won,11800.0,2024-03-22,2024-04-08,2024-Q2,true,true
O01792,A0460,R008,Partner,Closed Lost,4100.0,2024-06-01,2024-07-31,2024-Q3,false,true
O01793,A0594,R009,Partner,Closed Lost,9100.0,2025-05-08,2025-06-18,2025-Q2,false,true
O01794,A0566,R022,Inbound,Closed Lost,6100.0,2024-11-05,2025-01-03,2025-Q1,false,true
O01795,A0161,R015,Event,Closed Won,4000.0,2024-07-15,2024-08-20,2024-Q3,true,true
O01796,A0259,R015,Event,Closed Lost,10000.0,2024-07-10,2024-08-24,2024-Q3,false,true
O01797,A0332,R020,Partner,Closed Lost,318500.0,2024-05-16,2024-11-05,2024-Q4,false,true
O01798,A0581,R008,Outbound,Closed Lost,17300.0,2024-01-08,2024-02-01,2024-Q1,false,true
O01799,A0343,R008,Referral,Closed Lost,6600.0,2024-02-13,2024-03-06,2024-Q1,false,true
O01800,A0208,R008,Partner,Closed Lost,14600.0,2025-03-03,2025-03-19,2025-Q1,false,true
O01801,A0382,R012,Outbound,Closed Lost,10200.0,2024-01-03,2024-01-23,2024-Q1,false,true
O01802,A0217,R008,Outbound,Closed Lost,12900.0,2024-12-06,2025-02-01,2025-Q1,false,true
O01803,A0544,R013,Outbound,Closed Lost,56000.0,2025-06-25,2025-10-23,2025-Q4,false,true
O01804,A0041,R018,Outbound,Closed Lost,7400.0,2025-08-28,2025-10-16,2025-Q4,false,true
O01805,A0292,R012,Inbound,Closed Lost,11800.0,2024-01-19,2024-02-28,2024-Q1,false,true
O01806,A0428,R014,Outbound,Closed Lost,32300.0,2025-09-15,2026-01-11,2026-Q1,false,true
O01807,A0308,R024,Outbound,Closed Lost,13000.0,2024-02-09,2024-03-08,2024-Q1,false,true
O01808,A0005,R017,Outbound,Closed Lost,384600.0,2024-02-11,2024-07-06,2024-Q3,false,true
O01809,A0441,R002,Referral,Closed Lost,11000.0,2024-03-18,2024-04-18,2024-Q2,false,true
O01810,A0017,R020,Outbound,Closed Lost,238900.0,2025-09-06,2025-12-18,2025-Q4,false,true
O01811,A0119,R009,Partner,Closed Won,13900.0,2025-02-02,2025-03-23,2025-Q1,true,true
O01812,A0015,R024,Outbound,Closed Won,7900.0,2025-03-15,2025-04-03,2025-Q2,true,true
O01813,A0102,R008,Outbound,Closed Lost,12900.0,2024-09-21,2024-10-15,2024-Q4,false,true
O01814,A0437,R017,Inbound,Closed Lost,111200.0,2024-06-16,2024-12-15,2024-Q4,false,true
O01815,A0556,R016,Inbound,Closed Won,22700.0,2025-10-16,2025-12-08,2025-Q4,true,true
O01816,A0004,R009,Outbound,Closed Won,17500.0,2024-03-08,2024-04-08,2024-Q2,true,true
O01817,A0125,R021,Outbound,Closed Lost,10700.0,2025-07-01,2025-08-13,2025-Q3,false,true
O01818,A0086,R012,Outbound,Closed Lost,5600.0,2024-04-04,2024-05-10,2024-Q2,false,true
O01819,A0257,R002,Outbound,Closed Won,17900.0,2025-09-27,2025-10-16,2025-Q4,true,true
O01820,A0535,R021,Outbound,Closed Lost,17900.0,2024-07-17,2024-08-30,2024-Q3,false,true
O01821,A0349,R015,Outbound,Closed Lost,15100.0,2025-03-18,2025-04-07,2025-Q2,false,true
O01822,A0172,R006,Inbound,Negotiation,66000.0,2025-09-27,,2025-Q3,,false
O01823,A0507,R021,Event,Closed Lost,7800.0,2025-04-13,2025-05-21,2025-Q2,false,true
O01824,A0038,R020,Partner,Closed Won,262700.0,2024-07-11,2024-10-09,2024-Q4,true,true
O01825,A0382,R024,Inbound,Closed Won,14200.0,2024-12-12,2025-01-21,2025-Q1,true,true
O01826,A0475,R005,Inbound,Closed Lost,11900.0,2024-05-17,2024-06-06,2024-Q2,false,true
O01827,A0140,R018,Outbound,Closed Lost,17900.0,2025-05-21,2025-07-09,2025-Q3,false,true
O01828,A0034,R023,Inbound,Closed Lost,37300.0,2024-11-20,2025-02-04,2025-Q1,false,true
O01829,A0110,R002,Inbound,Closed Won,17500.0,2024-11-03,2024-12-29,2024-Q4,true,true
O01830,A0389,R004,Referral,Closed Lost,70700.0,2024-10-14,2025-01-10,2025-Q1,false,true
O01831,A0373,R005,Inbound,Closed Lost,14100.0,2025-05-25,2025-06-27,2025-Q2,false,true
O01832,A0292,R012,Outbound,Closed Won,4400.0,2024-07-08,2024-09-05,2024-Q3,true,true
O01833,A0103,R020,Inbound,Closed Lost,391900.0,2024-04-26,2024-08-18,2024-Q3,false,true
O01834,A0127,R008,Inbound,Closed Won,11700.0,2025-08-13,2025-09-09,2025-Q3,true,true
O01835,A0319,R021,Outbound,Closed Lost,15200.0,2025-07-08,2025-07-27,2025-Q3,false,true
O01836,A0560,R011,Partner,Closed Lost,7500.0,2025-07-19,2025-09-13,2025-Q3,false,true
O01837,A0042,R020,Inbound,Closed Lost,290500.0,2025-03-06,2025-06-27,2025-Q2,false,true
O01838,A0071,R003,Outbound,Closed Lost,24600.0,2025-08-25,2025-10-09,2025-Q4,false,true
O01839,A0370,R015,Outbound,Closed Lost,7000.0,2025-07-08,2025-07-28,2025-Q3,false,true
O01840,A0254,R017,Partner,Closed Lost,139200.0,2024-12-08,2025-04-20,2025-Q2,false,true
O01841,A0107,R024,Inbound,Closed Lost,6300.0,2024-01-18,2024-03-02,2024-Q1,false,true
O01842,A0522,R009,Outbound,Closed Lost,13200.0,2025-02-21,2025-03-07,2025-Q1,false,true
O01843,A0193,R018,Partner,Closed Won,3900.0,2025-07-14,2025-08-12,2025-Q3,true,true
O01844,A0198,R020,Referral,Closed Lost,209400.0,2024-12-18,2025-04-21,2025-Q2,false,true
O01845,A0295,R007,Outbound,Closed Won,61800.0,2024-09-12,2024-11-11,2024-Q4,true,true
O01846,A0002,R017,Outbound,Closed Lost,319000.0,2025-02-19,2025-07-07,2025-Q3,false,true
O01847,A0595,R017,Partner,Closed Won,122400.0,2025-11-18,2026-04-20,2026-Q2,true,true
O01848,A0074,R024,Inbound,Closed Won,17500.0,2025-02-08,2025-03-02,2025-Q1,true,true
O01849,A0003,R024,Outbound,Closed Lost,4700.0,2024-08-03,2024-10-01,2024-Q4,false,true
O01850,A0350,R006,Inbound,Closed Lost,27100.0,2025-04-02,2025-06-04,2025-Q2,false,true
O01851,A0378,R012,Outbound,Closed Lost,12900.0,2025-02-24,2025-04-03,2025-Q2,false,true
O01852,A0207,R024,Partner,Closed Won,8800.0,2024-05-29,2024-06-25,2024-Q2,true,true
O01853,A0249,R018,Outbound,Closed Won,9600.0,2025-05-15,2025-06-15,2025-Q2,true,true
O01854,A0163,R002,Inbound,Closed Won,10900.0,2024-03-02,2024-04-14,2024-Q2,true,true
O01855,A0295,R004,Outbound,Closed Lost,29000.0,2024-10-17,2025-01-05,2025-Q1,false,true
O01856,A0543,R017,Inbound,Proposal,191300.0,2025-08-23,,2025-Q3,,false
O01857,A0489,R015,Inbound,Closed Lost,10200.0,2024-10-03,2024-10-27,2024-Q4,false,true
O01858,A0241,R023,Outbound,Closed Lost,31600.0,2025-05-12,2025-08-14,2025-Q3,false,true
O01859,A0149,R003,Inbound,Closed Lost,50400.0,2024-10-01,2025-01-01,2025-Q1,false,true
O01860,A0529,R020,Inbound,Closed Lost,100100.0,2025-02-17,2025-05-23,2025-Q2,false,true
O01861,A0290,R007,Referral,Closed Lost,71100.0,2024-09-07,2025-01-01,2025-Q1,false,true
O01862,A0188,R024,Inbound,Closed Lost,3100.0,2025-05-23,2025-07-09,2025-Q3,false,true
O01863,A0568,R020,Event,Qualification,80500.0,2025-08-04,,2025-Q3,,false
O01864,A0258,R020,Outbound,Closed Lost,281200.0,2025-08-23,2026-01-11,2026-Q1,false,true
O01865,A0366,R003,Inbound,Closed Lost,56700.0,2025-01-24,2025-05-09,2025-Q2,false,true
O01866,A0345,R020,Outbound,Closed Lost,250400.0,2025-04-27,2025-09-25,2025-Q3,false,true
O01867,A0576,R017,Outbound,Closed Won,260900.0,2024-03-19,2024-07-13,2024-Q3,true,true
O01868,A0045,R006,Inbound,Closed Lost,51200.0,2025-04-23,2025-07-29,2025-Q3,false,true
O01869,A0562,R014,Inbound,Closed Won,63800.0,2024-05-18,2024-07-30,2024-Q3,true,true
O01870,A0263,R002,Outbound,Closed Won,4800.0,2025-08-24,2025-10-03,2025-Q4,true,true
O01871,A0461,R006,Inbound,Closed Lost,75300.0,2024-04-05,2024-07-02,2024-Q3,false,true
O01872,A0257,R022,Outbound,Closed Won,17100.0,2025-07-03,2025-08-26,2025-Q3,true,true
O01873,A0284,R016,Referral,Closed Lost,75400.0,2024-06-20,2024-08-04,2024-Q3,false,true
O01874,A0422,R012,Outbound,Closed Won,10600.0,2024-04-12,2024-05-01,2024-Q2,true,true
O01875,A0001,R015,Inbound,Closed Lost,14300.0,2024-12-23,2025-01-28,2025-Q1,false,true
O01876,A0100,R023,Event,Closed Won,59400.0,2025-08-08,2025-09-24,2025-Q3,true,true
O01877,A0240,R002,Inbound,Closed Won,15400.0,2024-07-02,2024-07-28,2024-Q3,true,true
O01878,A0063,R024,Partner,Closed Won,12300.0,2025-04-05,2025-05-03,2025-Q2,true,true
O01879,A0210,R010,Event,Closed Lost,69800.0,2025-10-04,2025-12-26,2025-Q4,false,true
O01880,A0163,R018,Inbound,Closed Won,5600.0,2025-01-22,2025-02-05,2025-Q1,true,true
O01881,A0431,R003,Inbound,Closed Won,31100.0,2024-03-27,2024-05-31,2024-Q2,true,true
O01882,A0235,R008,Partner,Closed Lost,10800.0,2024-09-29,2024-11-27,2024-Q4,false,true
O01883,A0600,R012,Partner,Closed Lost,15400.0,2025-04-08,2025-05-02,2025-Q2,false,true
O01884,A0221,R018,Inbound,Closed Lost,12200.0,2025-03-11,2025-04-05,2025-Q2,false,true
O01885,A0267,R022,Inbound,Closed Lost,15000.0,2024-08-07,2024-10-06,2024-Q4,false,true
O01886,A0303,R015,Inbound,Closed Lost,16900.0,2025-07-02,2025-08-14,2025-Q3,false,true
O01887,A0130,R002,Outbound,Closed Lost,11000.0,2024-08-23,2024-10-20,2024-Q4,false,true
O01888,A0405,R024,Outbound,Closed Won,14100.0,2025-08-17,2025-10-15,2025-Q4,true,true
O01889,A0552,R006,Outbound,Closed Lost,74300.0,2024-05-09,2024-07-23,2024-Q3,false,true
O01890,A0076,R009,Inbound,Closed Lost,4300.0,2025-07-05,2025-08-23,2025-Q3,false,true
O01891,A0268,R010,Outbound,Closed Won,69300.0,2025-07-16,2025-09-16,2025-Q3,true,true
O01892,A0211,R004,Inbound,Closed Lost,50100.0,2024-08-13,2024-10-08,2024-Q4,false,true
O01893,A0560,R005,Event,Closed Won,5500.0,2024-11-25,2025-01-07,2025-Q1,true,true
O01894,A0031,R001,Event,Closed Lost,66100.0,2024-01-12,2024-02-29,2024-Q1,false,true
O01895,A0032,R005,Outbound,Closed Lost,14400.0,2024-11-26,2024-12-20,2024-Q4,false,true
O01896,A0085,R009,Partner,Closed Lost,9600.0,2025-05-07,2025-05-27,2025-Q2,false,true
O01897,A0059,R024,Inbound,Closed Lost,13800.0,2025-09-11,2025-09-26,2025-Q3,false,true
O01898,A0118,R021,Inbound,Closed Won,14300.0,2025-10-23,2025-11-24,2025-Q4,true,true
O01899,A0152,R022,Event,Closed Won,11100.0,2025-11-15,2026-01-04,2026-Q1,true,true
O01900,A0155,R004,Outbound,Closed Won,56500.0,2024-10-22,2025-02-08,2025-Q1,true,true
O01901,A0042,R020,Partner,Closed Won,94100.0,2025-04-23,2025-07-28,2025-Q3,true,true
O01902,A0252,R015,Outbound,Closed Lost,8100.0,2024-12-19,2025-02-11,2025-Q1,false,true
O01903,A0543,R017,Inbound,Closed Lost,260200.0,2025-02-18,2025-08-23,2025-Q3,false,true
O01904,A0276,R016,Inbound,Closed Won,40900.0,2024-08-21,2024-11-15,2024-Q4,true,true
O01905,A0175,R019,Outbound,Closed Won,52300.0,2025-01-19,2025-03-10,2025-Q1,true,true
O01906,A0417,R006,Outbound,Closed Lost,55300.0,2024-09-03,2024-12-09,2024-Q4,false,true
O01907,A0364,R001,Inbound,Prospecting,29500.0,2025-10-01,,2025-Q4,,false
O01908,A0402,R007,Partner,Closed Lost,73200.0,2025-06-25,2025-08-24,2025-Q3,false,true
O01909,A0268,R023,Event,Closed Lost,51900.0,2024-09-21,2024-11-27,2024-Q4,false,true
O01910,A0255,R021,Partner,Closed Won,13800.0,2024-07-17,2024-08-24,2024-Q3,true,true
O01911,A0410,R011,Outbound,Closed Won,13100.0,2024-09-05,2024-09-28,2024-Q3,true,true
O01912,A0303,R008,Inbound,Closed Lost,12700.0,2025-06-18,2025-08-07,2025-Q3,false,true
O01913,A0305,R008,Inbound,Closed Lost,16200.0,2024-01-22,2024-02-20,2024-Q1,false,true
O01914,A0542,R015,Inbound,Closed Lost,7600.0,2024-08-07,2024-08-27,2024-Q3,false,true
O01915,A0042,R020,Outbound,Closed Lost,130100.0,2024-10-25,2025-05-02,2025-Q2,false,true
O01916,A0298,R002,Outbound,Closed Lost,14800.0,2024-07-10,2024-08-18,2024-Q3,false,true
O01917,A0557,R017,Inbound,Closed Lost,386900.0,2024-10-27,2025-03-15,2025-Q1,false,true
O01918,A0087,R018,Inbound,Closed Won,9200.0,2025-01-21,2025-02-23,2025-Q1,true,true
O01919,A0590,R021,Outbound,Closed Lost,14600.0,2025-06-01,2025-06-16,2025-Q2,false,true
O01920,A0570,R016,Partner,Closed Lost,69500.0,2025-06-15,2025-08-21,2025-Q3,false,true
O01921,A0138,R014,Inbound,Closed Lost,59800.0,2025-09-16,2025-11-07,2025-Q4,false,true
O01922,A0059,R011,Event,Closed Won,16700.0,2024-09-01,2024-09-28,2024-Q3,true,true
O01923,A0364,R006,Inbound,Closed Lost,54400.0,2025-06-22,2025-09-07,2025-Q3,false,true
O01924,A0228,R008,Outbound,Closed Lost,4400.0,2024-04-14,2024-05-03,2024-Q2,false,true
O01925,A0127,R021,Inbound,Closed Won,17600.0,2024-02-19,2024-04-11,2024-Q2,true,true
O01926,A0203,R018,Inbound,Closed Lost,9100.0,2024-08-09,2024-08-31,2024-Q3,false,true
O01927,A0417,R001,Outbound,Closed Lost,74900.0,2024-03-19,2024-05-13,2024-Q2,false,true
O01928,A0336,R015,Event,Closed Lost,17400.0,2024-04-07,2024-05-20,2024-Q2,false,true
O01929,A0538,R002,Event,Closed Won,6100.0,2024-01-11,2024-02-05,2024-Q1,true,true
O01930,A0110,R012,Outbound,Closed Lost,11200.0,2025-02-28,2025-03-21,2025-Q1,false,true
O01931,A0014,R009,Inbound,Closed Lost,10100.0,2025-01-21,2025-02-25,2025-Q1,false,true
O01932,A0291,R022,Event,Closed Lost,16600.0,2024-05-02,2024-07-01,2024-Q3,false,true
O01933,A0219,R013,Inbound,Closed Won,26300.0,2025-01-11,2025-04-10,2025-Q2,true,true
O01934,A0073,R005,Outbound,Closed Won,14600.0,2025-06-22,2025-08-15,2025-Q3,true,true
O01935,A0232,R006,Outbound,Closed Lost,47600.0,2025-02-10,2025-06-02,2025-Q2,false,true
O01936,A0418,R009,Outbound,Closed Won,5400.0,2024-06-23,2024-08-22,2024-Q3,true,true
O01937,A0152,R005,Inbound,Closed Lost,7100.0,2024-09-02,2024-10-14,2024-Q4,false,true
O01938,A0262,R002,Partner,Closed Lost,10800.0,2024-10-28,2024-11-19,2024-Q4,false,true
O01939,A0376,R023,Outbound,Closed Lost,32700.0,2024-01-22,2024-04-19,2024-Q2,false,true
O01940,A0048,R016,Event,Closed Lost,64300.0,2024-04-08,2024-06-06,2024-Q2,false,true
O01941,A0044,R009,Outbound,Closed Lost,16300.0,2024-02-26,2024-04-13,2024-Q2,false,true
O01942,A0091,R002,Referral,Closed Won,13300.0,2025-01-30,2025-02-22,2025-Q1,true,true
O01943,A0218,R005,Inbound,Closed Lost,6800.0,2024-06-28,2024-07-25,2024-Q3,false,true
O01944,A0441,R021,Partner,Closed Won,9500.0,2025-07-17,2025-08-11,2025-Q3,true,true
O01945,A0497,R015,Referral,Closed Lost,16500.0,2025-07-28,2025-09-21,2025-Q3,false,true
O01946,A0271,R011,Inbound,Closed Lost,6600.0,2024-02-11,2024-03-03,2024-Q1,false,true
O01947,A0541,R018,Partner,Closed Lost,7500.0,2024-07-17,2024-08-21,2024-Q3,false,true
O01948,A0564,R016,Outbound,Closed Won,20900.0,2024-05-19,2024-08-24,2024-Q3,true,true
O01949,A0128,R017,Outbound,Closed Lost,224500.0,2024-04-14,2024-10-15,2024-Q4,false,true
O01950,A0049,R021,Inbound,Closed Won,11700.0,2025-01-12,2025-03-03,2025-Q1,true,true
O01951,A0588,R004,Inbound,Closed Lost,79500.0,2024-01-17,2024-04-28,2024-Q2,false,true
O01952,A0587,R022,Outbound,Closed Lost,14500.0,2025-10-02,2025-11-11,2025-Q4,false,true
O01953,A0304,R021,Partner,Closed Lost,14400.0,2025-10-19,2025-12-10,2025-Q4,false,true
O01954,A0468,R003,Outbound,Closed Lost,27000.0,2025-06-18,2025-09-08,2025-Q3,false,true
O01955,A0583,R006,Event,Closed Lost,53100.0,2024-05-30,2024-08-25,2024-Q3,false,true
O01956,A0318,R022,Inbound,Closed Lost,17300.0,2025-09-25,2025-10-21,2025-Q4,false,true
O01957,A0229,R007,Referral,Closed Lost,43100.0,2024-05-24,2024-09-01,2024-Q3,false,true
O01958,A0418,R022,Inbound,Closed Lost,10100.0,2024-01-24,2024-03-13,2024-Q1,false,true
O01959,A0428,R001,Referral,Closed Won,28800.0,2025-10-19,2026-01-28,2026-Q1,true,true
O01960,A0234,R021,Referral,Closed Lost,7900.0,2025-09-13,2025-10-11,2025-Q4,false,true
O01961,A0250,R021,Event,Closed Lost,16500.0,2024-05-21,2024-07-16,2024-Q3,false,true
O01962,A0292,R002,Inbound,Closed Won,16300.0,2024-12-18,2025-01-27,2025-Q1,true,true
O01963,A0580,R020,Inbound,Closed Lost,255800.0,2024-12-15,2025-03-22,2025-Q1,false,true
O01964,A0368,R021,Outbound,Closed Won,9500.0,2025-11-23,2025-12-16,2025-Q4,true,true
O01965,A0388,R012,Inbound,Closed Lost,4100.0,2025-02-20,2025-04-15,2025-Q2,false,true
O01966,A0494,R013,Inbound,Closed Lost,65500.0,2024-04-10,2024-06-12,2024-Q2,false,true
O01967,A0345,R017,Inbound,Closed Lost,328700.0,2024-09-14,2025-01-31,2025-Q1,false,true
O01968,A0319,R021,Event,Closed Lost,16500.0,2024-10-05,2024-11-28,2024-Q4,false,true
O01969,A0169,R018,Outbound,Closed Lost,3100.0,2024-08-17,2024-08-31,2024-Q3,false,true
O01970,A0401,R015,Outbound,Closed Lost,4800.0,2024-03-05,2024-03-22,2024-Q1,false,true
O01971,A0207,R005,Event,Closed Lost,5900.0,2024-03-24,2024-05-19,2024-Q2,false,true
O01972,A0027,R002,Inbound,Closed Lost,10900.0,2024-03-08,2024-04-15,2024-Q2,false,true
O01973,A0301,R023,Outbound,Closed Lost,71200.0,2025-09-13,2025-11-06,2025-Q4,false,true
O01974,A0182,R017,Partner,Qualification,285500.0,2025-08-19,,2025-Q3,,false
O01975,A0277,R002,Inbound,Closed Won,9600.0,2025-05-22,2025-07-03,2025-Q3,true,true
O01976,A0460,R008,Outbound,Closed Lost,13100.0,2025-02-16,2025-03-28,2025-Q1,false,true
O01977,A0569,R005,Outbound,Closed Lost,12400.0,2025-05-18,2025-07-17,2025-Q3,false,true
O01978,A0049,R008,Event,Closed Won,17000.0,2025-08-01,2025-09-28,2025-Q3,true,true
O01979,A0024,R015,Inbound,Closed Won,11000.0,2025-06-20,2025-08-16,2025-Q3,true,true
O01980,A0208,R018,Inbound,Closed Lost,17100.0,2024-08-25,2024-09-13,2024-Q3,false,true
O01981,A0176,R017,Inbound,Closed Lost,114800.0,2024-12-19,2025-06-29,2025-Q2,false,true
O01982,A0011,R017,Outbound,Closed Won,105200.0,2024-06-17,2024-10-11,2024-Q4,true,true
O01983,A0225,R020,Outbound,Closed Lost,393500.0,2024-08-31,2025-04-09,2025-Q2,false,true
O01984,A0560,R022,Inbound,Closed Won,4800.0,2024-12-19,2025-01-26,2025-Q1,true,true
O01985,A0559,R011,Inbound,Closed Lost,11900.0,2024-11-10,2024-12-10,2024-Q4,false,true
O01986,A0593,R010,Inbound,Closed Lost,71600.0,2024-02-18,2024-04-21,2024-Q2,false,true
O01987,A0097,R015,Inbound,Closed Won,17900.0,2024-10-09,2024-11-10,2024-Q4,true,true
O01988,A0257,R005,Referral,Closed Lost,11000.0,2025-02-11,2025-03-27,2025-Q1,false,true
O01989,A0512,R024,Event,Closed Won,16700.0,2025-06-09,2025-07-03,2025-Q3,true,true
O01990,A0095,R018,Inbound,Closed Won,15400.0,2025-08-26,2025-10-13,2025-Q4,true,true
O01991,A0532,R013,Outbound,Closed Lost,51900.0,2024-06-24,2024-10-20,2024-Q4,false,true
O01992,A0449,R009,Event,Closed Lost,16100.0,2025-03-12,2025-04-09,2025-Q2,false,true
O01993,A0528,R017,Outbound,Closed Lost,210700.0,2025-07-10,2025-12-28,2025-Q4,false,true
O01994,A0024,R018,Partner,Closed Lost,13800.0,2025-08-25,2025-10-12,2025-Q4,false,true
O01995,A0122,R018,Outbound,Closed Lost,3900.0,2025-05-04,2025-07-01,2025-Q3,false,true
O01996,A0415,R021,Outbound,Closed Won,8500.0,2024-05-30,2024-06-13,2024-Q2,true,true
O01997,A0087,R024,Partner,Closed Lost,6400.0,2024-06-24,2024-07-19,2024-Q3,false,true
O01998,A0089,R020,Referral,Closed Lost,84700.0,2025-11-26,2026-05-28,2026-Q2,false,true
O01999,A0272,R020,Event,Closed Lost,314400.0,2025-08-06,2025-12-12,2025-Q4,false,true
O02000,A0179,R005,Outbound,Closed Lost,7900.0,2025-08-07,2025-08-29,2025-Q3,false,true
O02001,A0041,R021,Outbound,Closed Won,14600.0,2025-08-27,2025-10-14,2025-Q4,true,true
O02002,A0555,R011,Referral,Closed Won,17300.0,2025-07-13,2025-07-28,2025-Q3,true,true
O02003,A0339,R002,Outbound,Closed Lost,13900.0,2025-09-11,2025-11-08,2025-Q4,false,true
O02004,A0257,R021,Inbound,Closed Lost,4900.0,2024-10-25,2024-12-19,2024-Q4,false,true
O02005,A0525,R021,Outbound,Closed Won,12700.0,2025-10-06,2025-10-24,2025-Q4,true,true
O02006,A0559,R021,Outbound,Closed Lost,13400.0,2025-04-13,2025-04-29,2025-Q2,false,true
O02007,A0184,R006,Outbound,Closed Lost,45700.0,2025-07-11,2025-10-15,2025-Q4,false,true
O02008,A0192,R001,Inbound,Closed Lost,35000.0,2025-09-22,2026-01-02,2026-Q1,false,true
O02009,A0473,R018,Event,Closed Lost,10400.0,2025-09-17,2025-11-04,2025-Q4,false,true
O02010,A0589,R015,Event,Closed Won,13800.0,2025-06-01,2025-07-16,2025-Q3,true,true
O02011,A0328,R021,Event,Closed Lost,10400.0,2025-08-13,2025-09-08,2025-Q3,false,true
O02012,A0545,R012,Event,Closed Lost,3000.0,2025-11-28,2026-01-14,2026-Q1,false,true
O02013,A0378,R002,Partner,Closed Lost,13000.0,2024-10-02,2024-10-17,2024-Q4,false,true
O02014,A0400,R020,Inbound,Prospecting,299400.0,2025-09-26,,2025-Q3,,false
O02015,A0555,R008,Outbound,Closed Won,7000.0,2024-12-16,2025-01-22,2025-Q1,true,true
O02016,A0472,R019,Outbound,Closed Lost,26700.0,2025-02-07,2025-04-18,2025-Q2,false,true
O02017,A0191,R024,Partner,Closed Lost,17300.0,2024-09-09,2024-11-02,2024-Q4,false,true
O02018,A0276,R013,Outbound,Closed Lost,51900.0,2024-08-15,2024-10-23,2024-Q4,false,true
O02019,A0106,R012,Referral,Closed Lost,6900.0,2025-02-18,2025-03-14,2025-Q1,false,true
O02020,A0192,R016,Outbound,Closed Lost,29000.0,2024-12-11,2025-03-27,2025-Q1,false,true
O02021,A0590,R008,Outbound,Closed Lost,6300.0,2025-02-17,2025-04-09,2025-Q2,false,true
O02022,A0379,R005,Outbound,Closed Lost,4600.0,2024-08-16,2024-10-01,2024-Q4,false,true
O02023,A0027,R024,Event,Closed Lost,6900.0,2025-05-16,2025-07-02,2025-Q3,false,true
O02024,A0333,R002,Inbound,Closed Lost,14300.0,2025-09-16,2025-10-20,2025-Q4,false,true
O02025,A0268,R006,Event,Closed Lost,37000.0,2024-01-08,2024-03-17,2024-Q1,false,true
O02026,A0525,R022,Inbound,Closed Lost,16700.0,2024-03-17,2024-04-07,2024-Q2,false,true
O02027,A0204,R020,Inbound,Closed Won,166100.0,2025-08-18,2026-01-15,2026-Q1,true,true
O02028,A0315,R003,Inbound,Closed Lost,46100.0,2024-11-29,2025-02-19,2025-Q1,false,true
O02029,A0110,R009,Outbound,Closed Won,12300.0,2024-06-26,2024-08-02,2024-Q3,true,true
O02030,A0538,R005,Inbound,Closed Won,9700.0,2024-08-31,2024-10-11,2024-Q4,true,true
O02031,A0273,R008,Inbound,Closed Lost,7300.0,2025-10-20,2025-11-09,2025-Q4,false,true
O02032,A0363,R008,Inbound,Closed Lost,12200.0,2025-04-12,2025-05-20,2025-Q2,false,true
O02033,A0537,R014,Partner,Closed Lost,55500.0,2025-07-28,2025-09-18,2025-Q3,false,true
O02034,A0007,R011,Outbound,Closed Lost,6500.0,2025-01-04,2025-01-26,2025-Q1,false,true
O02035,A0357,R013,Referral,Closed Lost,76000.0,2024-06-15,2024-08-16,2024-Q3,false,true
O02036,A0439,R020,Outbound,Closed Lost,356500.0,2024-02-29,2024-08-20,2024-Q3,false,true
O02037,A0461,R016,Outbound,Closed Won,36500.0,2025-03-28,2025-06-16,2025-Q2,true,true
O02038,A0346,R021,Partner,Closed Lost,7200.0,2024-12-11,2025-02-05,2025-Q1,false,true
O02039,A0433,R012,Outbound,Closed Won,15600.0,2024-11-20,2025-01-18,2025-Q1,true,true
O02040,A0312,R017,Referral,Closed Won,395300.0,2024-03-25,2024-10-10,2024-Q4,true,true
O02041,A0007,R002,Inbound,Closed Lost,15000.0,2024-02-13,2024-03-07,2024-Q1,false,true
O02042,A0238,R005,Referral,Closed Lost,12600.0,2024-08-30,2024-09-21,2024-Q3,false,true
O02043,A0119,R012,Outbound,Closed Lost,6100.0,2024-11-20,2024-12-08,2024-Q4,false,true
O02044,A0535,R009,Partner,Closed Lost,9400.0,2025-10-10,2025-12-03,2025-Q4,false,true
O02045,A0291,R011,Outbound,Closed Lost,10900.0,2024-10-18,2024-12-04,2024-Q4,false,true
O02046,A0503,R008,Outbound,Closed Won,17900.0,2025-05-26,2025-07-23,2025-Q3,true,true
O02047,A0452,R011,Outbound,Closed Won,5200.0,2025-10-20,2025-11-29,2025-Q4,true,true
O02048,A0528,R017,Outbound,Closed Lost,146900.0,2025-01-12,2025-06-24,2025-Q2,false,true
O02049,A0178,R017,Outbound,Closed Won,347600.0,2024-05-16,2024-10-01,2024-Q4,true,true
O02050,A0008,R023,Event,Closed Lost,21700.0,2024-11-08,2025-01-03,2025-Q1,false,true
O02051,A0533,R009,Outbound,Closed Won,10300.0,2025-03-01,2025-03-31,2025-Q1,true,true
O02052,A0354,R001,Partner,Closed Lost,65500.0,2025-06-29,2025-09-03,2025-Q3,false,true
O02053,A0467,R004,Partner,Closed Lost,47800.0,2024-07-04,2024-10-01,2024-Q4,false,true
O02054,A0372,R020,Referral,Closed Lost,201300.0,2025-05-10,2025-09-11,2025-Q3,false,true
O02055,A0334,R008,Partner,Closed Lost,10700.0,2025-09-25,2025-10-14,2025-Q4,false,true
O02056,A0465,R015,Partner,Negotiation,6600.0,2025-11-04,,2025-Q4,,false
O02057,A0124,R023,Inbound,Closed Lost,21900.0,2025-04-25,2025-07-01,2025-Q3,false,true
O02058,A0223,R022,Inbound,Closed Lost,17500.0,2025-11-02,2025-12-23,2025-Q4,false,true
O02059,A0177,R008,Outbound,Closed Won,16600.0,2025-08-13,2025-10-02,2025-Q4,true,true
O02060,A0176,R017,Partner,Closed Lost,290300.0,2025-03-13,2025-09-02,2025-Q3,false,true
O02061,A0242,R016,Partner,Closed Won,32700.0,2025-07-17,2025-09-18,2025-Q3,true,true
O02062,A0251,R019,Inbound,Closed Lost,37900.0,2025-07-07,2025-09-16,2025-Q3,false,true
O02063,A0126,R020,Inbound,Proposal,315900.0,2025-10-22,,2025-Q4,,false
O02064,A0021,R022,Referral,Closed Lost,16000.0,2024-12-06,2025-01-05,2025-Q1,false,true
O02065,A0511,R022,Event,Closed Lost,16400.0,2024-04-29,2024-05-24,2024-Q2,false,true
O02066,A0597,R018,Inbound,Closed Lost,11600.0,2024-01-03,2024-01-28,2024-Q1,false,true
O02067,A0340,R009,Outbound,Prospecting,10000.0,2025-11-13,,2025-Q4,,false
O02068,A0335,R004,Inbound,Closed Lost,76600.0,2025-08-16,2025-12-10,2025-Q4,false,true
O02069,A0029,R024,Event,Closed Lost,14900.0,2024-04-10,2024-05-02,2024-Q2,false,true
O02070,A0056,R017,Outbound,Closed Lost,362700.0,2024-06-26,2024-10-03,2024-Q4,false,true
O02071,A0477,R016,Partner,Closed Lost,71500.0,2025-05-30,2025-09-16,2025-Q3,false,true
O02072,A0382,R024,Outbound,Closed Lost,5800.0,2025-06-10,2025-07-16,2025-Q3,false,true
O02073,A0063,R002,Referral,Closed Won,7200.0,2024-07-25,2024-08-09,2024-Q3,true,true
O02074,A0084,R022,Event,Closed Won,4600.0,2025-08-10,2025-09-13,2025-Q3,true,true
O02075,A0167,R017,Outbound,Closed Won,87300.0,2025-08-07,2025-11-28,2025-Q4,true,true
O02076,A0357,R023,Partner,Closed Lost,36800.0,2024-01-25,2024-03-21,2024-Q1,false,true
O02077,A0524,R017,Referral,Closed Lost,371700.0,2024-02-28,2024-07-17,2024-Q3,false,true
O02078,A0085,R009,Inbound,Closed Lost,4400.0,2025-08-30,2025-10-14,2025-Q4,false,true
O02079,A0050,R023,Event,Closed Won,25200.0,2024-06-03,2024-08-06,2024-Q3,true,true
O02080,A0472,R013,Partner,Closed Lost,21300.0,2025-04-22,2025-06-23,2025-Q2,false,true
O02081,A0092,R003,Inbound,Closed Won,43000.0,2024-04-25,2024-07-27,2024-Q3,true,true
O02082,A0124,R019,Partner,Closed Lost,26400.0,2024-02-02,2024-05-14,2024-Q2,false,true
O02083,A0542,R018,Inbound,Closed Lost,16900.0,2024-09-11,2024-10-07,2024-Q4,false,true
O02084,A0301,R019,Inbound,Closed Won,41600.0,2024-07-16,2024-10-24,2024-Q4,true,true
O02085,A0184,R014,Inbound,Closed Won,66200.0,2025-10-28,2026-01-19,2026-Q1,true,true
O02086,A0103,R017,Partner,Closed Lost,332700.0,2024-10-18,2025-01-21,2025-Q1,false,true
O02087,A0144,R020,Inbound,Closed Lost,292800.0,2024-01-09,2024-09-02,2024-Q3,false,true
O02088,A0294,R015,Partner,Closed Lost,15600.0,2024-05-11,2024-05-26,2024-Q2,false,true
O02089,A0376,R010,Inbound,Closed Lost,68200.0,2025-01-24,2025-03-18,2025-Q1,false,true
O02090,A0220,R024,Outbound,Closed Lost,8200.0,2025-08-05,2025-09-26,2025-Q3,false,true
O02091,A0018,R017,Outbound,Closed Lost,118000.0,2024-08-22,2025-03-16,2025-Q1,false,true
O02092,A0368,R021,Referral,Closed Won,8500.0,2024-11-30,2025-01-17,2025-Q1,true,true
O02093,A0218,R002,Inbound,Closed Lost,16300.0,2024-09-22,2024-10-10,2024-Q4,false,true
O02094,A0494,R001,Inbound,Closed Won,40400.0,2025-03-08,2025-05-07,2025-Q2,true,true
O02095,A0507,R011,Partner,Closed Won,12000.0,2024-03-02,2024-03-26,2024-Q1,true,true
O02096,A0088,R020,Event,Closed Won,211900.0,2025-03-12,2025-06-15,2025-Q2,true,true
O02097,A0544,R023,Inbound,Closed Lost,37800.0,2024-04-19,2024-07-16,2024-Q3,false,true
O02098,A0008,R006,Outbound,Closed Won,33500.0,2024-10-19,2024-12-07,2024-Q4,true,true
O02099,A0416,R018,Event,Closed Lost,9800.0,2025-07-31,2025-09-23,2025-Q3,false,true
O02100,A0067,R012,Outbound,Closed Lost,13200.0,2025-03-29,2025-05-19,2025-Q2,false,true
O02101,A0436,R008,Event,Closed Won,10200.0,2024-09-09,2024-10-09,2024-Q4,true,true
O02102,A0258,R020,Event,Closed Lost,115400.0,2025-03-20,2025-06-18,2025-Q2,false,true
O02103,A0527,R003,Event,Closed Lost,19700.0,2024-02-09,2024-04-20,2024-Q2,false,true
O02104,A0568,R017,Inbound,Closed Lost,207600.0,2024-04-12,2024-11-03,2024-Q4,false,true
O02105,A0166,R020,Event,Closed Lost,254200.0,2025-06-12,2025-09-20,2025-Q3,false,true
O02106,A0376,R014,Inbound,Closed Lost,54800.0,2024-04-19,2024-06-21,2024-Q2,false,true
O02107,A0351,R001,Outbound,Closed Won,30100.0,2025-04-19,2025-06-13,2025-Q2,true,true
O02108,A0253,R002,Inbound,Closed Won,6400.0,2025-04-18,2025-06-16,2025-Q2,true,true
O02109,A0295,R010,Outbound,Closed Won,48500.0,2025-06-27,2025-09-15,2025-Q3,true,true
O02110,A0117,R009,Outbound,Closed Won,11500.0,2024-01-26,2024-02-10,2024-Q1,true,true
O02111,A0541,R024,Inbound,Closed Lost,9400.0,2024-12-29,2025-02-09,2025-Q1,false,true
O02112,A0031,R006,Partner,Closed Won,18300.0,2024-05-03,2024-08-27,2024-Q3,true,true
O02113,A0206,R019,Outbound,Closed Lost,69000.0,2025-02-16,2025-04-22,2025-Q2,false,true
O02114,A0261,R015,Outbound,Closed Won,15300.0,2025-02-07,2025-03-20,2025-Q1,true,true
O02115,A0538,R009,Inbound,Closed Won,15800.0,2024-05-21,2024-07-18,2024-Q3,true,true
O02116,A0273,R015,Partner,Closed Lost,4500.0,2025-02-28,2025-04-10,2025-Q2,false,true
O02117,A0026,R005,Outbound,Closed Lost,9700.0,2024-04-29,2024-05-16,2024-Q2,false,true
O02118,A0259,R002,Event,Closed Won,6900.0,2024-01-21,2024-03-16,2024-Q1,true,true
O02119,A0566,R005,Inbound,Closed Lost,15900.0,2025-07-30,2025-09-26,2025-Q3,false,true
O02120,A0004,R012,Event,Closed Won,18000.0,2024-09-12,2024-11-07,2024-Q4,true,true
O02121,A0044,R011,Inbound,Closed Lost,10500.0,2025-09-17,2025-11-08,2025-Q4,false,true
O02122,A0509,R020,Inbound,Closed Lost,396700.0,2025-09-12,2026-04-25,2026-Q2,false,true
O02123,A0450,R023,Inbound,Closed Lost,41700.0,2024-05-03,2024-08-09,2024-Q3,false,true
O02124,A0421,R013,Inbound,Closed Lost,31400.0,2024-04-11,2024-06-14,2024-Q2,false,true
O02125,A0492,R022,Inbound,Closed Won,6500.0,2024-09-29,2024-10-28,2024-Q4,true,true
O02126,A0188,R009,Outbound,Closed Won,11900.0,2025-06-11,2025-08-06,2025-Q3,true,true
O02127,A0117,R022,Inbound,Closed Lost,4000.0,2025-04-01,2025-04-15,2025-Q2,false,true
O02128,A0442,R024,Outbound,Closed Won,6200.0,2024-05-22,2024-06-06,2024-Q2,true,true
O02129,A0554,R004,Partner,Closed Lost,43500.0,2024-04-18,2024-06-13,2024-Q2,false,true
O02130,A0029,R024,Outbound,Closed Lost,6900.0,2025-11-07,2025-12-31,2025-Q4,false,true
O02131,A0086,R009,Outbound,Closed Lost,13500.0,2025-01-13,2025-03-11,2025-Q1,false,true
O02132,A0517,R019,Outbound,Closed Won,73600.0,2025-04-04,2025-06-06,2025-Q2,true,true
O02133,A0023,R016,Outbound,Closed Lost,77800.0,2025-05-30,2025-09-27,2025-Q3,false,true
O02134,A0073,R021,Partner,Closed Won,7600.0,2025-02-12,2025-03-14,2025-Q1,true,true
O02135,A0463,R010,Referral,Closed Won,63700.0,2025-06-18,2025-10-06,2025-Q4,true,true
O02136,A0520,R012,Inbound,Closed Won,11100.0,2025-03-24,2025-04-07,2025-Q2,true,true
O02137,A0554,R001,Event,Closed Lost,37900.0,2025-03-04,2025-06-17,2025-Q2,false,true
O02138,A0185,R009,Inbound,Closed Lost,4300.0,2025-01-24,2025-03-15,2025-Q1,false,true
O02139,A0087,R008,Event,Closed Lost,13100.0,2025-06-07,2025-07-22,2025-Q3,false,true
O02140,A0434,R016,Outbound,Closed Lost,46700.0,2025-05-31,2025-08-03,2025-Q3,false,true
O02141,A0489,R024,Inbound,Closed Lost,7000.0,2025-10-12,2025-10-29,2025-Q4,false,true
O02142,A0121,R011,Inbound,Closed Lost,9400.0,2024-03-31,2024-05-21,2024-Q2,false,true
O02143,A0566,R024,Event,Closed Lost,10300.0,2024-09-11,2024-10-06,2024-Q4,false,true
O02144,A0567,R016,Event,Closed Lost,62800.0,2024-08-17,2024-11-12,2024-Q4,false,true
O02145,A0472,R019,Referral,Closed Lost,29300.0,2025-11-05,2026-02-08,2026-Q1,false,true
O02146,A0290,R019,Referral,Closed Lost,51900.0,2025-01-20,2025-04-24,2025-Q2,false,true
O02147,A0440,R001,Outbound,Closed Won,49700.0,2024-09-29,2025-01-09,2025-Q1,true,true
O02148,A0157,R021,Referral,Closed Won,8800.0,2024-12-12,2025-01-01,2025-Q1,true,true
O02149,A0594,R009,Inbound,Closed Lost,7100.0,2025-10-07,2025-11-16,2025-Q4,false,true
O02150,A0588,R006,Inbound,Closed Lost,42800.0,2024-09-29,2025-01-20,2025-Q1,false,true
O02151,A0043,R015,Referral,Closed Won,8900.0,2024-05-20,2024-06-19,2024-Q2,true,true
O02152,A0540,R018,Event,Closed Won,4000.0,2025-09-08,2025-10-28,2025-Q4,true,true
O02153,A0092,R007,Event,Closed Won,79900.0,2024-03-16,2024-05-27,2024-Q2,true,true
O02154,A0255,R012,Inbound,Closed Won,12600.0,2025-11-08,2025-12-30,2025-Q4,true,true
O02155,A0418,R005,Inbound,Closed Lost,10100.0,2024-08-26,2024-09-22,2024-Q3,false,true
O02156,A0192,R006,Outbound,Closed Lost,37900.0,2024-02-14,2024-05-01,2024-Q2,false,true
O02157,A0023,R004,Inbound,Closed Lost,64500.0,2025-01-03,2025-03-24,2025-Q1,false,true
O02158,A0100,R013,Inbound,Closed Lost,72100.0,2024-11-21,2025-01-09,2025-Q1,false,true
O02159,A0581,R015,Event,Closed Lost,10100.0,2025-02-15,2025-03-05,2025-Q1,false,true
O02160,A0067,R021,Partner,Closed Lost,6900.0,2024-05-09,2024-07-06,2024-Q3,false,true
O02161,A0043,R021,Event,Closed Lost,3000.0,2025-07-08,2025-09-06,2025-Q3,false,true
O02162,A0149,R003,Event,Closed Lost,45500.0,2024-10-05,2024-11-29,2024-Q4,false,true
O02163,A0108,R009,Outbound,Closed Lost,5800.0,2024-11-30,2025-01-22,2025-Q1,false,true
O02164,A0272,R020,Outbound,Closed Lost,277600.0,2025-09-23,2026-05-08,2026-Q2,false,true
O02165,A0563,R018,Event,Closed Won,8700.0,2024-11-15,2024-12-31,2024-Q4,true,true
O02166,A0093,R020,Partner,Closed Lost,163600.0,2024-12-14,2025-08-11,2025-Q3,false,true
O02167,A0114,R005,Inbound,Closed Lost,13800.0,2025-09-20,2025-10-12,2025-Q4,false,true
O02168,A0490,R010,Inbound,Closed Won,73100.0,2024-09-09,2024-12-11,2024-Q4,true,true
O02169,A0486,R005,Outbound,Closed Won,13900.0,2025-03-08,2025-05-04,2025-Q2,true,true
O02170,A0569,R015,Partner,Closed Lost,7700.0,2024-07-31,2024-09-09,2024-Q3,false,true
O02171,A0129,R003,Inbound,Closed Lost,34100.0,2025-06-11,2025-10-08,2025-Q4,false,true
O02172,A0498,R002,Inbound,Closed Lost,11900.0,2024-02-20,2024-03-06,2024-Q1,false,true
O02173,A0140,R011,Referral,Closed Won,6800.0,2025-06-27,2025-08-17,2025-Q3,true,true
O02174,A0385,R020,Inbound,Qualification,218000.0,2025-07-24,,2025-Q3,,false
O02175,A0319,R012,Outbound,Closed Lost,10400.0,2025-03-09,2025-04-15,2025-Q2,false,true
O02176,A0030,R022,Inbound,Closed Lost,14500.0,2025-04-06,2025-05-09,2025-Q2,false,true
O02177,A0519,R022,Outbound,Closed Lost,5000.0,2024-01-30,2024-03-11,2024-Q1,false,true
O02178,A0415,R015,Partner,Closed Lost,5800.0,2024-05-13,2024-07-06,2024-Q3,false,true
O02179,A0056,R017,Referral,Closed Lost,273200.0,2025-02-10,2025-08-04,2025-Q3,false,true
O02180,A0010,R024,Inbound,Closed Won,15800.0,2025-03-11,2025-04-04,2025-Q2,true,true
O02181,A0186,R014,Outbound,Closed Lost,61000.0,2025-03-14,2025-06-28,2025-Q2,false,true
O02182,A0324,R017,Partner,Closed Won,113200.0,2025-02-03,2025-05-11,2025-Q2,true,true
O02183,A0103,R017,Event,Closed Lost,340900.0,2025-01-16,2025-08-22,2025-Q3,false,true
O02184,A0398,R002,Outbound,Closed Lost,3200.0,2024-01-07,2024-02-24,2024-Q1,false,true
O02185,A0406,R014,Inbound,Closed Lost,25900.0,2025-05-21,2025-09-14,2025-Q3,false,true
O02186,A0367,R018,Outbound,Closed Lost,9700.0,2024-01-14,2024-02-14,2024-Q1,false,true
O02187,A0270,R017,Inbound,Closed Lost,104400.0,2025-10-15,2026-05-01,2026-Q2,false,true
O02188,A0542,R011,Partner,Closed Lost,8100.0,2024-08-22,2024-10-05,2024-Q4,false,true
O02189,A0396,R017,Inbound,Closed Lost,192100.0,2025-04-17,2025-12-04,2025-Q4,false,true
O02190,A0272,R017,Partner,Closed Lost,119500.0,2024-11-13,2025-03-15,2025-Q1,false,true
O02191,A0516,R020,Inbound,Closed Lost,335000.0,2024-09-16,2025-03-17,2025-Q1,false,true
O02192,A0033,R024,Partner,Closed Lost,7600.0,2025-03-15,2025-04-14,2025-Q2,false,true
O02193,A0347,R008,Inbound,Closed Lost,4700.0,2024-07-20,2024-08-07,2024-Q3,false,true
O02194,A0459,R007,Event,Closed Lost,60300.0,2025-07-04,2025-10-19,2025-Q4,false,true
O02195,A0087,R018,Inbound,Closed Won,14500.0,2025-03-24,2025-05-02,2025-Q2,true,true
O02196,A0171,R014,Outbound,Closed Lost,29900.0,2024-06-22,2024-08-09,2024-Q3,false,true
O02197,A0174,R005,Inbound,Closed Lost,13700.0,2025-05-01,2025-06-06,2025-Q2,false,true
O02198,A0069,R019,Partner,Closed Won,69300.0,2025-01-31,2025-04-17,2025-Q2,true,true
O02199,A0200,R002,Inbound,Closed Lost,17900.0,2025-01-30,2025-03-23,2025-Q1,false,true
O02200,A0559,R021,Event,Closed Won,12400.0,2024-05-28,2024-06-28,2024-Q2,true,true
O02201,A0313,R002,Outbound,Closed Lost,14800.0,2024-02-06,2024-04-04,2024-Q2,false,true
O02202,A0406,R014,Event,Closed Lost,35800.0,2025-04-30,2025-08-17,2025-Q3,false,true
O02203,A0354,R004,Outbound,Closed Lost,33800.0,2024-10-12,2024-12-28,2024-Q4,false,true
O02204,A0269,R013,Outbound,Closed Lost,31000.0,2024-02-24,2024-06-16,2024-Q2,false,true
O02205,A0068,R014,Inbound,Closed Lost,45900.0,2025-09-09,2025-11-20,2025-Q4,false,true
O02206,A0329,R017,Partner,Closed Lost,127100.0,2025-10-21,2026-02-19,2026-Q1,false,true
O02207,A0552,R013,Event,Closed Lost,53900.0,2025-09-29,2026-01-24,2026-Q1,false,true
O02208,A0063,R011,Outbound,Closed Won,11700.0,2024-11-18,2025-01-01,2025-Q1,true,true
O02209,A0281,R018,Event,Closed Won,6800.0,2025-11-28,2025-12-20,2025-Q4,true,true
O02210,A0554,R013,Event,Closed Lost,34600.0,2024-09-15,2024-11-21,2024-Q4,false,true
O02211,A0232,R019,Event,Closed Won,50300.0,2025-04-05,2025-06-09,2025-Q2,true,true
O02212,A0155,R003,Referral,Closed Lost,49000.0,2025-10-23,2026-02-15,2026-Q1,false,true
O02213,A0581,R009,Partner,Closed Lost,16000.0,2024-06-25,2024-08-11,2024-Q3,false,true
O02214,A0571,R009,Inbound,Closed Lost,4800.0,2024-06-20,2024-07-13,2024-Q3,false,true
O02215,A0236,R008,Outbound,Closed Lost,3900.0,2024-01-03,2024-01-18,2024-Q1,false,true
O02216,A0389,R003,Partner,Closed Lost,49500.0,2024-02-16,2024-04-04,2024-Q2,false,true
O02217,A0572,R024,Inbound,Closed Won,8800.0,2025-05-07,2025-07-05,2025-Q3,true,true
O02218,A0303,R009,Referral,Closed Won,15000.0,2025-01-16,2025-02-23,2025-Q1,true,true
O02219,A0241,R016,Inbound,Closed Lost,58300.0,2024-10-23,2025-01-16,2025-Q1,false,true
O02220,A0523,R001,Event,Closed Lost,44100.0,2025-05-09,2025-07-28,2025-Q3,false,true
O02221,A0142,R006,Inbound,Closed Lost,43300.0,2024-11-18,2025-02-10,2025-Q1,false,true
O02222,A0101,R002,Outbound,Closed Lost,14000.0,2024-01-04,2024-01-30,2024-Q1,false,true
O02223,A0414,R008,Inbound,Closed Won,15300.0,2024-01-04,2024-02-10,2024-Q1,true,true
O02224,A0389,R014,Outbound,Closed Lost,19200.0,2024-03-17,2024-06-12,2024-Q2,false,true
O02225,A0400,R020,Outbound,Closed Lost,103600.0,2024-10-02,2025-01-23,2025-Q1,false,true
O02226,A0380,R007,Referral,Closed Lost,61700.0,2024-03-29,2024-05-24,2024-Q2,false,true
O02227,A0289,R002,Event,Closed Lost,7900.0,2025-04-02,2025-05-20,2025-Q2,false,true
O02228,A0276,R019,Event,Closed Won,50400.0,2025-04-25,2025-06-14,2025-Q2,true,true
O02229,A0200,R015,Outbound,Closed Lost,6000.0,2025-03-05,2025-04-23,2025-Q2,false,true
O02230,A0582,R020,Outbound,Closed Lost,274200.0,2024-06-12,2024-12-18,2024-Q4,false,true
O02231,A0553,R020,Partner,Qualification,246400.0,2025-07-25,,2025-Q3,,false
O02232,A0497,R022,Outbound,Closed Lost,3500.0,2024-03-15,2024-04-21,2024-Q2,false,true
O02233,A0372,R020,Partner,Closed Lost,225400.0,2024-03-20,2024-11-10,2024-Q4,false,true
O02234,A0243,R008,Event,Closed Lost,5000.0,2024-01-23,2024-02-11,2024-Q1,false,true
O02235,A0368,R018,Inbound,Closed Lost,11700.0,2025-10-08,2025-11-24,2025-Q4,false,true
O02236,A0016,R011,Referral,Closed Lost,15800.0,2024-03-21,2024-05-09,2024-Q2,false,true
O02237,A0586,R020,Outbound,Closed Lost,330900.0,2024-05-22,2024-09-07,2024-Q3,false,true
O02238,A0121,R018,Partner,Closed Won,7400.0,2025-05-13,2025-06-25,2025-Q2,true,true
O02239,A0500,R007,Partner,Closed Won,66600.0,2025-01-29,2025-04-07,2025-Q2,true,true
O02240,A0565,R004,Referral,Closed Lost,55700.0,2024-10-14,2024-12-09,2024-Q4,false,true
O02241,A0447,R011,Inbound,Closed Lost,5100.0,2024-06-30,2024-07-24,2024-Q3,false,true
O02242,A0077,R014,Referral,Closed Lost,62700.0,2024-02-24,2024-05-12,2024-Q2,false,true
O02243,A0108,R021,Event,Closed Lost,7400.0,2024-12-20,2025-02-15,2025-Q1,false,true
O02244,A0327,R020,Inbound,Closed Lost,80900.0,2025-06-01,2025-10-01,2025-Q4,false,true
O02245,A0376,R014,Inbound,Closed Lost,19100.0,2024-01-01,2024-04-28,2024-Q2,false,true
O02246,A0409,R009,Inbound,Closed Won,7100.0,2024-12-16,2025-01-25,2025-Q1,true,true
O02247,A0140,R011,Outbound,Closed Lost,10500.0,2025-04-26,2025-05-21,2025-Q2,false,true
O02248,A0287,R001,Referral,Closed Lost,48100.0,2024-02-29,2024-04-25,2024-Q2,false,true
O02249,A0530,R017,Inbound,Closed Lost,309500.0,2024-06-13,2024-11-17,2024-Q4,false,true
O02250,A0430,R003,Outbound,Closed Lost,75300.0,2025-02-02,2025-05-27,2025-Q2,false,true
O02251,A0494,R003,Partner,Closed Lost,76500.0,2024-03-01,2024-05-29,2024-Q2,false,true
O02252,A0061,R005,Inbound,Closed Won,8600.0,2024-04-28,2024-06-17,2024-Q2,true,true
O02253,A0475,R005,Partner,Closed Lost,7700.0,2025-11-03,2025-11-22,2025-Q4,false,true
O02254,A0045,R010,Inbound,Closed Lost,21300.0,2024-08-20,2024-11-29,2024-Q4,false,true
O02255,A0034,R014,Inbound,Closed Lost,54800.0,2024-03-13,2024-06-21,2024-Q2,false,true
O02256,A0496,R011,Inbound,Closed Lost,16200.0,2025-10-31,2025-11-19,2025-Q4,false,true
O02257,A0336,R011,Outbound,Closed Lost,5100.0,2024-08-20,2024-10-14,2024-Q4,false,true
O02258,A0569,R022,Inbound,Closed Lost,8200.0,2024-08-06,2024-09-15,2024-Q3,false,true
O02259,A0484,R003,Outbound,Closed Lost,77500.0,2025-02-27,2025-04-24,2025-Q2,false,true
O02260,A0145,R020,Referral,Closed Won,339500.0,2024-07-26,2025-01-11,2025-Q1,true,true
O02261,A0073,R002,Outbound,Closed Lost,3700.0,2024-09-21,2024-10-26,2024-Q4,false,true
O02262,A0413,R006,Referral,Closed Lost,47000.0,2024-07-06,2024-08-28,2024-Q3,false,true
O02263,A0369,R018,Inbound,Closed Lost,14500.0,2024-09-19,2024-11-05,2024-Q4,false,true
O02264,A0156,R015,Outbound,Closed Won,9100.0,2025-06-26,2025-07-13,2025-Q3,true,true
O02265,A0040,R015,Partner,Closed Won,11800.0,2025-04-03,2025-04-29,2025-Q2,true,true
O02266,A0258,R020,Outbound,Proposal,142500.0,2025-07-08,,2025-Q3,,false
O02267,A0306,R020,Outbound,Closed Lost,95200.0,2024-05-21,2025-01-04,2025-Q1,false,true
O02268,A0455,R007,Outbound,Closed Lost,40300.0,2024-02-21,2024-05-26,2024-Q2,false,true
O02269,A0373,R015,Inbound,Closed Lost,11500.0,2024-06-12,2024-07-09,2024-Q3,false,true
O02270,A0035,R020,Inbound,Closed Lost,93600.0,2024-11-28,2025-03-25,2025-Q1,false,true
O02271,A0029,R024,Inbound,Closed Won,16300.0,2025-09-06,2025-09-26,2025-Q3,true,true
O02272,A0103,R020,Inbound,Closed Lost,110300.0,2025-06-03,2025-12-09,2025-Q4,false,true
O02273,A0337,R011,Inbound,Closed Lost,8800.0,2025-03-31,2025-05-27,2025-Q2,false,true
O02274,A0025,R015,Referral,Closed Won,16800.0,2025-09-27,2025-11-03,2025-Q4,true,true
O02275,A0275,R005,Inbound,Closed Lost,18000.0,2025-11-29,2025-12-24,2025-Q4,false,true
O02276,A0322,R020,Event,Closed Lost,130500.0,2024-03-01,2024-06-01,2024-Q2,false,true
O02277,A0052,R005,Referral,Closed Lost,8100.0,2024-11-23,2024-12-14,2024-Q4,false,true
O02278,A0356,R024,Inbound,Closed Lost,9600.0,2025-08-25,2025-09-24,2025-Q3,false,true
O02279,A0449,R011,Inbound,Closed Lost,4500.0,2024-02-14,2024-03-30,2024-Q1,false,true
O02280,A0133,R018,Partner,Closed Lost,3700.0,2025-09-01,2025-10-20,2025-Q4,false,true
O02281,A0375,R023,Inbound,Closed Lost,59300.0,2024-01-29,2024-04-12,2024-Q2,false,true
O02282,A0403,R011,Inbound,Closed Won,6200.0,2025-11-24,2026-01-16,2026-Q1,true,true
O02283,A0593,R003,Event,Closed Lost,39600.0,2024-01-04,2024-03-24,2024-Q1,false,true
O02284,A0439,R017,Partner,Closed Lost,100600.0,2025-06-02,2025-11-11,2025-Q4,false,true
O02285,A0097,R009,Inbound,Closed Lost,16200.0,2025-10-31,2025-12-05,2025-Q4,false,true
O02286,A0559,R012,Outbound,Closed Lost,16600.0,2024-12-20,2025-01-18,2025-Q1,false,true
O02287,A0047,R012,Outbound,Closed Lost,3500.0,2025-02-01,2025-02-19,2025-Q1,false,true
O02288,A0592,R002,Referral,Closed Lost,9000.0,2025-10-21,2025-11-05,2025-Q4,false,true
O02289,A0561,R017,Inbound,Closed Lost,203800.0,2024-03-16,2024-10-31,2024-Q4,false,true
O02290,A0248,R014,Event,Closed Won,61100.0,2025-05-27,2025-08-14,2025-Q3,true,true
O02291,A0224,R023,Partner,Closed Lost,70600.0,2024-07-17,2024-11-11,2024-Q4,false,true
O02292,A0384,R017,Partner,Closed Lost,205600.0,2024-01-22,2024-04-21,2024-Q2,false,true
O02293,A0161,R012,Event,Closed Lost,6300.0,2024-12-01,2024-12-15,2024-Q4,false,true
O02294,A0075,R020,Outbound,Closed Won,180200.0,2024-08-05,2025-02-08,2025-Q1,true,true
O02295,A0293,R003,Partner,Closed Lost,33800.0,2025-04-15,2025-08-06,2025-Q3,false,true
O02296,A0587,R008,Inbound,Closed Lost,7600.0,2024-08-12,2024-09-09,2024-Q3,false,true
O02297,A0033,R022,Partner,Closed Lost,16400.0,2024-02-10,2024-04-05,2024-Q2,false,true
O02298,A0365,R009,Referral,Closed Lost,14500.0,2024-01-06,2024-02-29,2024-Q1,false,true
O02299,A0523,R007,Inbound,Closed Lost,27400.0,2024-09-05,2024-10-21,2024-Q4,false,true
O02300,A0403,R018,Event,Closed Won,12200.0,2024-08-13,2024-09-04,2024-Q3,true,true
O02301,A0343,R018,Outbound,Closed Lost,11300.0,2024-12-08,2025-01-27,2025-Q1,false,true
O02302,A0580,R017,Outbound,Closed Lost,269900.0,2024-03-30,2024-08-10,2024-Q3,false,true
O02303,A0172,R013,Partner,Closed Won,77100.0,2024-02-17,2024-05-01,2024-Q2,true,true
O02304,A0184,R001,Inbound,Closed Lost,40900.0,2024-05-24,2024-09-04,2024-Q3,false,true
O02305,A0474,R018,Outbound,Closed Won,11900.0,2024-01-26,2024-03-24,2024-Q1,true,true
O02306,A0094,R020,Inbound,Closed Lost,308400.0,2024-06-14,2024-11-08,2024-Q4,false,true
O02307,A0442,R008,Inbound,Closed Lost,14900.0,2024-04-11,2024-06-05,2024-Q2,false,true
O02308,A0362,R016,Inbound,Closed Lost,53500.0,2024-05-07,2024-08-26,2024-Q3,false,true
O02309,A0375,R019,Outbound,Closed Won,24600.0,2024-04-06,2024-07-15,2024-Q3,true,true
O02310,A0549,R012,Event,Closed Lost,11300.0,2024-12-06,2025-01-24,2025-Q1,false,true
O02311,A0583,R014,Outbound,Closed Won,61600.0,2025-04-26,2025-07-01,2025-Q3,true,true
O02312,A0046,R002,Partner,Closed Lost,10200.0,2024-12-13,2025-01-11,2025-Q1,false,true
O02313,A0222,R003,Referral,Closed Won,55700.0,2025-07-14,2025-10-15,2025-Q4,true,true
O02314,A0492,R008,Event,Closed Lost,8000.0,2025-06-05,2025-07-06,2025-Q3,false,true
O02315,A0099,R016,Inbound,Closed Lost,62800.0,2024-05-21,2024-07-26,2024-Q3,false,true
O02316,A0182,R017,Inbound,Closed Lost,251700.0,2025-09-21,2026-03-05,2026-Q1,false,true
O02317,A0160,R001,Inbound,Closed Lost,35200.0,2024-09-15,2024-11-10,2024-Q4,false,true
O02318,A0217,R008,Referral,Closed Lost,4000.0,2025-06-21,2025-07-12,2025-Q3,false,true
O02319,A0592,R022,Partner,Closed Won,3200.0,2024-07-19,2024-09-15,2024-Q3,true,true
O02320,A0014,R008,Referral,Closed Won,6100.0,2024-02-06,2024-03-31,2024-Q1,true,true
O02321,A0153,R006,Event,Closed Lost,62500.0,2024-05-14,2024-07-14,2024-Q3,false,true
O02322,A0131,R003,Event,Closed Won,62500.0,2024-09-06,2024-12-07,2024-Q4,true,true
O02323,A0134,R021,Inbound,Closed Won,8000.0,2024-04-05,2024-05-15,2024-Q2,true,true
O02324,A0202,R002,Outbound,Proposal,8200.0,2025-11-29,,2025-Q4,,false
O02325,A0365,R015,Event,Closed Won,12200.0,2025-08-21,2025-09-10,2025-Q3,true,true
O02326,A0024,R024,Event,Closed Lost,4300.0,2024-06-14,2024-08-05,2024-Q3,false,true
O02327,A0076,R018,Referral,Closed Won,16000.0,2024-11-01,2024-12-09,2024-Q4,true,true
O02328,A0597,R021,Inbound,Closed Won,17200.0,2024-08-11,2024-09-01,2024-Q3,true,true
O02329,A0555,R011,Outbound,Closed Won,8800.0,2024-03-09,2024-05-01,2024-Q2,true,true
O02330,A0208,R005,Outbound,Closed Won,3200.0,2025-03-05,2025-04-19,2025-Q2,true,true
O02331,A0378,R015,Inbound,Closed Lost,17300.0,2025-02-06,2025-03-21,2025-Q1,false,true
O02332,A0240,R015,Outbound,Closed Lost,11600.0,2024-06-05,2024-06-24,2024-Q2,false,true
O02333,A0062,R011,Inbound,Closed Lost,14700.0,2025-08-18,2025-09-19,2025-Q3,false,true
O02334,A0038,R020,Outbound,Closed Lost,393500.0,2025-03-17,2025-09-23,2025-Q3,false,true
O02335,A0194,R009,Outbound,Closed Won,8200.0,2025-08-04,2025-09-13,2025-Q3,true,true
O02336,A0172,R014,Outbound,Closed Lost,70500.0,2024-07-13,2024-09-12,2024-Q3,false,true
O02337,A0121,R005,Partner,Closed Lost,6800.0,2024-10-29,2024-11-21,2024-Q4,false,true
O02338,A0352,R024,Inbound,Closed Lost,7800.0,2025-07-22,2025-09-18,2025-Q3,false,true
O02339,A0528,R017,Inbound,Closed Lost,383700.0,2025-06-30,2026-02-01,2026-Q1,false,true
O02340,A0418,R008,Partner,Closed Lost,13900.0,2025-10-16,2025-11-14,2025-Q4,false,true
O02341,A0585,R023,Event,Closed Lost,31700.0,2025-01-24,2025-04-12,2025-Q2,false,true
O02342,A0138,R007,Outbound,Closed Lost,73100.0,2025-04-16,2025-06-23,2025-Q2,false,true
O02343,A0242,R006,Inbound,Closed Lost,76900.0,2024-09-08,2024-11-25,2024-Q4,false,true
O02344,A0247,R017,Outbound,Closed Lost,351500.0,2024-03-21,2024-09-20,2024-Q3,false,true
O02345,A0383,R020,Partner,Closed Lost,329100.0,2025-01-13,2025-08-10,2025-Q3,false,true
O02346,A0276,R014,Partner,Closed Lost,42900.0,2024-12-04,2025-03-17,2025-Q1,false,true
O02347,A0275,R024,Outbound,Closed Won,8400.0,2024-12-09,2025-01-04,2025-Q1,true,true
O02348,A0484,R007,Outbound,Closed Lost,75700.0,2025-02-06,2025-05-11,2025-Q2,false,true
O02349,A0066,R020,Inbound,Closed Won,120500.0,2024-08-01,2025-01-09,2025-Q1,true,true
O02350,A0023,R016,Outbound,Closed Lost,38600.0,2024-01-09,2024-05-06,2024-Q2,false,true
O02351,A0314,R016,Inbound,Closed Lost,29500.0,2024-03-30,2024-06-26,2024-Q2,false,true
O02352,A0381,R022,Inbound,Closed Lost,7500.0,2025-01-25,2025-03-05,2025-Q1,false,true
O02353,A0246,R017,Partner,Closed Lost,123700.0,2025-04-09,2025-09-16,2025-Q3,false,true
O02354,A0122,R011,Inbound,Closed Lost,4800.0,2024-07-04,2024-08-11,2024-Q3,false,true
O02355,A0272,R017,Inbound,Closed Lost,381100.0,2024-09-10,2025-01-18,2025-Q1,false,true
O02356,A0325,R020,Partner,Closed Lost,224900.0,2024-08-06,2024-11-18,2024-Q4,false,true
O02357,A0469,R009,Partner,Closed Won,16600.0,2024-04-16,2024-06-12,2024-Q2,true,true
O02358,A0125,R018,Inbound,Closed Won,16800.0,2025-06-27,2025-08-02,2025-Q3,true,true
O02359,A0378,R021,Inbound,Closed Lost,16700.0,2025-04-02,2025-04-21,2025-Q2,false,true
O02360,A0215,R010,Outbound,Closed Won,63800.0,2025-11-04,2026-01-23,2026-Q1,true,true
O02361,A0472,R007,Partner,Closed Lost,21000.0,2024-09-30,2025-01-16,2025-Q1,false,true
O02362,A0168,R023,Inbound,Proposal,60900.0,2025-11-23,,2025-Q4,,false
O02363,A0456,R014,Inbound,Closed Lost,53800.0,2025-04-08,2025-06-08,2025-Q2,false,true
O02364,A0193,R009,Partner,Closed Lost,4700.0,2025-04-24,2025-05-08,2025-Q2,false,true
O02365,A0048,R023,Inbound,Closed Lost,68400.0,2024-12-31,2025-03-05,2025-Q1,false,true
O02366,A0377,R012,Inbound,Closed Won,12900.0,2025-10-26,2025-12-12,2025-Q4,true,true
O02367,A0156,R018,Event,Qualification,13900.0,2025-11-29,,2025-Q4,,false
O02368,A0200,R005,Outbound,Closed Won,12100.0,2025-03-11,2025-03-26,2025-Q1,true,true
O02369,A0127,R009,Outbound,Closed Lost,15100.0,2025-02-11,2025-03-30,2025-Q1,false,true
O02370,A0169,R002,Outbound,Closed Lost,6000.0,2024-07-22,2024-08-12,2024-Q3,false,true
O02371,A0158,R020,Partner,Closed Won,272300.0,2024-06-29,2024-10-03,2024-Q4,true,true
O02372,A0497,R009,Outbound,Closed Lost,13800.0,2024-12-18,2025-01-09,2025-Q1,false,true
O02373,A0219,R006,Event,Closed Lost,27300.0,2024-05-31,2024-08-05,2024-Q3,false,true
O02374,A0233,R017,Outbound,Closed Lost,80500.0,2025-06-18,2025-10-30,2025-Q4,false,true
O02375,A0228,R012,Outbound,Closed Lost,6400.0,2024-08-18,2024-09-09,2024-Q3,false,true
O02376,A0036,R014,Outbound,Closed Lost,74300.0,2025-02-10,2025-04-07,2025-Q2,false,true
O02377,A0524,R017,Outbound,Closed Won,332100.0,2025-02-02,2025-09-07,2025-Q3,true,true
O02378,A0163,R009,Inbound,Closed Lost,4500.0,2025-01-25,2025-02-10,2025-Q1,false,true
O02379,A0103,R020,Partner,Closed Lost,151100.0,2025-10-22,2026-06-10,2026-Q2,false,true
O02380,A0188,R005,Referral,Closed Lost,14900.0,2025-05-19,2025-07-14,2025-Q3,false,true
O02381,A0269,R016,Partner,Closed Lost,47700.0,2024-09-21,2024-12-26,2024-Q4,false,true
O02382,A0135,R017,Inbound,Closed Lost,394300.0,2024-08-02,2024-12-25,2024-Q4,false,true
O02383,A0166,R017,Outbound,Closed Lost,321400.0,2025-10-11,2026-02-05,2026-Q1,false,true
O02384,A0580,R017,Event,Qualification,137200.0,2025-11-11,,2025-Q4,,false
O02385,A0346,R009,Event,Closed Lost,3700.0,2025-01-15,2025-03-11,2025-Q1,false,true
O02386,A0491,R009,Outbound,Closed Won,4700.0,2024-03-09,2024-05-03,2024-Q2,true,true
O02387,A0504,R007,Inbound,Closed Lost,18400.0,2024-04-17,2024-07-01,2024-Q3,false,true
O02388,A0573,R007,Partner,Closed Won,38100.0,2024-05-04,2024-08-28,2024-Q3,true,true
O02389,A0226,R015,Inbound,Closed Lost,12900.0,2024-06-27,2024-08-05,2024-Q3,false,true
O02390,A0409,R009,Inbound,Closed Lost,10100.0,2025-08-07,2025-10-06,2025-Q4,false,true
O02391,A0284,R014,Event,Closed Lost,37700.0,2024-02-16,2024-05-17,2024-Q2,false,true
O02392,A0069,R010,Inbound,Closed Lost,78600.0,2024-03-29,2024-07-06,2024-Q3,false,true
O02393,A0351,R010,Inbound,Closed Lost,19000.0,2025-03-14,2025-06-01,2025-Q2,false,true
O02394,A0385,R017,Inbound,Closed Lost,224300.0,2025-08-28,2026-02-16,2026-Q1,false,true
O02395,A0001,R008,Partner,Closed Lost,5500.0,2024-01-19,2024-02-18,2024-Q1,false,true
O02396,A0073,R022,Inbound,Closed Lost,4400.0,2025-10-29,2025-12-13,2025-Q4,false,true
O02397,A0315,R003,Referral,Closed Lost,33100.0,2024-07-25,2024-11-20,2024-Q4,false,true
O02398,A0414,R018,Outbound,Closed Lost,12700.0,2025-06-28,2025-08-17,2025-Q3,false,true
O02399,A0536,R014,Outbound,Closed Lost,28200.0,2024-08-08,2024-10-01,2024-Q4,false,true
O02400,A0082,R022,Event,Closed Lost,9600.0,2024-07-08,2024-07-30,2024-Q3,false,true
O02401,A0472,R010,Outbound,Closed Lost,51200.0,2025-08-13,2025-12-03,2025-Q4,false,true
O02402,A0361,R017,Partner,Closed Lost,381000.0,2025-10-14,2026-03-06,2026-Q1,false,true
O02403,A0317,R006,Inbound,Closed Lost,57100.0,2024-04-28,2024-06-23,2024-Q2,false,true
O02404,A0032,R021,Inbound,Prospecting,14800.0,2025-11-19,,2025-Q4,,false
O02405,A0124,R019,Outbound,Closed Lost,70200.0,2024-03-11,2024-06-09,2024-Q2,false,true
O02406,A0388,R011,Inbound,Closed Lost,12600.0,2024-10-16,2024-12-05,2024-Q4,false,true
O02407,A0008,R001,Outbound,Closed Lost,44100.0,2024-01-02,2024-03-04,2024-Q1,false,true
O02408,A0317,R016,Inbound,Qualification,48800.0,2025-11-12,,2025-Q4,,false
O02409,A0092,R013,Referral,Closed Lost,73200.0,2024-07-25,2024-10-27,2024-Q4,false,true
O02410,A0264,R012,Partner,Closed Lost,9100.0,2024-02-03,2024-02-18,2024-Q1,false,true
O02411,A0482,R006,Outbound,Closed Lost,63800.0,2024-02-08,2024-06-07,2024-Q2,false,true
O02412,A0191,R018,Partner,Closed Lost,4600.0,2025-03-27,2025-04-15,2025-Q2,false,true
O02413,A0141,R022,Outbound,Closed Won,7800.0,2025-01-24,2025-02-21,2025-Q1,true,true
O02414,A0478,R002,Inbound,Closed Won,8200.0,2024-07-02,2024-08-08,2024-Q3,true,true
O02415,A0424,R024,Event,Closed Lost,7500.0,2024-07-30,2024-09-09,2024-Q3,false,true
O02416,A0297,R021,Outbound,Closed Lost,15600.0,2025-09-27,2025-11-15,2025-Q4,false,true
O02417,A0358,R011,Inbound,Closed Won,9500.0,2025-02-27,2025-04-24,2025-Q2,true,true
O02418,A0269,R007,Event,Closed Lost,62000.0,2024-08-14,2024-11-06,2024-Q4,false,true
O02419,A0313,R022,Inbound,Closed Lost,11500.0,2024-05-04,2024-06-12,2024-Q2,false,true
O02420,A0249,R011,Event,Closed Won,9800.0,2024-10-09,2024-11-29,2024-Q4,true,true
O02421,A0420,R007,Partner,Closed Lost,65100.0,2024-01-18,2024-05-09,2024-Q2,false,true
O02422,A0176,R017,Inbound,Closed Lost,269900.0,2024-08-17,2024-11-27,2024-Q4,false,true
O02423,A0489,R009,Event,Closed Lost,15300.0,2025-08-12,2025-10-07,2025-Q4,false,true
O02424,A0597,R011,Referral,Closed Lost,5400.0,2024-04-12,2024-05-11,2024-Q2,false,true
O02425,A0585,R014,Outbound,Closed Won,60900.0,2024-05-12,2024-07-03,2024-Q3,true,true
O02426,A0045,R014,Inbound,Closed Lost,73800.0,2024-11-30,2025-02-21,2025-Q1,false,true
O02427,A0423,R020,Event,Closed Won,336100.0,2024-12-10,2025-07-08,2025-Q3,true,true
O02428,A0039,R009,Event,Closed Lost,7500.0,2024-01-11,2024-01-27,2024-Q1,false,true
O02429,A0391,R003,Inbound,Closed Lost,53100.0,2024-05-31,2024-08-12,2024-Q3,false,true
O02430,A0365,R005,Inbound,Closed Lost,6100.0,2024-05-19,2024-06-09,2024-Q2,false,true
O02431,A0403,R012,Outbound,Closed Won,11900.0,2025-06-25,2025-08-23,2025-Q3,true,true
O02432,A0483,R002,Outbound,Closed Won,17600.0,2025-07-22,2025-09-01,2025-Q3,true,true
O02433,A0224,R003,Partner,Closed Won,52300.0,2024-09-24,2024-12-24,2024-Q4,true,true
O02434,A0407,R013,Outbound,Closed Lost,22500.0,2024-08-14,2024-10-08,2024-Q4,false,true
O02435,A0050,R006,Referral,Closed Lost,29800.0,2024-10-30,2025-01-06,2025-Q1,false,true
O02436,A0139,R002,Inbound,Closed Won,7700.0,2024-09-11,2024-10-07,2024-Q4,true,true
O02437,A0213,R024,Partner,Closed Lost,7500.0,2024-04-20,2024-05-05,2024-Q2,false,true
O02438,A0426,R021,Inbound,Closed Lost,8900.0,2025-11-21,2026-01-16,2026-Q1,false,true
O02439,A0322,R017,Partner,Negotiation,202100.0,2025-08-05,,2025-Q3,,false
O02440,A0499,R014,Inbound,Closed Won,46900.0,2024-10-19,2024-12-11,2024-Q4,true,true
O02441,A0213,R012,Event,Closed Lost,6400.0,2024-02-29,2024-03-23,2024-Q1,false,true
O02442,A0049,R008,Outbound,Closed Won,12100.0,2024-06-14,2024-08-02,2024-Q3,true,true
O02443,A0186,R014,Referral,Closed Won,30300.0,2024-12-10,2025-02-13,2025-Q1,true,true
O02444,A0240,R002,Referral,Closed Lost,5000.0,2024-05-19,2024-06-03,2024-Q2,false,true
O02445,A0221,R009,Outbound,Closed Won,3300.0,2024-01-11,2024-02-08,2024-Q1,true,true
O02446,A0452,R005,Outbound,Closed Lost,16500.0,2024-05-05,2024-06-30,2024-Q2,false,true
O02447,A0011,R020,Outbound,Closed Lost,328300.0,2025-03-13,2025-07-17,2025-Q3,false,true
O02448,A0323,R009,Inbound,Closed Lost,7200.0,2024-02-28,2024-03-24,2024-Q1,false,true
O02449,A0178,R017,Inbound,Prospecting,326300.0,2025-08-18,,2025-Q3,,false
O02450,A0135,R017,Referral,Closed Won,174700.0,2024-05-10,2024-12-24,2024-Q4,true,true
O02451,A0596,R002,Partner,Closed Lost,13800.0,2024-04-03,2024-05-16,2024-Q2,false,true
O02452,A0136,R007,Partner,Closed Lost,21600.0,2024-02-23,2024-05-25,2024-Q2,false,true
O02453,A0266,R024,Event,Closed Lost,13900.0,2025-07-13,2025-08-25,2025-Q3,false,true
O02454,A0488,R023,Outbound,Proposal,37900.0,2025-10-13,,2025-Q4,,false
O02455,A0188,R011,Outbound,Closed Lost,8400.0,2024-02-21,2024-03-30,2024-Q1,false,true
O02456,A0452,R008,Inbound,Closed Lost,12400.0,2025-11-24,2026-01-07,2026-Q1,false,true
O02457,A0160,R010,Partner,Closed Lost,67800.0,2025-09-05,2025-10-25,2025-Q4,false,true
O02458,A0395,R015,Partner,Closed Lost,13700.0,2025-06-30,2025-08-01,2025-Q3,false,true
O02459,A0151,R006,Event,Closed Lost,56900.0,2025-05-12,2025-07-27,2025-Q3,false,true
O02460,A0079,R008,Inbound,Closed Lost,4300.0,2024-04-12,2024-05-04,2024-Q2,false,true
O02461,A0469,R021,Outbound,Closed Lost,13500.0,2024-02-12,2024-03-12,2024-Q1,false,true
O02462,A0052,R024,Outbound,Closed Lost,15800.0,2024-03-16,2024-04-28,2024-Q2,false,true
O02463,A0037,R024,Referral,Closed Won,5300.0,2024-08-18,2024-10-09,2024-Q4,true,true
O02464,A0258,R020,Inbound,Closed Lost,315300.0,2024-07-01,2024-12-19,2024-Q4,false,true
O02465,A0105,R004,Partner,Closed Lost,74100.0,2024-06-28,2024-08-30,2024-Q3,false,true
O02466,A0256,R006,Event,Closed Won,29300.0,2025-07-24,2025-11-04,2025-Q4,true,true
O02467,A0154,R008,Partner,Closed Lost,5600.0,2024-04-25,2024-06-02,2024-Q2,false,true
O02468,A0267,R022,Inbound,Closed Won,15700.0,2025-10-23,2025-11-30,2025-Q4,true,true
O02469,A0002,R017,Referral,Closed Lost,174200.0,2024-07-26,2025-01-06,2025-Q1,false,true
O02470,A0019,R011,Referral,Closed Lost,10500.0,2025-05-29,2025-07-15,2025-Q3,false,true
O02471,A0013,R011,Outbound,Closed Won,15100.0,2025-04-20,2025-05-05,2025-Q2,true,true
O02472,A0387,R016,Outbound,Proposal,22400.0,2025-12-01,,2025-Q4,,false
O02473,A0264,R022,Inbound,Closed Lost,9400.0,2024-07-05,2024-08-13,2024-Q3,false,true
O02474,A0325,R020,Outbound,Closed Lost,139200.0,2024-08-26,2025-01-31,2025-Q1,false,true
O02475,A0175,R004,Event,Closed Lost,27500.0,2025-01-02,2025-04-29,2025-Q2,false,true
O02476,A0358,R021,Partner,Closed Won,15100.0,2024-03-26,2024-04-18,2024-Q2,true,true
O02477,A0587,R008,Referral,Closed Won,7300.0,2024-06-03,2024-07-24,2024-Q3,true,true
O02478,A0421,R006,Partner,Closed Lost,54700.0,2024-02-13,2024-04-17,2024-Q2,false,true
O02479,A0596,R015,Event,Closed Lost,6700.0,2024-08-26,2024-10-06,2024-Q4,false,true
O02480,A0419,R008,Inbound,Closed Lost,7400.0,2025-09-29,2025-11-28,2025-Q4,false,true
O02481,A0442,R015,Inbound,Closed Lost,12900.0,2024-03-18,2024-04-22,2024-Q2,false,true
O02482,A0565,R010,Partner,Closed Won,30700.0,2024-04-09,2024-06-17,2024-Q2,true,true
O02483,A0042,R017,Partner,Closed Lost,251000.0,2024-10-06,2025-05-30,2025-Q2,false,true
O02484,A0161,R005,Referral,Closed Won,5700.0,2025-10-19,2025-11-07,2025-Q4,true,true
O02485,A0178,R017,Inbound,Closed Lost,243600.0,2025-01-16,2025-06-30,2025-Q2,false,true
O02486,A0382,R021,Referral,Closed Lost,11200.0,2024-06-06,2024-07-17,2024-Q3,false,true
O02487,A0306,R017,Outbound,Closed Lost,115100.0,2024-04-16,2024-12-11,2024-Q4,false,true
O02488,A0060,R015,Partner,Closed Lost,14300.0,2024-11-12,2024-12-15,2024-Q4,false,true
O02489,A0044,R015,Outbound,Closed Lost,16900.0,2024-06-30,2024-08-19,2024-Q3,false,true
O02490,A0538,R018,Referral,Closed Lost,10800.0,2024-09-07,2024-10-11,2024-Q4,false,true
O02491,A0412,R020,Outbound,Closed Won,328000.0,2025-02-12,2025-07-31,2025-Q3,true,true
O02492,A0133,R009,Partner,Closed Lost,5700.0,2024-10-30,2024-12-25,2024-Q4,false,true
O02493,A0447,R008,Partner,Closed Won,5900.0,2024-07-02,2024-07-20,2024-Q3,true,true
O02494,A0047,R011,Referral,Closed Won,6800.0,2024-06-16,2024-08-08,2024-Q3,true,true
O02495,A0289,R018,Inbound,Closed Lost,14600.0,2025-06-07,2025-07-27,2025-Q3,false,true
O02496,A0483,R022,Outbound,Closed Lost,15400.0,2025-04-02,2025-04-25,2025-Q2,false,true
O02497,A0285,R022,Inbound,Closed Lost,12800.0,2025-06-23,2025-07-13,2025-Q3,false,true
O02498,A0563,R002,Inbound,Closed Lost,16100.0,2024-02-28,2024-03-27,2024-Q1,false,true
O02499,A0173,R017,Inbound,Closed Won,191300.0,2024-03-04,2024-06-03,2024-Q2,true,true
O02500,A0345,R017,Event,Prospecting,140300.0,2025-07-11,,2025-Q3,,false
O02501,A0277,R009,Outbound,Closed Won,11200.0,2025-06-26,2025-07-25,2025-Q3,true,true
O02502,A0166,R020,Inbound,Closed Lost,291200.0,2025-09-22,2026-02-02,2026-Q1,false,true
O02503,A0408,R021,Referral,Closed Lost,15300.0,2025-03-18,2025-04-11,2025-Q2,false,true
O02504,A0233,R017,Event,Closed Lost,362200.0,2025-07-23,2025-12-12,2025-Q4,false,true
O02505,A0209,R009,Inbound,Closed Won,16500.0,2025-05-10,2025-06-19,2025-Q2,true,true
O02506,A0117,R024,Inbound,Closed Lost,5700.0,2025-07-09,2025-08-17,2025-Q3,false,true
O02507,A0566,R011,Partner,Closed Won,17600.0,2024-04-21,2024-05-05,2024-Q2,true,true
O02508,A0161,R009,Outbound,Closed Won,12100.0,2024-08-19,2024-10-17,2024-Q4,true,true
O02509,A0521,R006,Event,Closed Lost,46600.0,2024-12-23,2025-03-01,2025-Q1,false,true
O02510,A0542,R018,Partner,Closed Lost,17100.0,2024-11-29,2025-01-27,2025-Q1,false,true
O02511,A0416,R018,Partner,Closed Won,4400.0,2025-05-19,2025-06-26,2025-Q2,true,true
O02512,A0380,R019,Outbound,Closed Lost,57400.0,2024-06-20,2024-08-04,2024-Q3,false,true
O02513,A0273,R009,Referral,Closed Lost,4900.0,2024-03-17,2024-05-09,2024-Q2,false,true
O02514,A0120,R020,Outbound,Closed Lost,192700.0,2025-05-30,2025-09-25,2025-Q3,false,true
O02515,A0547,R023,Outbound,Closed Lost,61000.0,2024-09-09,2025-01-01,2025-Q1,false,true
O02516,A0018,R017,Outbound,Closed Lost,198000.0,2025-02-04,2025-08-09,2025-Q3,false,true
O02517,A0394,R008,Inbound,Closed Won,11600.0,2025-09-18,2025-10-24,2025-Q4,true,true
O02518,A0210,R007,Outbound,Qualification,54800.0,2025-09-23,,2025-Q3,,false
O02519,A0446,R024,Event,Closed Lost,14500.0,2025-10-13,2025-10-27,2025-Q4,false,true
O02520,A0594,R022,Event,Closed Lost,7000.0,2024-01-24,2024-03-06,2024-Q1,false,true
O02521,A0422,R015,Outbound,Closed Lost,3900.0,2025-08-27,2025-09-29,2025-Q3,false,true
O02522,A0497,R002,Inbound,Closed Lost,11300.0,2025-07-29,2025-08-12,2025-Q3,false,true
O02523,A0510,R011,Inbound,Closed Lost,13300.0,2025-07-26,2025-08-31,2025-Q3,false,true
O02524,A0283,R005,Event,Closed Lost,15000.0,2025-06-05,2025-07-01,2025-Q3,false,true
O02525,A0116,R015,Referral,Closed Lost,7300.0,2025-04-18,2025-05-17,2025-Q2,false,true
O02526,A0352,R009,Inbound,Closed Lost,11700.0,2025-02-12,2025-04-13,2025-Q2,false,true
O02527,A0390,R020,Partner,Proposal,88900.0,2025-08-21,,2025-Q3,,false
O02528,A0528,R020,Event,Closed Won,388800.0,2024-01-11,2024-07-02,2024-Q3,true,true
O02529,A0033,R008,Outbound,Closed Won,17400.0,2025-02-12,2025-03-06,2025-Q1,true,true
O02530,A0567,R019,Outbound,Closed Won,70100.0,2024-03-03,2024-04-19,2024-Q2,true,true
O02531,A0259,R012,Event,Closed Won,14600.0,2025-06-16,2025-07-06,2025-Q3,true,true
O02532,A0587,R021,Inbound,Closed Lost,15100.0,2024-07-13,2024-09-07,2024-Q3,false,true
O02533,A0554,R016,Referral,Closed Lost,34200.0,2024-08-30,2024-12-13,2024-Q4,false,true
O02534,A0567,R010,Outbound,Closed Lost,18900.0,2025-03-01,2025-05-15,2025-Q2,false,true
O02535,A0380,R001,Partner,Closed Lost,31200.0,2024-02-18,2024-04-03,2024-Q2,false,true
O02536,A0413,R003,Referral,Closed Won,58000.0,2025-08-29,2025-11-27,2025-Q4,true,true
O02537,A0367,R015,Inbound,Closed Lost,11400.0,2024-10-26,2024-11-15,2024-Q4,false,true
O02538,A0449,R021,Outbound,Closed Lost,9500.0,2025-11-11,2025-12-13,2025-Q4,false,true
O02539,A0492,R002,Event,Closed Won,11000.0,2025-10-31,2025-11-21,2025-Q4,true,true
O02540,A0036,R001,Inbound,Closed Lost,44500.0,2024-04-25,2024-07-05,2024-Q3,false,true
O02541,A0237,R011,Outbound,Closed Won,17200.0,2024-10-29,2024-12-01,2024-Q4,true,true
O02542,A0045,R013,Outbound,Closed Lost,59200.0,2025-05-10,2025-07-29,2025-Q3,false,true
O02543,A0411,R010,Event,Closed Lost,76300.0,2024-06-17,2024-09-08,2024-Q3,false,true
O02544,A0130,R005,Outbound,Closed Lost,12200.0,2024-11-27,2025-01-02,2025-Q1,false,true
O02545,A0323,R015,Outbound,Closed Won,17100.0,2024-07-01,2024-07-26,2024-Q3,true,true
O02546,A0340,R009,Event,Closed Won,12700.0,2024-08-08,2024-10-01,2024-Q4,true,true
O02547,A0265,R014,Inbound,Closed Lost,73800.0,2024-11-10,2025-02-24,2025-Q1,false,true
O02548,A0334,R012,Inbound,Closed Lost,12000.0,2025-09-03,2025-10-01,2025-Q4,false,true
O02549,A0238,R021,Referral,Closed Lost,3100.0,2024-08-18,2024-09-21,2024-Q3,false,true
O02550,A0295,R010,Event,Closed Lost,24300.0,2024-12-22,2025-03-04,2025-Q1,false,true
O02551,A0058,R002,Inbound,Closed Won,4900.0,2024-09-12,2024-10-21,2024-Q4,true,true
O02552,A0070,R018,Outbound,Closed Lost,5100.0,2024-08-30,2024-10-23,2024-Q4,false,true
O02553,A0436,R011,Outbound,Closed Won,11200.0,2025-07-02,2025-08-26,2025-Q3,true,true
O02554,A0329,R020,Outbound,Proposal,134700.0,2025-07-21,,2025-Q3,,false
O02555,A0321,R005,Outbound,Closed Lost,17700.0,2025-02-19,2025-03-12,2025-Q1,false,true
O02556,A0087,R018,Event,Closed Won,8000.0,2024-03-09,2024-03-26,2024-Q1,true,true
O02557,A0049,R012,Inbound,Closed Lost,4400.0,2024-11-11,2025-01-02,2025-Q1,false,true
O02558,A0483,R009,Inbound,Closed Lost,6200.0,2025-01-09,2025-03-04,2025-Q1,false,true
O02559,A0542,R011,Partner,Closed Lost,4800.0,2024-04-24,2024-06-06,2024-Q2,false,true
O02560,A0585,R014,Inbound,Closed Lost,35900.0,2024-07-23,2024-10-09,2024-Q4,false,true
O02561,A0342,R006,Inbound,Closed Won,51100.0,2025-05-15,2025-09-02,2025-Q3,true,true
O02562,A0223,R015,Partner,Closed Won,13300.0,2024-03-26,2024-04-13,2024-Q2,true,true
O02563,A0187,R015,Inbound,Closed Lost,10100.0,2024-02-08,2024-03-25,2024-Q1,false,true
O02564,A0571,R005,Inbound,Closed Lost,10200.0,2024-12-27,2025-01-21,2025-Q1,false,true
O02565,A0569,R015,Inbound,Closed Won,13300.0,2024-07-07,2024-08-10,2024-Q3,true,true
O02566,A0314,R013,Outbound,Closed Lost,75400.0,2024-11-30,2025-02-10,2025-Q1,false,true
O02567,A0525,R002,Outbound,Closed Won,11500.0,2024-04-13,2024-05-29,2024-Q2,true,true
O02568,A0490,R006,Partner,Closed Lost,71900.0,2024-10-26,2025-01-14,2025-Q1,false,true
O02569,A0454,R015,Inbound,Closed Lost,15100.0,2024-06-15,2024-08-05,2024-Q3,false,true
O02570,A0318,R009,Inbound,Closed Lost,5000.0,2024-08-02,2024-09-10,2024-Q3,false,true
O02571,A0386,R024,Outbound,Closed Lost,17600.0,2025-03-16,2025-04-15,2025-Q2,false,true
O02572,A0589,R022,Outbound,Closed Won,3600.0,2024-01-30,2024-03-28,2024-Q1,true,true
O02573,A0349,R018,Event,Closed Lost,3300.0,2024-08-21,2024-10-10,2024-Q4,false,true
O02574,A0349,R008,Partner,Closed Lost,4300.0,2024-04-07,2024-06-05,2024-Q2,false,true
O02575,A0298,R011,Referral,Closed Won,7400.0,2024-06-23,2024-08-17,2024-Q3,true,true
O02576,A0530,R020,Event,Closed Lost,266500.0,2025-09-26,2026-04-21,2026-Q2,false,true
O02577,A0503,R012,Inbound,Closed Lost,11600.0,2025-10-12,2025-12-10,2025-Q4,false,true
O02578,A0531,R003,Partner,Closed Won,29100.0,2025-08-29,2025-10-19,2025-Q4,true,true
O02579,A0474,R021,Event,Closed Lost,16500.0,2025-09-15,2025-11-10,2025-Q4,false,true
O02580,A0141,R011,Event,Closed Lost,5800.0,2025-06-25,2025-08-12,2025-Q3,false,true
O02581,A0084,R018,Referral,Closed Lost,14300.0,2024-01-15,2024-02-19,2024-Q1,false,true
O02582,A0269,R010,Outbound,Closed Won,67300.0,2024-04-11,2024-06-29,2024-Q2,true,true
O02583,A0164,R016,Inbound,Closed Won,24500.0,2025-02-04,2025-05-26,2025-Q2,true,true
O02584,A0031,R006,Outbound,Closed Lost,39200.0,2025-06-24,2025-10-11,2025-Q4,false,true
O02585,A0084,R022,Outbound,Closed Lost,17800.0,2024-09-08,2024-10-31,2024-Q4,false,true
O02586,A0282,R010,Event,Closed Won,73000.0,2025-08-13,2025-09-28,2025-Q3,true,true
O02587,A0587,R024,Outbound,Closed Lost,9700.0,2024-06-19,2024-07-09,2024-Q3,false,true
O02588,A0152,R021,Event,Closed Won,11800.0,2025-03-11,2025-04-21,2025-Q2,true,true
O02589,A0092,R023,Referral,Proposal,64200.0,2025-11-03,,2025-Q4,,false
O02590,A0013,R024,Partner,Closed Lost,4900.0,2024-11-22,2024-12-18,2024-Q4,false,true
O02591,A0125,R005,Inbound,Closed Won,14800.0,2025-08-12,2025-09-10,2025-Q3,true,true
O02592,A0546,R008,Inbound,Closed Lost,7600.0,2025-08-10,2025-09-23,2025-Q3,false,true
O02593,A0125,R009,Inbound,Closed Lost,11600.0,2025-03-12,2025-03-28,2025-Q1,false,true
O02594,A0548,R005,Inbound,Closed Won,4800.0,2025-05-29,2025-07-27,2025-Q3,true,true
O02595,A0139,R011,Referral,Closed Lost,9900.0,2024-08-05,2024-10-03,2024-Q4,false,true
O02596,A0544,R014,Outbound,Closed Won,65000.0,2024-07-29,2024-10-30,2024-Q4,true,true
O02597,A0223,R012,Inbound,Closed Lost,12000.0,2025-06-05,2025-08-04,2025-Q3,false,true
O02598,A0248,R019,Referral,Closed Lost,56900.0,2024-03-02,2024-04-16,2024-Q2,false,true
O02599,A0441,R005,Inbound,Closed Lost,17300.0,2025-01-10,2025-03-05,2025-Q1,false,true
O02600,A0343,R015,Outbound,Closed Lost,11800.0,2025-01-19,2025-02-17,2025-Q1,false,true
O02601,A0119,R005,Outbound,Closed Lost,6700.0,2025-01-23,2025-02-24,2025-Q1,false,true
O02602,A0138,R016,Event,Closed Lost,48100.0,2024-09-02,2024-12-16,2024-Q4,false,true
O02603,A0558,R019,Inbound,Closed Lost,43400.0,2025-03-07,2025-06-08,2025-Q2,false,true
O02604,A0182,R017,Partner,Closed Lost,162100.0,2025-01-21,2025-06-25,2025-Q2,false,true
O02605,A0079,R002,Referral,Closed Lost,18000.0,2024-04-17,2024-06-09,2024-Q2,false,true
O02606,A0210,R010,Referral,Closed Lost,43400.0,2025-07-02,2025-09-23,2025-Q3,false,true
O02607,A0128,R017,Referral,Closed Won,255000.0,2024-07-12,2025-03-02,2025-Q1,true,true
O02608,A0009,R011,Referral,Closed Lost,9300.0,2024-05-26,2024-07-10,2024-Q3,false,true
O02609,A0522,R005,Inbound,Closed Won,6900.0,2024-09-26,2024-11-19,2024-Q4,true,true
O02610,A0593,R006,Outbound,Closed Lost,67200.0,2025-08-29,2025-11-22,2025-Q4,false,true
O02611,A0589,R002,Event,Closed Lost,9000.0,2025-03-04,2025-04-18,2025-Q2,false,true
O02612,A0004,R022,Inbound,Closed Lost,10600.0,2024-06-26,2024-07-21,2024-Q3,false,true
O02613,A0522,R018,Event,Closed Lost,14300.0,2024-10-03,2024-11-06,2024-Q4,false,true
O02614,A0243,R012,Outbound,Closed Lost,5000.0,2025-07-04,2025-08-16,2025-Q3,false,true
O02615,A0202,R002,Referral,Closed Lost,15100.0,2025-10-19,2025-11-29,2025-Q4,false,true
O02616,A0109,R015,Inbound,Closed Won,14500.0,2024-10-04,2024-12-03,2024-Q4,true,true
O02617,A0214,R017,Outbound,Closed Lost,145800.0,2025-06-03,2026-01-05,2026-Q1,false,true
O02618,A0525,R009,Outbound,Closed Lost,9100.0,2024-08-27,2024-09-23,2024-Q3,false,true
O02619,A0258,R017,Inbound,Closed Lost,273600.0,2024-08-26,2024-11-26,2024-Q4,false,true
O02620,A0358,R009,Inbound,Closed Lost,16100.0,2025-06-08,2025-08-01,2025-Q3,false,true
O02621,A0131,R013,Inbound,Closed Won,34400.0,2024-05-16,2024-08-13,2024-Q3,true,true
O02622,A0269,R003,Partner,Prospecting,71500.0,2025-11-01,,2025-Q4,,false
O02623,A0462,R014,Inbound,Closed Lost,34600.0,2024-05-17,2024-07-01,2024-Q3,false,true
O02624,A0507,R022,Outbound,Closed Won,11500.0,2024-10-05,2024-10-25,2024-Q4,true,true
O02625,A0246,R017,Referral,Closed Lost,308700.0,2024-03-01,2024-09-30,2024-Q3,false,true
O02626,A0148,R008,Partner,Closed Won,17300.0,2024-10-10,2024-11-27,2024-Q4,true,true
O02627,A0572,R018,Outbound,Closed Lost,17700.0,2024-06-03,2024-07-11,2024-Q3,false,true
O02628,A0210,R004,Inbound,Closed Lost,22800.0,2024-06-30,2024-09-30,2024-Q3,false,true
O02629,A0148,R008,Partner,Closed Lost,7000.0,2024-10-23,2024-11-06,2024-Q4,false,true
O02630,A0220,R008,Inbound,Closed Lost,4600.0,2025-03-05,2025-03-25,2025-Q1,false,true
O02631,A0198,R020,Inbound,Closed Lost,218100.0,2025-01-26,2025-09-07,2025-Q3,false,true
O02632,A0487,R002,Inbound,Closed Lost,9000.0,2024-06-01,2024-07-19,2024-Q3,false,true
O02633,A0156,R002,Outbound,Closed Lost,8000.0,2024-02-02,2024-03-25,2024-Q1,false,true
O02634,A0425,R008,Outbound,Closed Lost,8400.0,2024-03-12,2024-05-01,2024-Q2,false,true
O02635,A0032,R002,Inbound,Closed Won,10100.0,2024-12-13,2025-01-25,2025-Q1,true,true
O02636,A0507,R009,Inbound,Closed Lost,17300.0,2024-05-19,2024-06-23,2024-Q2,false,true
O02637,A0473,R009,Inbound,Closed Lost,4300.0,2025-09-22,2025-11-04,2025-Q4,false,true
O02638,A0463,R004,Outbound,Closed Lost,24800.0,2024-06-13,2024-08-08,2024-Q3,false,true
O02639,A0043,R021,Inbound,Closed Lost,12800.0,2025-04-28,2025-05-16,2025-Q2,false,true
O02640,A0026,R011,Event,Closed Lost,14600.0,2024-11-19,2025-01-17,2025-Q1,false,true
O02641,A0508,R003,Inbound,Closed Lost,51900.0,2025-08-06,2025-10-11,2025-Q4,false,true
O02642,A0007,R018,Referral,Closed Won,6700.0,2024-09-19,2024-10-22,2024-Q4,true,true
O02643,A0231,R020,Partner,Closed Won,138800.0,2024-10-27,2025-02-27,2025-Q1,true,true
O02644,A0016,R008,Partner,Closed Lost,6200.0,2024-12-16,2025-01-10,2025-Q1,false,true
O02645,A0146,R023,Outbound,Closed Lost,34800.0,2024-01-18,2024-05-16,2024-Q2,false,true
O02646,A0486,R008,Outbound,Closed Lost,3300.0,2025-01-19,2025-03-13,2025-Q1,false,true
O02647,A0362,R010,Inbound,Closed Lost,75200.0,2024-04-06,2024-06-18,2024-Q2,false,true
O02648,A0477,R019,Inbound,Closed Lost,19500.0,2024-11-03,2025-02-27,2025-Q1,false,true
O02649,A0354,R010,Inbound,Closed Lost,39700.0,2025-08-21,2025-12-13,2025-Q4,false,true
O02650,A0109,R022,Outbound,Closed Lost,7800.0,2025-11-14,2025-12-05,2025-Q4,false,true
O02651,A0094,R017,Partner,Closed Lost,361900.0,2025-03-16,2025-10-30,2025-Q4,false,true
O02652,A0549,R015,Referral,Closed Lost,11300.0,2024-09-18,2024-11-01,2024-Q4,false,true
O02653,A0527,R023,Inbound,Closed Lost,31300.0,2025-03-07,2025-05-07,2025-Q2,false,true
O02654,A0010,R021,Outbound,Closed Won,7700.0,2025-06-22,2025-07-23,2025-Q3,true,true
O02655,A0237,R018,Inbound,Prospecting,17600.0,2025-11-04,,2025-Q4,,false
O02656,A0581,R008,Outbound,Closed Won,7500.0,2024-03-28,2024-05-08,2024-Q2,true,true
O02657,A0542,R009,Event,Closed Lost,17400.0,2025-02-06,2025-03-30,2025-Q1,false,true
O02658,A0334,R009,Outbound,Closed Lost,7000.0,2024-10-12,2024-11-29,2024-Q4,false,true
O02659,A0041,R021,Outbound,Closed Lost,6400.0,2024-06-10,2024-07-01,2024-Q3,false,true
O02660,A0281,R015,Inbound,Closed Won,13700.0,2024-07-10,2024-08-02,2024-Q3,true,true
O02661,A0171,R006,Inbound,Closed Lost,71700.0,2025-05-18,2025-07-20,2025-Q3,false,true
O02662,A0214,R017,Outbound,Closed Lost,86600.0,2024-01-03,2024-04-17,2024-Q2,false,true
O02663,A0299,R015,Inbound,Closed Lost,11900.0,2025-04-09,2025-05-08,2025-Q2,false,true
O02664,A0534,R019,Event,Closed Won,25500.0,2025-08-04,2025-09-29,2025-Q3,true,true
O02665,A0024,R022,Inbound,Closed Lost,11500.0,2024-04-04,2024-05-12,2024-Q2,false,true
O02666,A0241,R004,Outbound,Closed Lost,75900.0,2025-05-21,2025-07-30,2025-Q3,false,true
O02667,A0545,R022,Outbound,Closed Lost,12300.0,2025-04-15,2025-06-13,2025-Q2,false,true
O02668,A0345,R020,Outbound,Closed Lost,381700.0,2025-07-10,2025-10-29,2025-Q4,false,true
O02669,A0492,R011,Outbound,Closed Won,3600.0,2025-02-01,2025-03-02,2025-Q1,true,true
O02670,A0528,R020,Referral,Proposal,159700.0,2025-12-01,,2025-Q4,,false
O02671,A0085,R005,Outbound,Closed Lost,7800.0,2025-06-19,2025-07-08,2025-Q3,false,true
O02672,A0379,R011,Event,Closed Lost,5100.0,2024-12-03,2025-01-18,2025-Q1,false,true
O02673,A0154,R002,Inbound,Closed Lost,6900.0,2024-07-12,2024-09-04,2024-Q3,false,true
O02674,A0372,R017,Outbound,Closed Lost,168900.0,2024-11-27,2025-04-27,2025-Q2,false,true
O02675,A0385,R020,Outbound,Closed Lost,365000.0,2024-10-17,2025-06-12,2025-Q2,false,true
O02676,A0453,R008,Event,Closed Won,3900.0,2024-02-24,2024-03-15,2024-Q1,true,true
O02677,A0017,R017,Inbound,Closed Won,300400.0,2025-07-06,2025-10-27,2025-Q4,true,true
O02678,A0228,R021,Inbound,Closed Won,16800.0,2025-04-02,2025-05-24,2025-Q2,true,true
O02679,A0401,R008,Outbound,Closed Lost,8200.0,2024-02-04,2024-03-22,2024-Q1,false,true
O02680,A0333,R008,Referral,Closed Lost,14800.0,2025-04-23,2025-05-21,2025-Q2,false,true
O02681,A0422,R011,Inbound,Closed Lost,8200.0,2024-06-12,2024-07-10,2024-Q3,false,true
O02682,A0090,R004,Inbound,Closed Lost,79500.0,2025-09-26,2025-11-22,2025-Q4,false,true
O02683,A0340,R005,Partner,Closed Lost,13300.0,2025-07-16,2025-08-06,2025-Q3,false,true
O02684,A0336,R012,Outbound,Closed Lost,7300.0,2025-08-01,2025-08-16,2025-Q3,false,true
O02685,A0033,R002,Outbound,Closed Won,5600.0,2025-04-20,2025-06-11,2025-Q2,true,true
O02686,A0025,R002,Outbound,Closed Lost,11400.0,2024-03-28,2024-04-19,2024-Q2,false,true
O02687,A0031,R003,Partner,Closed Won,79000.0,2024-06-28,2024-09-06,2024-Q3,true,true
O02688,A0438,R017,Inbound,Closed Lost,120000.0,2024-12-25,2025-04-16,2025-Q2,false,true
O02689,A0546,R012,Inbound,Closed Lost,14000.0,2024-01-12,2024-02-26,2024-Q1,false,true
O02690,A0265,R007,Inbound,Closed Lost,78200.0,2025-01-25,2025-03-16,2025-Q1,false,true
O02691,A0148,R018,Event,Closed Won,15800.0,2025-03-05,2025-04-02,2025-Q2,true,true
O02692,A0026,R005,Outbound,Closed Won,8000.0,2025-09-28,2025-10-17,2025-Q4,true,true
O02693,A0210,R007,Referral,Closed Lost,34100.0,2025-05-18,2025-07-21,2025-Q3,false,true
O02694,A0086,R018,Partner,Closed Lost,5500.0,2025-02-23,2025-04-12,2025-Q2,false,true
O02695,A0130,R018,Outbound,Closed Lost,8900.0,2025-11-15,2025-12-10,2025-Q4,false,true
O02696,A0429,R015,Event,Closed Lost,14700.0,2024-12-25,2025-02-21,2025-Q1,false,true
O02697,A0283,R005,Outbound,Closed Lost,16300.0,2025-09-28,2025-11-09,2025-Q4,false,true
O02698,A0523,R007,Outbound,Closed Lost,47300.0,2025-09-30,2025-12-21,2025-Q4,false,true
O02699,A0213,R012,Event,Closed Lost,9200.0,2024-01-16,2024-02-01,2024-Q1,false,true
O02700,A0311,R020,Inbound,Closed Lost,120200.0,2024-11-04,2025-03-11,2025-Q1,false,true
O02701,A0215,R007,Partner,Closed Lost,63000.0,2024-02-24,2024-05-18,2024-Q2,false,true
O02702,A0561,R017,Outbound,Closed Lost,107800.0,2024-04-23,2024-08-29,2024-Q3,false,true
O02703,A0259,R022,Inbound,Closed Lost,8400.0,2024-12-30,2025-01-23,2025-Q1,false,true
O02704,A0410,R024,Inbound,Closed Won,12600.0,2024-10-10,2024-11-11,2024-Q4,true,true
O02705,A0505,R009,Inbound,Closed Won,4200.0,2025-07-13,2025-08-31,2025-Q3,true,true
O02706,A0440,R006,Inbound,Closed Lost,38900.0,2024-11-10,2025-01-22,2025-Q1,false,true
O02707,A0515,R017,Outbound,Closed Lost,245400.0,2024-03-07,2024-10-18,2024-Q4,false,true
O02708,A0024,R015,Event,Closed Won,16000.0,2025-02-18,2025-03-20,2025-Q1,true,true
O02709,A0104,R002,Inbound,Closed Lost,5400.0,2024-07-05,2024-07-24,2024-Q3,false,true
O02710,A0286,R017,Outbound,Closed Won,356200.0,2024-07-09,2024-12-09,2024-Q4,true,true
O02711,A0319,R022,Outbound,Closed Lost,3100.0,2025-06-24,2025-08-04,2025-Q3,false,true
O02712,A0103,R020,Partner,Closed Won,144800.0,2024-02-24,2024-06-07,2024-Q2,true,true
O02713,A0108,R022,Referral,Closed Lost,15400.0,2025-04-02,2025-05-21,2025-Q2,false,true
O02714,A0051,R003,Inbound,Closed Won,20000.0,2024-04-01,2024-06-20,2024-Q2,true,true
O02715,A0487,R005,Inbound,Closed Lost,14300.0,2024-09-03,2024-09-23,2024-Q3,false,true
O02716,A0478,R024,Event,Closed Lost,3700.0,2025-07-22,2025-08-31,2025-Q3,false,true
O02717,A0398,R008,Referral,Closed Lost,13700.0,2024-12-29,2025-02-24,2025-Q1,false,true
O02718,A0520,R011,Partner,Closed Lost,12700.0,2024-04-10,2024-05-31,2024-Q2,false,true
O02719,A0537,R010,Referral,Closed Won,57000.0,2025-01-08,2025-02-23,2025-Q1,true,true
O02720,A0349,R009,Outbound,Closed Won,5500.0,2024-12-11,2025-01-27,2025-Q1,true,true
O02721,A0171,R016,Inbound,Closed Won,50400.0,2025-06-25,2025-10-04,2025-Q4,true,true
O02722,A0480,R017,Outbound,Closed Lost,115800.0,2024-08-20,2025-03-17,2025-Q1,false,true
O02723,A0566,R021,Inbound,Closed Lost,10000.0,2024-04-23,2024-06-15,2024-Q2,false,true
O02724,A0208,R024,Outbound,Closed Lost,12500.0,2025-09-02,2025-10-23,2025-Q4,false,true
O02725,A0124,R016,Outbound,Closed Won,39000.0,2024-07-21,2024-11-05,2024-Q4,true,true
O02726,A0430,R016,Inbound,Closed Lost,29300.0,2024-04-18,2024-06-02,2024-Q2,false,true
O02727,A0563,R012,Inbound,Closed Lost,16000.0,2024-12-26,2025-02-07,2025-Q1,false,true
O02728,A0264,R024,Event,Closed Won,15000.0,2024-10-27,2024-11-22,2024-Q4,true,true
O02729,A0191,R008,Outbound,Closed Lost,11800.0,2024-05-04,2024-06-12,2024-Q2,false,true
O02730,A0392,R021,Inbound,Closed Lost,6900.0,2024-12-26,2025-02-07,2025-Q1,false,true
O02731,A0454,R024,Referral,Qualification,4000.0,2025-11-30,,2025-Q4,,false
O02732,A0374,R008,Outbound,Closed Won,3800.0,2024-04-01,2024-05-05,2024-Q2,true,true
O02733,A0306,R017,Inbound,Closed Lost,81400.0,2025-02-01,2025-05-20,2025-Q2,false,true
O02734,A0373,R002,Inbound,Closed Lost,14500.0,2025-10-26,2025-12-12,2025-Q4,false,true
O02735,A0217,R005,Inbound,Closed Lost,16000.0,2025-09-26,2025-11-13,2025-Q4,false,true
O02736,A0300,R021,Inbound,Closed Won,3400.0,2024-03-08,2024-04-05,2024-Q2,true,true
O02737,A0436,R022,Inbound,Closed Won,7700.0,2024-03-17,2024-03-31,2024-Q1,true,true
O02738,A0378,R005,Partner,Closed Lost,13800.0,2025-01-21,2025-03-06,2025-Q1,false,true
O02739,A0398,R011,Event,Closed Won,14900.0,2025-02-17,2025-04-17,2025-Q2,true,true
O02740,A0338,R006,Inbound,Closed Won,23600.0,2024-11-13,2025-03-08,2025-Q1,true,true
O02741,A0122,R011,Outbound,Closed Lost,6900.0,2025-05-25,2025-07-04,2025-Q3,false,true
O02742,A0600,R015,Inbound,Closed Lost,10100.0,2024-05-05,2024-06-08,2024-Q2,false,true
O02743,A0114,R008,Inbound,Closed Lost,16600.0,2025-07-13,2025-07-31,2025-Q3,false,true
O02744,A0101,R008,Outbound,Closed Lost,8600.0,2024-08-27,2024-10-17,2024-Q4,false,true
O02745,A0350,R010,Inbound,Closed Lost,41300.0,2024-09-22,2024-11-25,2024-Q4,false,true
O02746,A0473,R008,Event,Closed Won,8800.0,2024-08-20,2024-10-19,2024-Q4,true,true
O02747,A0446,R012,Inbound,Closed Lost,14600.0,2024-10-13,2024-11-23,2024-Q4,false,true
O02748,A0067,R018,Outbound,Closed Won,9900.0,2024-04-14,2024-04-29,2024-Q2,true,true
O02749,A0126,R020,Referral,Closed Lost,321500.0,2025-01-28,2025-07-04,2025-Q3,false,true
O02750,A0236,R018,Outbound,Negotiation,3900.0,2025-11-11,,2025-Q4,,false
O02751,A0191,R018,Inbound,Closed Lost,15600.0,2024-10-30,2024-11-17,2024-Q4,false,true
O02752,A0471,R023,Inbound,Closed Lost,21100.0,2024-07-04,2024-10-06,2024-Q4,false,true
O02753,A0404,R020,Inbound,Closed Lost,139500.0,2024-05-31,2024-12-22,2024-Q4,false,true
O02754,A0047,R018,Partner,Closed Won,6800.0,2025-03-02,2025-04-12,2025-Q2,true,true
O02755,A0387,R023,Event,Closed Won,47700.0,2024-07-30,2024-10-01,2024-Q4,true,true
O02756,A0212,R010,Outbound,Closed Lost,77900.0,2024-08-01,2024-11-24,2024-Q4,false,true
O02757,A0142,R010,Partner,Closed Lost,31500.0,2025-09-10,2025-11-10,2025-Q4,false,true
O02758,A0487,R022,Event,Closed Lost,16400.0,2024-02-23,2024-04-03,2024-Q2,false,true
O02759,A0530,R020,Event,Closed Lost,136400.0,2025-08-28,2026-01-24,2026-Q1,false,true
O02760,A0266,R002,Outbound,Closed Lost,13300.0,2024-12-21,2025-01-05,2025-Q1,false,true
O02761,A0149,R014,Referral,Closed Won,43900.0,2024-07-23,2024-11-18,2024-Q4,true,true
O02762,A0461,R013,Partner,Closed Lost,37500.0,2024-09-20,2024-11-05,2024-Q4,false,true
O02763,A0422,R018,Outbound,Closed Lost,10500.0,2024-02-29,2024-04-13,2024-Q2,false,true
O02764,A0348,R012,Partner,Closed Won,9500.0,2024-09-17,2024-10-11,2024-Q4,true,true
O02765,A0029,R009,Inbound,Closed Won,5200.0,2025-06-23,2025-07-23,2025-Q3,true,true
O02766,A0413,R004,Inbound,Closed Lost,29200.0,2025-04-11,2025-06-21,2025-Q2,false,true
O02767,A0151,R014,Event,Closed Lost,65200.0,2024-04-15,2024-06-12,2024-Q2,false,true
O02768,A0502,R015,Inbound,Closed Won,17500.0,2025-09-13,2025-10-04,2025-Q4,true,true
O02769,A0302,R008,Event,Closed Won,8600.0,2025-09-23,2025-11-10,2025-Q4,true,true
O02770,A0414,R022,Inbound,Closed Won,3500.0,2025-07-20,2025-08-17,2025-Q3,true,true
O02771,A0436,R022,Inbound,Closed Lost,11800.0,2024-01-09,2024-02-05,2024-Q1,false,true
O02772,A0185,R015,Event,Closed Lost,3200.0,2025-08-05,2025-09-23,2025-Q3,false,true
O02773,A0189,R024,Outbound,Closed Won,10400.0,2025-02-11,2025-03-14,2025-Q1,true,true
O02774,A0026,R005,Referral,Closed Lost,16300.0,2025-04-06,2025-05-19,2025-Q2,false,true
O02775,A0083,R015,Outbound,Closed Won,16300.0,2024-07-17,2024-08-28,2024-Q3,true,true
O02776,A0012,R002,Event,Closed Won,6000.0,2024-10-25,2024-12-15,2024-Q4,true,true
O02777,A0188,R011,Event,Closed Lost,11700.0,2024-10-13,2024-11-20,2024-Q4,false,true
O02778,A0452,R008,Inbound,Closed Lost,14700.0,2025-07-30,2025-08-30,2025-Q3,false,true
O02779,A0569,R002,Outbound,Closed Won,17400.0,2025-07-06,2025-08-03,2025-Q3,true,true
O02780,A0333,R011,Outbound,Closed Lost,16200.0,2024-03-03,2024-03-27,2024-Q1,false,true
O02781,A0564,R010,Outbound,Closed Won,63800.0,2024-04-21,2024-07-03,2024-Q3,true,true
O02782,A0162,R020,Outbound,Closed Won,355600.0,2024-07-03,2025-02-16,2025-Q1,true,true
O02783,A0397,R009,Outbound,Closed Lost,3700.0,2024-12-22,2025-02-15,2025-Q1,false,true
O02784,A0440,R001,Partner,Closed Lost,62500.0,2024-05-08,2024-08-16,2024-Q3,false,true
O02785,A0176,R020,Inbound,Closed Lost,286200.0,2024-06-19,2025-02-05,2025-Q1,false,true
O02786,A0501,R007,Outbound,Negotiation,41200.0,2025-09-30,,2025-Q3,,false
O02787,A0003,R015,Inbound,Closed Lost,14300.0,2025-05-22,2025-06-28,2025-Q2,false,true
O02788,A0046,R021,Referral,Closed Won,13700.0,2024-01-11,2024-03-07,2024-Q1,true,true
O02789,A0176,R017,Event,Closed Lost,326900.0,2024-06-18,2024-11-02,2024-Q4,false,true
O02790,A0307,R009,Referral,Closed Lost,7200.0,2025-09-26,2025-10-12,2025-Q4,false,true
O02791,A0599,R009,Inbound,Closed Won,8200.0,2024-06-26,2024-07-20,2024-Q3,true,true
O02792,A0007,R008,Outbound,Closed Won,4000.0,2024-09-07,2024-10-13,2024-Q4,true,true
O02793,A0340,R012,Referral,Closed Lost,12300.0,2024-03-01,2024-03-22,2024-Q1,false,true
O02794,A0291,R012,Outbound,Closed Lost,6400.0,2025-11-30,2025-12-16,2025-Q4,false,true
O02795,A0574,R011,Inbound,Closed Lost,5900.0,2024-08-01,2024-09-23,2024-Q3,false,true
O02796,A0167,R020,Inbound,Closed Lost,374100.0,2024-09-09,2025-03-18,2025-Q1,false,true
O02797,A0551,R001,Partner,Closed Lost,64300.0,2024-12-21,2025-04-17,2025-Q2,false,true
O02798,A0126,R017,Inbound,Closed Lost,108900.0,2024-10-02,2025-03-10,2025-Q1,false,true
O02799,A0342,R019,Outbound,Closed Lost,74300.0,2025-02-06,2025-05-02,2025-Q2,false,true
O02800,A0058,R005,Inbound,Closed Lost,17500.0,2024-05-26,2024-06-24,2024-Q2,false,true
O02801,A0471,R007,Inbound,Closed Won,35200.0,2025-08-25,2025-11-25,2025-Q4,true,true
O02802,A0187,R022,Outbound,Closed Won,4400.0,2024-10-01,2024-11-25,2024-Q4,true,true
O02803,A0101,R022,Inbound,Closed Won,8900.0,2024-05-15,2024-06-09,2024-Q2,true,true
O02804,A0494,R010,Referral,Closed Lost,25900.0,2024-08-25,2024-11-29,2024-Q4,false,true
O02805,A0485,R012,Outbound,Closed Lost,15800.0,2024-06-03,2024-07-29,2024-Q3,false,true
O02806,A0393,R017,Outbound,Closed Lost,364900.0,2024-05-25,2024-08-29,2024-Q3,false,true
O02807,A0235,R002,Event,Closed Lost,11900.0,2024-01-05,2024-02-24,2024-Q1,false,true
O02808,A0276,R010,Inbound,Closed Won,21800.0,2024-05-20,2024-08-07,2024-Q3,true,true
O02809,A0363,R009,Inbound,Closed Won,3100.0,2024-12-05,2025-01-10,2025-Q1,true,true
O02810,A0143,R003,Inbound,Closed Lost,36600.0,2025-08-18,2025-10-15,2025-Q4,false,true
O02811,A0453,R018,Outbound,Closed Won,12600.0,2025-08-28,2025-10-10,2025-Q4,true,true
O02812,A0130,R012,Outbound,Closed Won,5300.0,2024-09-14,2024-10-06,2024-Q4,true,true
O02813,A0261,R024,Referral,Prospecting,13500.0,2025-11-22,,2025-Q4,,false
O02814,A0008,R007,Partner,Closed Lost,48500.0,2025-07-09,2025-10-23,2025-Q4,false,true
O02815,A0589,R009,Referral,Closed Lost,14400.0,2024-08-01,2024-08-30,2024-Q3,false,true
O02816,A0441,R012,Inbound,Closed Lost,16100.0,2024-04-07,2024-05-13,2024-Q2,false,true
O02817,A0479,R021,Event,Closed Won,17400.0,2025-11-12,2025-12-14,2025-Q4,true,true
O02818,A0342,R023,Event,Closed Lost,63600.0,2025-05-30,2025-08-28,2025-Q3,false,true
O02819,A0555,R008,Inbound,Closed Lost,9600.0,2024-11-24,2025-01-21,2025-Q1,false,true
O02820,A0177,R002,Outbound,Closed Won,9000.0,2025-06-04,2025-07-05,2025-Q3,true,true
O02821,A0173,R020,Inbound,Closed Lost,355900.0,2024-11-08,2025-04-02,2025-Q2,false,true
O02822,A0383,R017,Partner,Qualification,134000.0,2025-08-22,,2025-Q3,,false
O02823,A0547,R004,Inbound,Closed Lost,28400.0,2024-12-27,2025-04-02,2025-Q2,false,true
O02824,A0177,R021,Inbound,Closed Won,11800.0,2025-02-25,2025-03-23,2025-Q1,true,true
O02825,A0014,R005,Inbound,Closed Won,6700.0,2024-06-22,2024-07-16,2024-Q3,true,true
O02826,A0588,R004,Partner,Closed Lost,66900.0,2025-08-31,2025-10-16,2025-Q4,false,true
O02827,A0404,R017,Inbound,Closed Lost,123000.0,2025-03-30,2025-07-08,2025-Q3,false,true
O02828,A0351,R001,Outbound,Closed Won,44700.0,2025-08-17,2025-11-16,2025-Q4,true,true
O02829,A0292,R024,Inbound,Closed Lost,13800.0,2024-02-10,2024-02-25,2024-Q1,false,true
O02830,A0087,R022,Outbound,Closed Won,8600.0,2024-08-12,2024-09-10,2024-Q3,true,true
O02831,A0138,R004,Inbound,Closed Lost,23800.0,2024-11-01,2025-02-13,2025-Q1,false,true
O02832,A0006,R001,Outbound,Closed Won,75800.0,2025-03-05,2025-04-21,2025-Q2,true,true
O02833,A0039,R012,Partner,Closed Lost,9000.0,2025-02-13,2025-03-16,2025-Q1,false,true
O02834,A0057,R014,Outbound,Closed Won,42200.0,2025-03-22,2025-05-22,2025-Q2,true,true
O02835,A0363,R002,Inbound,Closed Lost,7900.0,2024-01-16,2024-03-06,2024-Q1,false,true
O02836,A0434,R003,Partner,Closed Lost,58900.0,2025-03-31,2025-07-08,2025-Q3,false,true
O02837,A0211,R006,Outbound,Closed Lost,18800.0,2025-02-24,2025-04-24,2025-Q2,false,true
O02838,A0290,R003,Inbound,Closed Won,26500.0,2025-03-21,2025-06-12,2025-Q2,true,true
O02839,A0358,R011,Inbound,Closed Won,16700.0,2024-10-21,2024-11-11,2024-Q4,true,true
O02840,A0482,R023,Event,Closed Lost,40400.0,2025-02-01,2025-05-23,2025-Q2,false,true
O02841,A0033,R015,Referral,Closed Won,12100.0,2024-08-01,2024-08-31,2024-Q3,true,true
O02842,A0285,R015,Outbound,Closed Lost,7900.0,2024-03-12,2024-04-25,2024-Q2,false,true
O02843,A0452,R002,Inbound,Closed Lost,12300.0,2024-03-29,2024-05-13,2024-Q2,false,true
O02844,A0188,R002,Inbound,Closed Lost,11400.0,2024-06-21,2024-07-23,2024-Q3,false,true
O02845,A0274,R005,Event,Closed Lost,6300.0,2025-05-23,2025-06-16,2025-Q2,false,true
O02846,A0202,R021,Referral,Closed Lost,6800.0,2025-02-02,2025-03-24,2025-Q1,false,true
O02847,A0170,R020,Event,Closed Lost,198300.0,2024-10-27,2025-06-11,2025-Q2,false,true
O02848,A0141,R015,Inbound,Closed Lost,3600.0,2025-07-26,2025-09-14,2025-Q3,false,true
O02849,A0529,R020,Inbound,Closed Lost,288900.0,2024-09-29,2025-01-13,2025-Q1,false,true
O02850,A0348,R009,Partner,Closed Won,12400.0,2025-05-27,2025-07-01,2025-Q3,true,true
O02851,A0275,R008,Event,Closed Won,13900.0,2024-04-03,2024-05-12,2024-Q2,true,true
O02852,A0017,R017,Inbound,Closed Won,232600.0,2025-08-18,2026-01-11,2026-Q1,true,true
O02853,A0501,R023,Outbound,Negotiation,63700.0,2025-10-12,,2025-Q4,,false
O02854,A0283,R009,Outbound,Closed Lost,8900.0,2025-04-13,2025-04-30,2025-Q2,false,true
O02855,A0463,R023,Outbound,Closed Lost,33900.0,2024-12-25,2025-04-02,2025-Q2,false,true
O02856,A0398,R009,Event,Closed Lost,16900.0,2025-02-17,2025-04-07,2025-Q2,false,true
O02857,A0377,R024,Outbound,Closed Lost,4300.0,2024-10-31,2024-12-28,2024-Q4,false,true
O02858,A0585,R001,Inbound,Closed Lost,46100.0,2024-03-02,2024-05-05,2024-Q2,false,true
O02859,A0113,R017,Partner,Closed Lost,187000.0,2025-06-13,2025-11-28,2025-Q4,false,true
O02860,A0576,R020,Partner,Closed Lost,392400.0,2024-01-21,2024-07-03,2024-Q3,false,true
O02861,A0439,R017,Inbound,Closed Lost,152900.0,2024-12-11,2025-03-20,2025-Q1,false,true
O02862,A0436,R022,Partner,Closed Lost,6200.0,2025-06-05,2025-07-04,2025-Q3,false,true
O02863,A0217,R002,Inbound,Closed Lost,13500.0,2025-02-18,2025-04-03,2025-Q2,false,true
O02864,A0139,R008,Referral,Closed Lost,9200.0,2024-07-06,2024-08-15,2024-Q3,false,true
O02865,A0288,R017,Outbound,Closed Lost,326800.0,2025-09-21,2025-12-24,2025-Q4,false,true
O02866,A0224,R016,Outbound,Closed Lost,42000.0,2024-12-03,2025-01-22,2025-Q1,false,true
O02867,A0210,R007,Outbound,Closed Lost,61200.0,2025-11-27,2026-02-01,2026-Q1,false,true
O02868,A0494,R013,Event,Closed Lost,67500.0,2024-01-25,2024-04-19,2024-Q2,false,true
O02869,A0310,R022,Inbound,Closed Lost,15400.0,2024-05-21,2024-06-12,2024-Q2,false,true
O02870,A0575,R015,Outbound,Closed Lost,16000.0,2024-03-20,2024-05-07,2024-Q2,false,true
O02871,A0417,R013,Outbound,Closed Lost,70000.0,2024-07-29,2024-10-05,2024-Q4,false,true
O02872,A0167,R017,Inbound,Closed Lost,381900.0,2025-04-30,2025-09-16,2025-Q3,false,true
O02873,A0522,R022,Referral,Closed Lost,17900.0,2024-03-23,2024-05-19,2024-Q2,false,true
O02874,A0503,R005,Event,Closed Lost,9300.0,2025-07-29,2025-08-21,2025-Q3,false,true
O02875,A0209,R009,Inbound,Closed Lost,9900.0,2025-04-19,2025-05-08,2025-Q2,false,true
O02876,A0434,R007,Inbound,Closed Lost,28600.0,2025-09-17,2025-12-04,2025-Q4,false,true
O02877,A0212,R019,Event,Closed Won,78300.0,2025-07-02,2025-09-15,2025-Q3,true,true
O02878,A0335,R007,Outbound,Closed Lost,25000.0,2025-10-17,2025-12-03,2025-Q4,false,true
O02879,A0429,R018,Inbound,Closed Won,12000.0,2024-01-28,2024-03-06,2024-Q1,true,true
O02880,A0552,R014,Outbound,Closed Lost,40800.0,2024-07-13,2024-08-27,2024-Q3,false,true
O02881,A0279,R009,Event,Closed Won,14100.0,2025-07-28,2025-09-12,2025-Q3,true,true
O02882,A0056,R017,Referral,Qualification,229100.0,2025-11-25,,2025-Q4,,false
O02883,A0396,R020,Outbound,Proposal,292300.0,2025-10-18,,2025-Q4,,false
O02884,A0054,R003,Partner,Closed Lost,72700.0,2025-01-23,2025-04-10,2025-Q2,false,true
O02885,A0146,R023,Outbound,Closed Won,38400.0,2025-06-07,2025-08-02,2025-Q3,true,true
O02886,A0048,R003,Outbound,Closed Lost,76100.0,2025-05-02,2025-06-22,2025-Q2,false,true
O02887,A0306,R017,Outbound,Closed Lost,145100.0,2025-04-01,2025-07-12,2025-Q3,false,true
O02888,A0531,R023,Inbound,Closed Won,27900.0,2024-03-08,2024-06-19,2024-Q2,true,true
O02889,A0425,R021,Inbound,Closed Won,16100.0,2024-06-27,2024-08-21,2024-Q3,true,true
O02890,A0540,R012,Outbound,Closed Lost,15800.0,2024-01-31,2024-03-27,2024-Q1,false,true
O02891,A0594,R012,Inbound,Closed Lost,12600.0,2025-08-01,2025-08-26,2025-Q3,false,true
O02892,A0078,R013,Inbound,Closed Lost,44200.0,2025-07-06,2025-08-20,2025-Q3,false,true
O02893,A0395,R005,Outbound,Closed Won,9100.0,2024-06-24,2024-08-07,2024-Q3,true,true
O02894,A0544,R004,Partner,Closed Lost,56700.0,2024-01-18,2024-04-02,2024-Q2,false,true
O02895,A0180,R013,Event,Closed Won,35400.0,2024-07-18,2024-10-04,2024-Q4,true,true
O02896,A0391,R023,Event,Closed Lost,57800.0,2025-10-28,2026-01-04,2026-Q1,false,true
O02897,A0497,R002,Event,Closed Lost,3200.0,2024-03-24,2024-04-18,2024-Q2,false,true
O02898,A0147,R011,Outbound,Closed Won,16200.0,2024-06-15,2024-08-10,2024-Q3,true,true
O02899,A0600,R005,Inbound,Closed Won,9900.0,2024-06-08,2024-07-06,2024-Q3,true,true
O02900,A0273,R022,Inbound,Closed Lost,15300.0,2025-04-07,2025-05-16,2025-Q2,false,true
O02901,A0386,R024,Inbound,Closed Lost,5000.0,2025-04-04,2025-04-18,2025-Q2,false,true
O02902,A0326,R004,Event,Closed Won,39800.0,2024-11-11,2024-12-31,2024-Q4,true,true
O02903,A0262,R021,Outbound,Closed Lost,11000.0,2024-03-22,2024-05-19,2024-Q2,false,true
O02904,A0286,R017,Event,Closed Lost,344700.0,2024-09-05,2025-03-16,2025-Q1,false,true
O02905,A0523,R016,Outbound,Closed Lost,39800.0,2024-05-30,2024-07-29,2024-Q3,false,true
O02906,A0511,R009,Outbound,Closed Lost,7100.0,2025-06-14,2025-07-21,2025-Q3,false,true
O02907,A0203,R008,Outbound,Closed Lost,3600.0,2024-08-24,2024-10-04,2024-Q4,false,true
O02908,A0542,R015,Inbound,Closed Lost,4100.0,2024-10-17,2024-12-07,2024-Q4,false,true
O02909,A0497,R024,Inbound,Closed Lost,14200.0,2024-06-27,2024-07-19,2024-Q3,false,true
O02910,A0538,R015,Inbound,Closed Lost,17400.0,2024-07-07,2024-07-31,2024-Q3,false,true
O02911,A0394,R015,Outbound,Closed Lost,17500.0,2025-02-11,2025-03-01,2025-Q1,false,true
O02912,A0418,R008,Referral,Closed Lost,8700.0,2024-07-12,2024-08-17,2024-Q3,false,true
O02913,A0159,R022,Partner,Closed Won,11200.0,2025-09-09,2025-11-08,2025-Q4,true,true
O02914,A0489,R015,Outbound,Closed Lost,10000.0,2025-07-23,2025-09-07,2025-Q3,false,true
O02915,A0382,R015,Inbound,Closed Won,4800.0,2024-01-13,2024-02-15,2024-Q1,true,true
O02916,A0536,R007,Outbound,Closed Won,23900.0,2025-09-14,2025-11-29,2025-Q4,true,true
O02917,A0195,R022,Inbound,Closed Lost,17900.0,2024-03-27,2024-04-19,2024-Q2,false,true
O02918,A0069,R007,Outbound,Closed Lost,58400.0,2024-10-31,2024-12-21,2024-Q4,false,true
O02919,A0409,R008,Event,Closed Won,14200.0,2025-09-23,2025-11-22,2025-Q4,true,true
O02920,A0233,R017,Inbound,Closed Lost,102600.0,2024-10-18,2025-06-09,2025-Q2,false,true
O02921,A0529,R020,Outbound,Closed Lost,368400.0,2024-11-25,2025-04-02,2025-Q2,false,true
O02922,A0034,R019,Inbound,Closed Lost,45000.0,2025-09-19,2026-01-11,2026-Q1,false,true
O02923,A0139,R011,Inbound,Closed Lost,12300.0,2024-01-12,2024-02-16,2024-Q1,false,true
O02924,A0532,R004,Referral,Closed Won,69600.0,2024-08-27,2024-11-23,2024-Q4,true,true
O02925,A0437,R020,Outbound,Closed Lost,279200.0,2025-09-15,2026-01-09,2026-Q1,false,true
O02926,A0583,R016,Inbound,Closed Won,42900.0,2024-02-04,2024-05-06,2024-Q2,true,true
O02927,A0486,R024,Outbound,Closed Won,12400.0,2025-01-08,2025-02-06,2025-Q1,true,true
O02928,A0419,R005,Inbound,Closed Lost,11600.0,2025-06-22,2025-08-02,2025-Q3,false,true
O02929,A0298,R002,Inbound,Closed Won,14900.0,2024-11-13,2024-12-12,2024-Q4,true,true
O02930,A0168,R010,Outbound,Closed Lost,58700.0,2024-08-18,2024-10-11,2024-Q4,false,true
O02931,A0415,R005,Partner,Closed Lost,10400.0,2024-01-14,2024-01-31,2024-Q1,false,true
O02932,A0076,R018,Outbound,Closed Won,6400.0,2024-12-24,2025-01-10,2025-Q1,true,true
O02933,A0184,R001,Outbound,Closed Lost,69700.0,2024-05-30,2024-08-25,2024-Q3,false,true
O02934,A0073,R022,Inbound,Closed Won,10300.0,2024-07-22,2024-09-07,2024-Q3,true,true
O02935,A0306,R017,Outbound,Closed Lost,168000.0,2024-10-27,2025-04-14,2025-Q2,false,true
O02936,A0001,R011,Outbound,Closed Lost,3400.0,2025-05-20,2025-06-30,2025-Q2,false,true
O02937,A0132,R006,Partner,Closed Lost,75200.0,2024-11-18,2025-01-10,2025-Q1,false,true
O02938,A0482,R013,Event,Closed Lost,66200.0,2024-11-25,2025-01-18,2025-Q1,false,true
O02939,A0035,R020,Inbound,Closed Lost,302400.0,2024-04-01,2024-10-31,2024-Q4,false,true
O02940,A0552,R019,Referral,Closed Lost,34600.0,2024-12-21,2025-02-14,2025-Q1,false,true
O02941,A0038,R017,Inbound,Closed Lost,242800.0,2025-07-25,2026-01-21,2026-Q1,false,true
O02942,A0098,R012,Outbound,Closed Lost,7100.0,2025-04-07,2025-05-07,2025-Q2,false,true
O02943,A0375,R006,Outbound,Closed Won,75200.0,2025-09-08,2025-11-06,2025-Q4,true,true
O02944,A0485,R002,Event,Closed Won,3200.0,2024-02-21,2024-03-24,2024-Q1,true,true
O02945,A0013,R011,Inbound,Closed Won,4800.0,2024-11-22,2024-12-25,2024-Q4,true,true
O02946,A0255,R022,Inbound,Closed Lost,5700.0,2025-07-13,2025-08-05,2025-Q3,false,true
O02947,A0215,R019,Partner,Closed Lost,65700.0,2025-01-26,2025-05-01,2025-Q2,false,true
O02948,A0041,R009,Outbound,Closed Lost,16700.0,2025-06-10,2025-07-17,2025-Q3,false,true
O02949,A0286,R017,Partner,Prospecting,250900.0,2025-11-06,,2025-Q4,,false
O02950,A0093,R020,Inbound,Closed Lost,307000.0,2024-10-16,2025-05-05,2025-Q2,false,true
O02951,A0243,R012,Outbound,Closed Lost,6000.0,2025-03-03,2025-03-25,2025-Q1,false,true
O02952,A0480,R020,Inbound,Closed Lost,241000.0,2024-09-26,2024-12-30,2024-Q4,false,true
O02953,A0443,R018,Outbound,Closed Lost,13800.0,2024-02-13,2024-03-30,2024-Q1,false,true
O02954,A0044,R022,Outbound,Closed Lost,17700.0,2024-06-21,2024-07-07,2024-Q3,false,true
O02955,A0095,R021,Inbound,Closed Won,16000.0,2025-10-06,2025-11-07,2025-Q4,true,true
O02956,A0149,R013,Outbound,Closed Lost,24000.0,2025-01-22,2025-03-20,2025-Q1,false,true
O02957,A0575,R002,Partner,Closed Won,15000.0,2024-12-17,2025-01-10,2025-Q1,true,true
O02958,A0115,R019,Partner,Closed Lost,20000.0,2025-11-02,2026-02-06,2026-Q1,false,true
O02959,A0163,R008,Partner,Closed Lost,6400.0,2024-01-19,2024-02-22,2024-Q1,false,true
O02960,A0488,R014,Partner,Closed Lost,62100.0,2024-10-06,2025-01-05,2025-Q1,false,true
O02961,A0059,R021,Inbound,Closed Lost,14600.0,2025-11-26,2026-01-22,2026-Q1,false,true
O02962,A0066,R020,Partner,Closed Lost,343300.0,2025-02-03,2025-05-22,2025-Q2,false,true
O02963,A0591,R011,Inbound,Closed Lost,15100.0,2025-03-07,2025-04-21,2025-Q2,false,true
O02964,A0418,R008,Referral,Closed Lost,13500.0,2024-09-11,2024-10-15,2024-Q4,false,true
O02965,A0373,R009,Outbound,Closed Won,14200.0,2024-01-14,2024-02-05,2024-Q1,true,true
O02966,A0017,R017,Inbound,Closed Lost,340100.0,2025-01-17,2025-08-19,2025-Q3,false,true
O02967,A0398,R021,Outbound,Closed Lost,8000.0,2025-02-14,2025-03-03,2025-Q1,false,true
O02968,A0043,R015,Inbound,Closed Won,9500.0,2025-02-09,2025-03-10,2025-Q1,true,true
O02969,A0544,R023,Outbound,Closed Won,34500.0,2024-03-30,2024-07-07,2024-Q3,true,true
O02970,A0124,R001,Inbound,Closed Won,20700.0,2024-08-09,2024-12-07,2024-Q4,true,true
O02971,A0243,R024,Inbound,Closed Won,8500.0,2024-01-30,2024-02-22,2024-Q1,true,true
O02972,A0162,R017,Outbound,Closed Lost,261900.0,2025-04-16,2025-10-17,2025-Q4,false,true
O02973,A0115,R019,Outbound,Closed Won,78100.0,2025-10-26,2026-01-02,2026-Q1,true,true
O02974,A0045,R004,Referral,Closed Lost,74900.0,2025-04-19,2025-07-17,2025-Q3,false,true
O02975,A0330,R011,Inbound,Closed Won,11900.0,2024-10-06,2024-11-29,2024-Q4,true,true
O02976,A0571,R022,Outbound,Closed Lost,7300.0,2024-10-15,2024-12-12,2024-Q4,false,true
O02977,A0128,R017,Outbound,Proposal,118600.0,2025-10-07,,2025-Q4,,false
O02978,A0291,R011,Inbound,Closed Won,17700.0,2024-12-04,2025-01-12,2025-Q1,true,true
O02979,A0380,R004,Partner,Closed Won,56200.0,2024-05-06,2024-08-22,2024-Q3,true,true
O02980,A0390,R017,Inbound,Closed Lost,112800.0,2024-08-28,2025-03-10,2025-Q1,false,true
O02981,A0555,R015,Partner,Closed Lost,3200.0,2024-02-01,2024-03-14,2024-Q1,false,true
O02982,A0432,R013,Inbound,Closed Lost,30200.0,2024-01-17,2024-03-18,2024-Q1,false,true
O02983,A0517,R010,Inbound,Closed Won,41200.0,2024-01-28,2024-03-22,2024-Q1,true,true
O02984,A0452,R009,Outbound,Prospecting,12500.0,2025-11-26,,2025-Q4,,false
O02985,A0356,R021,Inbound,Closed Won,3900.0,2025-03-26,2025-05-15,2025-Q2,true,true
O02986,A0077,R006,Inbound,Closed Lost,38200.0,2024-09-08,2025-01-06,2025-Q1,false,true
O02987,A0385,R020,Partner,Closed Lost,111100.0,2025-01-09,2025-06-02,2025-Q2,false,true
O02988,A0479,R022,Referral,Closed Won,13800.0,2024-02-25,2024-03-30,2024-Q1,true,true
O02989,A0082,R024,Referral,Closed Lost,11600.0,2025-06-21,2025-08-14,2025-Q3,false,true
O02990,A0308,R015,Inbound,Closed Lost,9400.0,2025-08-17,2025-09-13,2025-Q3,false,true
O02991,A0241,R006,Outbound,Closed Lost,34400.0,2024-11-26,2025-03-14,2025-Q1,false,true
O02992,A0561,R017,Inbound,Closed Won,95700.0,2025-01-18,2025-08-15,2025-Q3,true,true
O02993,A0490,R014,Event,Closed Lost,34500.0,2024-03-31,2024-07-23,2024-Q3,false,true
O02994,A0103,R017,Inbound,Closed Lost,273100.0,2024-06-16,2024-09-20,2024-Q3,false,true
O02995,A0195,R008,Inbound,Closed Lost,10200.0,2025-09-10,2025-11-07,2025-Q4,false,true
O02996,A0580,R020,Referral,Closed Lost,92800.0,2024-10-23,2025-03-28,2025-Q1,false,true
O02997,A0330,R009,Outbound,Closed Lost,17000.0,2024-06-16,2024-07-25,2024-Q3,false,true
O02998,A0192,R007,Referral,Closed Won,47400.0,2024-06-18,2024-09-27,2024-Q3,true,true
O02999,A0164,R006,Inbound,Closed Won,58400.0,2025-07-01,2025-09-27,2025-Q3,true,true
O03000,A0187,R002,Inbound,Closed Lost,6800.0,2025-08-12,2025-09-01,2025-Q3,false,true
O03001,A0194,R009,Referral,Closed Won,7200.0,2024-06-28,2024-08-14,2024-Q3,true,true
O03002,A0507,R024,Outbound,Closed Won,11900.0,2024-03-13,2024-05-04,2024-Q2,true,true
O03003,A0495,R012,Outbound,Closed Won,7900.0,2024-11-24,2024-12-13,2024-Q4,true,true
O03004,A0399,R001,Partner,Closed Lost,45100.0,2025-03-29,2025-06-23,2025-Q2,false,true
O03005,A0207,R021,Outbound,Closed Lost,3400.0,2024-08-14,2024-09-04,2024-Q3,false,true
O03006,A0292,R009,Outbound,Closed Lost,5300.0,2024-08-06,2024-10-02,2024-Q4,false,true
O03007,A0155,R004,Referral,Closed Won,47000.0,2025-05-19,2025-08-29,2025-Q3,true,true
O03008,A0425,R021,Outbound,Closed Won,9000.0,2024-02-04,2024-03-14,2024-Q1,true,true
O03009,A0454,R002,Event,Closed Won,8400.0,2024-07-31,2024-09-18,2024-Q3,true,true
O03010,A0344,R020,Inbound,Closed Won,334800.0,2024-06-22,2025-01-26,2025-Q1,true,true
O03011,A0039,R024,Event,Closed Won,7500.0,2025-04-29,2025-06-27,2025-Q2,true,true
O03012,A0277,R002,Outbound,Closed Lost,16000.0,2025-11-22,2026-01-16,2026-Q1,false,true
O03013,A0439,R020,Event,Closed Lost,198800.0,2025-03-06,2025-07-09,2025-Q3,false,true
O03014,A0441,R008,Event,Closed Lost,6700.0,2024-01-15,2024-01-31,2024-Q1,false,true
O03015,A0366,R023,Inbound,Closed Lost,76600.0,2025-02-17,2025-05-06,2025-Q2,false,true
O03016,A0459,R007,Outbound,Closed Won,58000.0,2024-11-18,2025-03-05,2025-Q1,true,true
O03017,A0223,R022,Outbound,Closed Lost,10300.0,2025-08-07,2025-10-03,2025-Q4,false,true
O03018,A0285,R022,Outbound,Closed Lost,12000.0,2024-03-20,2024-04-19,2024-Q2,false,true
O03019,A0323,R012,Inbound,Closed Lost,12000.0,2024-01-15,2024-02-16,2024-Q1,false,true
O03020,A0427,R015,Referral,Closed Lost,4900.0,2024-10-30,2024-11-26,2024-Q4,false,true
O03021,A0264,R015,Outbound,Closed Lost,4500.0,2024-04-13,2024-05-05,2024-Q2,false,true
O03022,A0547,R023,Referral,Closed Lost,38400.0,2024-03-17,2024-05-14,2024-Q2,false,true
O03023,A0234,R011,Outbound,Closed Won,13500.0,2024-01-17,2024-01-31,2024-Q1,true,true
O03024,A0168,R004,Inbound,Closed Lost,78300.0,2024-07-16,2024-11-13,2024-Q4,false,true
O03025,A0510,R011,Outbound,Closed Lost,5400.0,2024-06-25,2024-08-18,2024-Q3,false,true
O03026,A0517,R014,Referral,Closed Lost,66000.0,2024-03-06,2024-06-24,2024-Q2,false,true
O03027,A0132,R006,Inbound,Closed Lost,57900.0,2025-04-06,2025-07-27,2025-Q3,false,true
O03028,A0560,R011,Inbound,Closed Lost,10800.0,2024-03-10,2024-04-17,2024-Q2,false,true
O03029,A0205,R007,Referral,Closed Lost,42900.0,2025-08-12,2025-11-12,2025-Q4,false,true
O03030,A0550,R007,Outbound,Closed Lost,64700.0,2025-02-04,2025-03-24,2025-Q1,false,true
O03031,A0455,R019,Event,Closed Lost,66100.0,2024-10-02,2025-01-27,2025-Q1,false,true
O03032,A0555,R009,Inbound,Closed Lost,15900.0,2024-01-04,2024-02-26,2024-Q1,false,true
O03033,A0123,R002,Inbound,Closed Won,11600.0,2025-07-10,2025-07-27,2025-Q3,true,true
O03034,A0411,R004,Inbound,Closed Lost,44000.0,2024-01-08,2024-03-05,2024-Q1,false,true
O03035,A0461,R023,Partner,Closed Lost,77000.0,2025-06-02,2025-09-07,2025-Q3,false,true
O03036,A0536,R013,Outbound,Closed Lost,64600.0,2024-11-26,2025-02-20,2025-Q1,false,true
O03037,A0103,R017,Inbound,Closed Won,217900.0,2024-09-17,2025-04-15,2025-Q2,true,true
O03038,A0537,R014,Outbound,Closed Lost,66800.0,2024-12-11,2025-04-01,2025-Q2,false,true
O03039,A0136,R007,Inbound,Qualification,40200.0,2025-11-30,,2025-Q4,,false
O03040,A0263,R011,Outbound,Closed Lost,14500.0,2024-09-23,2024-10-11,2024-Q4,false,true
O03041,A0304,R002,Outbound,Closed Lost,6000.0,2024-05-27,2024-06-22,2024-Q2,false,true
O03042,A0437,R017,Event,Closed Lost,347700.0,2025-06-08,2025-11-04,2025-Q4,false,true
O03043,A0066,R020,Partner,Closed Won,210600.0,2024-01-21,2024-06-21,2024-Q2,true,true
O03044,A0275,R008,Inbound,Closed Won,12600.0,2024-08-05,2024-09-20,2024-Q3,true,true
O03045,A0341,R002,Referral,Closed Won,14000.0,2025-07-07,2025-08-29,2025-Q3,true,true
O03046,A0285,R005,Event,Closed Won,13000.0,2024-08-05,2024-09-05,2024-Q3,true,true
O03047,A0068,R019,Event,Closed Lost,71800.0,2025-05-02,2025-08-17,2025-Q3,false,true
O03048,A0499,R004,Inbound,Closed Lost,79400.0,2024-10-06,2025-01-02,2025-Q1,false,true
O03049,A0372,R020,Outbound,Closed Lost,248500.0,2025-09-16,2026-02-22,2026-Q1,false,true
O03050,A0363,R015,Inbound,Closed Lost,17800.0,2025-05-18,2025-06-20,2025-Q2,false,true
O03051,A0330,R018,Partner,Closed Lost,17300.0,2025-10-17,2025-12-10,2025-Q4,false,true
O03052,A0345,R017,Inbound,Closed Lost,80300.0,2024-05-23,2024-12-09,2024-Q4,false,true
O03053,A0151,R023,Outbound,Closed Lost,78100.0,2024-02-15,2024-04-29,2024-Q2,false,true
O03054,A0144,R020,Outbound,Closed Lost,275400.0,2025-06-17,2025-11-25,2025-Q4,false,true
O03055,A0320,R008,Partner,Closed Lost,4400.0,2024-02-11,2024-03-10,2024-Q1,false,true
O03056,A0483,R011,Referral,Closed Lost,9900.0,2025-06-29,2025-08-09,2025-Q3,false,true
O03057,A0117,R024,Inbound,Closed Lost,10700.0,2024-11-12,2024-11-30,2024-Q4,false,true
O03058,A0536,R004,Inbound,Closed Lost,49100.0,2024-07-25,2024-09-08,2024-Q3,false,true
O03059,A0328,R024,Inbound,Closed Lost,13400.0,2025-06-16,2025-07-25,2025-Q3,false,true
O03060,A0585,R013,Referral,Closed Won,58100.0,2024-06-11,2024-08-26,2024-Q3,true,true
O03061,A0440,R001,Inbound,Closed Lost,62800.0,2025-10-20,2026-01-19,2026-Q1,false,true
O03062,A0471,R013,Event,Closed Won,75500.0,2025-05-07,2025-07-28,2025-Q3,true,true
O03063,A0455,R006,Inbound,Closed Lost,43000.0,2024-01-03,2024-04-06,2024-Q2,false,true
O03064,A0089,R020,Inbound,Closed Lost,375500.0,2024-04-04,2024-11-15,2024-Q4,false,true
O03065,A0554,R016,Event,Closed Lost,66300.0,2024-06-02,2024-08-23,2024-Q3,false,true
O03066,A0349,R022,Inbound,Closed Lost,12300.0,2024-11-15,2024-12-25,2024-Q4,false,true
O03067,A0431,R004,Partner,Closed Won,46500.0,2024-08-29,2024-10-30,2024-Q4,true,true
O03068,A0122,R018,Inbound,Closed Won,17200.0,2025-10-01,2025-11-16,2025-Q4,true,true
O03069,A0176,R017,Referral,Closed Lost,98100.0,2025-04-27,2025-12-19,2025-Q4,false,true
O03070,A0324,R020,Outbound,Qualification,97800.0,2025-07-09,,2025-Q3,,false
O03071,A0331,R007,Inbound,Closed Lost,44100.0,2024-03-13,2024-06-22,2024-Q2,false,true
O03072,A0538,R005,Outbound,Closed Won,12400.0,2025-07-11,2025-08-28,2025-Q3,true,true
O03073,A0216,R018,Outbound,Closed Won,8300.0,2025-06-10,2025-06-28,2025-Q2,true,true
O03074,A0060,R021,Event,Closed Lost,8500.0,2025-08-17,2025-09-19,2025-Q3,false,true
O03075,A0400,R017,Outbound,Closed Lost,147200.0,2025-02-18,2025-10-06,2025-Q4,false,true
O03076,A0421,R006,Partner,Closed Lost,71400.0,2025-06-21,2025-08-07,2025-Q3,false,true
O03077,A0409,R005,Inbound,Closed Lost,11900.0,2024-06-03,2024-07-02,2024-Q3,false,true
O03078,A0029,R024,Inbound,Closed Lost,11200.0,2024-12-07,2024-12-26,2024-Q4,false,true
O03079,A0581,R024,Event,Closed Lost,12700.0,2025-07-06,2025-08-22,2025-Q3,false,true
O03080,A0101,R021,Referral,Closed Lost,12700.0,2024-05-17,2024-06-01,2024-Q2,false,true
O03081,A0398,R022,Inbound,Closed Lost,3700.0,2024-02-07,2024-02-28,2024-Q1,false,true
O03082,A0151,R019,Inbound,Closed Lost,42000.0,2025-07-22,2025-09-23,2025-Q3,false,true
O03083,A0282,R016,Partner,Prospecting,59000.0,2025-11-09,,2025-Q4,,false
O03084,A0046,R015,Event,Closed Lost,9900.0,2025-05-17,2025-06-20,2025-Q2,false,true
O03085,A0231,R017,Outbound,Closed Won,301000.0,2024-12-12,2025-06-10,2025-Q2,true,true
O03086,A0242,R003,Partner,Closed Lost,24200.0,2024-06-23,2024-09-03,2024-Q3,false,true
O03087,A0326,R014,Outbound,Closed Lost,40200.0,2025-11-23,2026-01-11,2026-Q1,false,true
O03088,A0228,R021,Inbound,Closed Won,15300.0,2024-10-07,2024-12-05,2024-Q4,true,true
O03089,A0522,R021,Inbound,Closed Won,17600.0,2024-08-02,2024-08-22,2024-Q3,true,true
O03090,A0495,R002,Inbound,Proposal,4500.0,2025-10-29,,2025-Q4,,false
O03091,A0051,R006,Partner,Closed Won,79400.0,2025-02-14,2025-06-07,2025-Q2,true,true
O03092,A0403,R021,Outbound,Closed Lost,14200.0,2025-09-08,2025-09-26,2025-Q3,false,true
O03093,A0462,R019,Inbound,Closed Lost,21300.0,2025-04-02,2025-07-24,2025-Q3,false,true
O03094,A0310,R024,Outbound,Closed Won,9400.0,2024-09-30,2024-11-05,2024-Q4,true,true
O03095,A0485,R022,Event,Closed Lost,16700.0,2024-10-27,2024-11-11,2024-Q4,false,true
O03096,A0434,R013,Inbound,Closed Won,22100.0,2024-11-01,2024-12-18,2024-Q4,true,true
O03097,A0327,R020,Inbound,Closed Lost,241900.0,2024-08-11,2025-03-16,2025-Q1,false,true
O03098,A0597,R018,Referral,Closed Won,13600.0,2025-01-09,2025-02-20,2025-Q1,true,true
O03099,A0151,R023,Outbound,Closed Lost,24500.0,2025-03-25,2025-06-07,2025-Q2,false,true
O03100,A0214,R017,Outbound,Closed Lost,345600.0,2024-05-19,2025-01-08,2025-Q1,false,true
O03101,A0312,R017,Event,Closed Won,136000.0,2024-08-20,2025-01-15,2025-Q1,true,true
O03102,A0382,R005,Inbound,Closed Won,12400.0,2025-07-17,2025-08-22,2025-Q3,true,true
O03103,A0444,R015,Event,Closed Won,16700.0,2024-01-25,2024-03-08,2024-Q1,true,true
O03104,A0483,R011,Partner,Closed Lost,13900.0,2025-02-02,2025-02-27,2025-Q1,false,true
O03105,A0366,R016,Partner,Closed Lost,75100.0,2024-10-17,2024-12-11,2024-Q4,false,true
O03106,A0118,R015,Inbound,Closed Won,3000.0,2024-03-06,2024-04-17,2024-Q2,true,true
O03107,A0170,R017,Partner,Closed Lost,209400.0,2025-06-09,2025-10-01,2025-Q4,false,true
O03108,A0294,R005,Outbound,Closed Lost,15600.0,2024-08-21,2024-09-23,2024-Q3,false,true
O03109,A0060,R022,Outbound,Closed Lost,6100.0,2024-09-18,2024-11-06,2024-Q4,false,true
O03110,A0027,R008,Inbound,Closed Lost,15900.0,2025-08-28,2025-10-27,2025-Q4,false,true
O03111,A0248,R006,Outbound,Closed Lost,44300.0,2024-01-30,2024-04-03,2024-Q2,false,true
O03112,A0031,R019,Outbound,Negotiation,41800.0,2025-10-23,,2025-Q4,,false
O03113,A0464,R020,Referral,Closed Lost,396800.0,2024-05-06,2024-11-08,2024-Q4,false,true
O03114,A0002,R017,Event,Closed Lost,372900.0,2024-11-16,2025-05-25,2025-Q2,false,true
O03115,A0033,R008,Inbound,Closed Lost,13200.0,2024-05-11,2024-06-02,2024-Q2,false,true
O03116,A0558,R001,Outbound,Closed Lost,63000.0,2024-03-15,2024-05-25,2024-Q2,false,true
O03117,A0432,R014,Outbound,Closed Lost,23800.0,2025-01-01,2025-02-17,2025-Q1,false,true
O03118,A0336,R008,Inbound,Closed Lost,7100.0,2025-10-12,2025-11-14,2025-Q4,false,true
O03119,A0028,R022,Inbound,Closed Lost,6700.0,2024-06-17,2024-07-14,2024-Q3,false,true
O03120,A0312,R020,Event,Closed Won,362100.0,2025-01-04,2025-07-24,2025-Q3,true,true
O03121,A0054,R003,Outbound,Closed Lost,33300.0,2025-07-16,2025-10-18,2025-Q4,false,true
O03122,A0069,R019,Event,Closed Lost,63600.0,2025-08-21,2025-11-19,2025-Q4,false,true
O03123,A0343,R012,Outbound,Closed Lost,12600.0,2025-08-19,2025-09-12,2025-Q3,false,true
O03124,A0270,R017,Referral,Closed Lost,88400.0,2024-11-01,2025-02-10,2025-Q1,false,true
O03125,A0561,R020,Inbound,Closed Lost,317700.0,2024-01-03,2024-05-17,2024-Q2,false,true
O03126,A0214,R020,Inbound,Closed Lost,360000.0,2024-10-22,2025-03-26,2025-Q1,false,true
O03127,A0547,R016,Inbound,Closed Lost,18000.0,2024-08-22,2024-12-18,2024-Q4,false,true
O03128,A0240,R005,Partner,Closed Lost,7100.0,2024-09-15,2024-10-22,2024-Q4,false,true
O03129,A0383,R020,Inbound,Closed Won,345400.0,2024-10-26,2025-06-21,2025-Q2,true,true
O03130,A0267,R022,Inbound,Closed Lost,10800.0,2025-04-13,2025-05-30,2025-Q2,false,true
O03131,A0066,R017,Inbound,Closed Lost,84500.0,2024-01-09,2024-06-21,2024-Q2,false,true
O03132,A0508,R023,Partner,Closed Won,23900.0,2025-03-21,2025-06-28,2025-Q2,true,true
O03133,A0383,R017,Referral,Closed Lost,311400.0,2024-03-02,2024-06-25,2024-Q2,false,true
O03134,A0088,R020,Inbound,Closed Won,107000.0,2024-07-30,2025-03-26,2025-Q1,true,true
O03135,A0235,R015,Referral,Closed Lost,9200.0,2025-05-07,2025-06-24,2025-Q2,false,true
O03136,A0016,R018,Outbound,Closed Won,11200.0,2025-07-15,2025-08-02,2025-Q3,true,true
O03137,A0416,R024,Event,Closed Won,9300.0,2025-06-21,2025-07-25,2025-Q3,true,true
O03138,A0055,R020,Event,Closed Won,288500.0,2025-10-19,2026-06-06,2026-Q2,true,true
O03139,A0203,R009,Partner,Closed Won,17100.0,2024-03-14,2024-04-20,2024-Q2,true,true
O03140,A0013,R015,Referral,Closed Won,5800.0,2024-02-04,2024-02-21,2024-Q1,true,true
O03141,A0443,R012,Event,Qualification,17100.0,2025-10-24,,2025-Q4,,false
O03142,A0173,R020,Outbound,Closed Won,172600.0,2024-04-07,2024-07-30,2024-Q3,true,true
O03143,A0492,R002,Outbound,Closed Won,4100.0,2024-04-15,2024-05-19,2024-Q2,true,true
O03144,A0146,R001,Event,Closed Won,44300.0,2024-04-07,2024-07-12,2024-Q3,true,true
O03145,A0532,R004,Inbound,Closed Lost,70900.0,2024-05-11,2024-07-12,2024-Q3,false,true
O03146,A0328,R009,Outbound,Closed Won,5800.0,2025-08-24,2025-09-15,2025-Q3,true,true
O03147,A0144,R017,Inbound,Closed Won,352100.0,2024-04-07,2024-07-17,2024-Q3,true,true
O03148,A0548,R011,Partner,Closed Won,11600.0,2024-08-02,2024-08-30,2024-Q3,true,true
O03149,A0373,R008,Inbound,Closed Won,17300.0,2025-06-13,2025-07-21,2025-Q3,true,true
O03150,A0250,R022,Inbound,Closed Lost,15500.0,2024-09-17,2024-10-22,2024-Q4,false,true
O03151,A0130,R009,Event,Closed Won,10500.0,2024-11-07,2024-12-02,2024-Q4,true,true
O03152,A0454,R015,Outbound,Closed Lost,7000.0,2024-01-06,2024-01-31,2024-Q1,false,true
O03153,A0275,R008,Inbound,Closed Lost,15200.0,2024-02-25,2024-04-25,2024-Q2,false,true
O03154,A0465,R024,Outbound,Proposal,12400.0,2025-11-17,,2025-Q4,,false
O03155,A0370,R008,Event,Closed Lost,15500.0,2025-09-28,2025-11-11,2025-Q4,false,true
O03156,A0095,R012,Event,Closed Lost,17700.0,2024-06-30,2024-08-07,2024-Q3,false,true
O03157,A0577,R005,Inbound,Closed Lost,14500.0,2024-09-30,2024-11-14,2024-Q4,false,true
O03158,A0253,R024,Inbound,Closed Lost,12300.0,2025-06-07,2025-06-24,2025-Q2,false,true
O03159,A0273,R018,Partner,Closed Lost,6700.0,2025-01-13,2025-02-10,2025-Q1,false,true
O03160,A0164,R007,Partner,Closed Lost,75300.0,2025-03-28,2025-06-15,2025-Q2,false,true
O03161,A0239,R010,Referral,Closed Lost,54000.0,2024-08-01,2024-11-25,2024-Q4,false,true
O03162,A0131,R023,Inbound,Closed Lost,73100.0,2025-08-13,2025-12-06,2025-Q4,false,true
O03163,A0208,R015,Outbound,Closed Won,5300.0,2025-05-20,2025-07-10,2025-Q3,true,true
O03164,A0161,R024,Inbound,Closed Lost,13500.0,2025-04-13,2025-06-07,2025-Q2,false,true
O03165,A0561,R017,Outbound,Closed Lost,148000.0,2024-11-27,2025-05-05,2025-Q2,false,true
O03166,A0337,R021,Event,Closed Won,13000.0,2025-03-15,2025-04-13,2025-Q2,true,true
O03167,A0403,R021,Inbound,Closed Lost,11500.0,2024-05-30,2024-07-01,2024-Q3,false,true
O03168,A0560,R024,Partner,Closed Lost,4400.0,2024-03-20,2024-04-29,2024-Q2,false,true
O03169,A0513,R017,Inbound,Closed Lost,367000.0,2024-04-13,2024-10-20,2024-Q4,false,true
O03170,A0473,R005,Outbound,Closed Lost,3300.0,2024-01-30,2024-02-28,2024-Q1,false,true
O03171,A0389,R001,Referral,Closed Lost,66100.0,2025-04-27,2025-07-02,2025-Q3,false,true
O03172,A0281,R021,Referral,Closed Lost,15200.0,2025-09-20,2025-10-31,2025-Q4,false,true
O03173,A0020,R016,Inbound,Closed Lost,63400.0,2024-05-23,2024-08-25,2024-Q3,false,true
O03174,A0126,R020,Event,Closed Lost,269500.0,2025-02-11,2025-07-01,2025-Q3,false,true
O03175,A0407,R004,Referral,Closed Lost,70000.0,2024-11-27,2025-02-15,2025-Q1,false,true
O03176,A0169,R015,Event,Closed Won,14300.0,2024-10-30,2024-12-05,2024-Q4,true,true
O03177,A0112,R018,Event,Closed Lost,15900.0,2024-05-22,2024-07-12,2024-Q3,false,true
O03178,A0012,R009,Inbound,Closed Lost,6900.0,2025-02-08,2025-03-30,2025-Q1,false,true
O03179,A0113,R017,Partner,Qualification,304800.0,2025-10-19,,2025-Q4,,false
O03180,A0463,R023,Inbound,Closed Lost,60300.0,2024-01-27,2024-05-03,2024-Q2,false,true
O03181,A0226,R022,Inbound,Closed Lost,4600.0,2024-04-23,2024-05-09,2024-Q2,false,true
O03182,A0585,R001,Outbound,Closed Won,66100.0,2024-04-26,2024-07-31,2024-Q3,true,true
O03183,A0600,R002,Inbound,Closed Won,6400.0,2024-03-24,2024-04-19,2024-Q2,true,true
O03184,A0488,R023,Partner,Closed Won,58700.0,2025-03-05,2025-06-19,2025-Q2,true,true
O03185,A0547,R003,Partner,Closed Lost,69200.0,2024-10-15,2024-12-04,2024-Q4,false,true
O03186,A0091,R002,Inbound,Closed Won,10400.0,2024-03-13,2024-04-23,2024-Q2,true,true
O03187,A0258,R017,Partner,Closed Lost,83300.0,2024-04-16,2024-10-25,2024-Q4,false,true
O03188,A0086,R002,Event,Closed Lost,12800.0,2024-02-18,2024-03-22,2024-Q1,false,true
O03189,A0040,R008,Outbound,Closed Lost,15500.0,2025-06-26,2025-08-14,2025-Q3,false,true
O03190,A0122,R015,Partner,Closed Won,14200.0,2025-07-11,2025-07-27,2025-Q3,true,true
O03191,A0041,R009,Inbound,Closed Lost,4800.0,2024-10-25,2024-11-17,2024-Q4,false,true
O03192,A0514,R012,Inbound,Closed Won,6900.0,2024-11-05,2024-12-24,2024-Q4,true,true
O03193,A0327,R017,Referral,Closed Lost,99600.0,2024-03-17,2024-10-01,2024-Q4,false,true
O03194,A0099,R014,Inbound,Closed Lost,30700.0,2025-08-28,2025-10-24,2025-Q4,false,true
O03195,A0332,R020,Event,Closed Won,333000.0,2024-04-11,2024-08-01,2024-Q3,true,true
O03196,A0101,R022,Inbound,Closed Lost,16900.0,2025-11-29,2026-01-01,2026-Q1,false,true
O03197,A0476,R024,Event,Closed Lost,17600.0,2024-01-05,2024-01-29,2024-Q1,false,true
O03198,A0091,R011,Event,Closed Lost,5000.0,2024-04-04,2024-04-25,2024-Q2,false,true
O03199,A0307,R012,Referral,Closed Won,17000.0,2024-05-19,2024-07-03,2024-Q3,true,true
O03200,A0219,R013,Event,Closed Lost,40800.0,2025-05-02,2025-08-20,2025-Q3,false,true
